source name	characteristics[sample name]	characteristics[organism]	characteristics[organism part]	characteristics[cell type]	characteristics[disease]	characteristics[project name]	characteristics[environmental medium]	characteristics[geographic location]	characteristics[collection date]	characteristics[microbiome source]	characteristics[sample storage]	characteristics[treatment]	characteristics[biological replicate]	assay name	technology type	comment[instrument]	comment[label]	comment[modification parameters]	comment[modification parameters]	comment[modification parameters]	comment[cleavage agent details]	comment[reduction reagent]	comment[alkylation reagent]	comment[proteomics data acquisition method]	comment[dissociation method]	comment[collision energy]	comment[precursor mass tolerance]	comment[fragment mass tolerance]	comment[fraction identifier]	comment[technical replicate]	comment[data file]	comment[sdrf version]	comment[sdrf template]	comment[sdrf template]	comment[sdrf template]	comment[sdrf annotation tool]	factor value[treatment]
ABF_1	ABF_1	pig gut metagenome	caecum	not applicable	normal	JPST001878	intestine environment	Chon Buri Province	not available	pig cecal microbiome	-80C	antibiotic-free rearing	1	ABF group_1_RC4_01_24000	proteomic profiling by mass spectrometry	NT=impact II;AC=MS:1002666	NT=label free sample;AC=MS:1002038	NT=Carbamidomethyl;AC=UNIMOD:4;TA=C;MT=Fixed	NT=Oxidation;AC=UNIMOD:35;TA=M;MT=Variable	NT=Acetyl;AC=UNIMOD:1;PP=Protein N-term;MT=Variable	NT=Trypsin;AC=MS:1001251	NT=Dithiothreitol (DTT);AC=PRIDE:0000608	NT=Iodoacetamide (IAA);AC=PRIDE:0000599	NT=Data-dependent acquisition;AC=PRIDE:0000627	NT=collision-induced dissociation;AC=MS:1000133	10 eV	0.6 Da	0.6 Da	1	1	ABF group_1_RC4_01_24000.mzXML	v1.1.0	NT=ms-proteomics;VV=v1.1.0	NT=metaproteomics;VV=v1.0.0	NT=clinical-metadata;VV=v1.0.0	manual curation	antibiotic-free rearing
ABF_1	ABF_1	pig gut metagenome	caecum	not applicable	normal	JPST001878	intestine environment	Chon Buri Province	not available	pig cecal microbiome	-80C	antibiotic-free rearing	1	ABF group_1_RC4_01_24001	proteomic profiling by mass spectrometry	NT=impact II;AC=MS:1002666	NT=label free sample;AC=MS:1002038	NT=Carbamidomethyl;AC=UNIMOD:4;TA=C;MT=Fixed	NT=Oxidation;AC=UNIMOD:35;TA=M;MT=Variable	NT=Acetyl;AC=UNIMOD:1;PP=Protein N-term;MT=Variable	NT=Trypsin;AC=MS:1001251	NT=Dithiothreitol (DTT);AC=PRIDE:0000608	NT=Iodoacetamide (IAA);AC=PRIDE:0000599	NT=Data-dependent acquisition;AC=PRIDE:0000627	NT=collision-induced dissociation;AC=MS:1000133	10 eV	0.6 Da	0.6 Da	1	2	ABF group_1_RC4_01_24001.mzXML	v1.1.0	NT=ms-proteomics;VV=v1.1.0	NT=metaproteomics;VV=v1.0.0	NT=clinical-metadata;VV=v1.0.0	manual curation	antibiotic-free rearing
ABF_1	ABF_1	pig gut metagenome	caecum	not applicable	normal	JPST001878	intestine environment	Chon Buri Province	not available	pig cecal microbiome	-80C	antibiotic-free rearing	1	ABF group_1_RC4_01_24002	proteomic profiling by mass spectrometry	NT=impact II;AC=MS:1002666	NT=label free sample;AC=MS:1002038	NT=Carbamidomethyl;AC=UNIMOD:4;TA=C;MT=Fixed	NT=Oxidation;AC=UNIMOD:35;TA=M;MT=Variable	NT=Acetyl;AC=UNIMOD:1;PP=Protein N-term;MT=Variable	NT=Trypsin;AC=MS:1001251	NT=Dithiothreitol (DTT);AC=PRIDE:0000608	NT=Iodoacetamide (IAA);AC=PRIDE:0000599	NT=Data-dependent acquisition;AC=PRIDE:0000627	NT=collision-induced dissociation;AC=MS:1000133	10 eV	0.6 Da	0.6 Da	1	3	ABF group_1_RC4_01_24002.mzXML	v1.1.0	NT=ms-proteomics;VV=v1.1.0	NT=metaproteomics;VV=v1.0.0	NT=clinical-metadata;VV=v1.0.0	manual curation	antibiotic-free rearing
ABF_2	ABF_2	pig gut metagenome	caecum	not applicable	normal	JPST001878	intestine environment	Chon Buri Province	not available	pig cecal microbiome	-80C	antibiotic-free rearing	1	ABF group_2_RC5_01_24003	proteomic profiling by mass spectrometry	NT=impact II;AC=MS:1002666	NT=label free sample;AC=MS:1002038	NT=Carbamidomethyl;AC=UNIMOD:4;TA=C;MT=Fixed	NT=Oxidation;AC=UNIMOD:35;TA=M;MT=Variable	NT=Acetyl;AC=UNIMOD:1;PP=Protein N-term;MT=Variable	NT=Trypsin;AC=MS:1001251	NT=Dithiothreitol (DTT);AC=PRIDE:0000608	NT=Iodoacetamide (IAA);AC=PRIDE:0000599	NT=Data-dependent acquisition;AC=PRIDE:0000627	NT=collision-induced dissociation;AC=MS:1000133	10 eV	0.6 Da	0.6 Da	1	1	ABF group_2_RC5_01_24003.mzXML	v1.1.0	NT=ms-proteomics;VV=v1.1.0	NT=metaproteomics;VV=v1.0.0	NT=clinical-metadata;VV=v1.0.0	manual curation	antibiotic-free rearing
ABF_2	ABF_2	pig gut metagenome	caecum	not applicable	normal	JPST001878	intestine environment	Chon Buri Province	not available	pig cecal microbiome	-80C	antibiotic-free rearing	1	ABF group_2_RC5_01_24004	proteomic profiling by mass spectrometry	NT=impact II;AC=MS:1002666	NT=label free sample;AC=MS:1002038	NT=Carbamidomethyl;AC=UNIMOD:4;TA=C;MT=Fixed	NT=Oxidation;AC=UNIMOD:35;TA=M;MT=Variable	NT=Acetyl;AC=UNIMOD:1;PP=Protein N-term;MT=Variable	NT=Trypsin;AC=MS:1001251	NT=Dithiothreitol (DTT);AC=PRIDE:0000608	NT=Iodoacetamide (IAA);AC=PRIDE:0000599	NT=Data-dependent acquisition;AC=PRIDE:0000627	NT=collision-induced dissociation;AC=MS:1000133	10 eV	0.6 Da	0.6 Da	1	2	ABF group_2_RC5_01_24004.mzXML	v1.1.0	NT=ms-proteomics;VV=v1.1.0	NT=metaproteomics;VV=v1.0.0	NT=clinical-metadata;VV=v1.0.0	manual curation	antibiotic-free rearing
ABF_2	ABF_2	pig gut metagenome	caecum	not applicable	normal	JPST001878	intestine environment	Chon Buri Province	not available	pig cecal microbiome	-80C	antibiotic-free rearing	1	ABF group_2_RC5_01_24005	proteomic profiling by mass spectrometry	NT=impact II;AC=MS:1002666	NT=label free sample;AC=MS:1002038	NT=Carbamidomethyl;AC=UNIMOD:4;TA=C;MT=Fixed	NT=Oxidation;AC=UNIMOD:35;TA=M;MT=Variable	NT=Acetyl;AC=UNIMOD:1;PP=Protein N-term;MT=Variable	NT=Trypsin;AC=MS:1001251	NT=Dithiothreitol (DTT);AC=PRIDE:0000608	NT=Iodoacetamide (IAA);AC=PRIDE:0000599	NT=Data-dependent acquisition;AC=PRIDE:0000627	NT=collision-induced dissociation;AC=MS:1000133	10 eV	0.6 Da	0.6 Da	1	3	ABF group_2_RC5_01_24005.mzXML	v1.1.0	NT=ms-proteomics;VV=v1.1.0	NT=metaproteomics;VV=v1.0.0	NT=clinical-metadata;VV=v1.0.0	manual curation	antibiotic-free rearing
ABF_3	ABF_3	pig gut metagenome	caecum	not applicable	normal	JPST001878	intestine environment	Chon Buri Province	not available	pig cecal microbiome	-80C	antibiotic-free rearing	1	ABF group_3_RC6_01_24006	proteomic profiling by mass spectrometry	NT=impact II;AC=MS:1002666	NT=label free sample;AC=MS:1002038	NT=Carbamidomethyl;AC=UNIMOD:4;TA=C;MT=Fixed	NT=Oxidation;AC=UNIMOD:35;TA=M;MT=Variable	NT=Acetyl;AC=UNIMOD:1;PP=Protein N-term;MT=Variable	NT=Trypsin;AC=MS:1001251	NT=Dithiothreitol (DTT);AC=PRIDE:0000608	NT=Iodoacetamide (IAA);AC=PRIDE:0000599	NT=Data-dependent acquisition;AC=PRIDE:0000627	NT=collision-induced dissociation;AC=MS:1000133	10 eV	0.6 Da	0.6 Da	1	1	ABF group_3_RC6_01_24006.mzXML	v1.1.0	NT=ms-proteomics;VV=v1.1.0	NT=metaproteomics;VV=v1.0.0	NT=clinical-metadata;VV=v1.0.0	manual curation	antibiotic-free rearing
ABF_3	ABF_3	pig gut metagenome	caecum	not applicable	normal	JPST001878	intestine environment	Chon Buri Province	not available	pig cecal microbiome	-80C	antibiotic-free rearing	1	ABF group_3_RC6_01_24007	proteomic profiling by mass spectrometry	NT=impact II;AC=MS:1002666	NT=label free sample;AC=MS:1002038	NT=Carbamidomethyl;AC=UNIMOD:4;TA=C;MT=Fixed	NT=Oxidation;AC=UNIMOD:35;TA=M;MT=Variable	NT=Acetyl;AC=UNIMOD:1;PP=Protein N-term;MT=Variable	NT=Trypsin;AC=MS:1001251	NT=Dithiothreitol (DTT);AC=PRIDE:0000608	NT=Iodoacetamide (IAA);AC=PRIDE:0000599	NT=Data-dependent acquisition;AC=PRIDE:0000627	NT=collision-induced dissociation;AC=MS:1000133	10 eV	0.6 Da	0.6 Da	1	2	ABF group_3_RC6_01_24007.mzXML	v1.1.0	NT=ms-proteomics;VV=v1.1.0	NT=metaproteomics;VV=v1.0.0	NT=clinical-metadata;VV=v1.0.0	manual curation	antibiotic-free rearing
ABF_3	ABF_3	pig gut metagenome	caecum	not applicable	normal	JPST001878	intestine environment	Chon Buri Province	not available	pig cecal microbiome	-80C	antibiotic-free rearing	1	ABF group_3_RC6_01_24008	proteomic profiling by mass spectrometry	NT=impact II;AC=MS:1002666	NT=label free sample;AC=MS:1002038	NT=Carbamidomethyl;AC=UNIMOD:4;TA=C;MT=Fixed	NT=Oxidation;AC=UNIMOD:35;TA=M;MT=Variable	NT=Acetyl;AC=UNIMOD:1;PP=Protein N-term;MT=Variable	NT=Trypsin;AC=MS:1001251	NT=Dithiothreitol (DTT);AC=PRIDE:0000608	NT=Iodoacetamide (IAA);AC=PRIDE:0000599	NT=Data-dependent acquisition;AC=PRIDE:0000627	NT=collision-induced dissociation;AC=MS:1000133	10 eV	0.6 Da	0.6 Da	1	3	ABF group_3_RC6_01_24008.mzXML	v1.1.0	NT=ms-proteomics;VV=v1.1.0	NT=metaproteomics;VV=v1.0.0	NT=clinical-metadata;VV=v1.0.0	manual curation	antibiotic-free rearing
ABF_4	ABF_4	pig gut metagenome	caecum	not applicable	normal	JPST001878	intestine environment	Chon Buri Province	not available	pig cecal microbiome	-80C	antibiotic-free rearing	1	ABF group_4_RC7_01_24010	proteomic profiling by mass spectrometry	NT=impact II;AC=MS:1002666	NT=label free sample;AC=MS:1002038	NT=Carbamidomethyl;AC=UNIMOD:4;TA=C;MT=Fixed	NT=Oxidation;AC=UNIMOD:35;TA=M;MT=Variable	NT=Acetyl;AC=UNIMOD:1;PP=Protein N-term;MT=Variable	NT=Trypsin;AC=MS:1001251	NT=Dithiothreitol (DTT);AC=PRIDE:0000608	NT=Iodoacetamide (IAA);AC=PRIDE:0000599	NT=Data-dependent acquisition;AC=PRIDE:0000627	NT=collision-induced dissociation;AC=MS:1000133	10 eV	0.6 Da	0.6 Da	1	1	ABF group_4_RC7_01_24010.mzXML	v1.1.0	NT=ms-proteomics;VV=v1.1.0	NT=metaproteomics;VV=v1.0.0	NT=clinical-metadata;VV=v1.0.0	manual curation	antibiotic-free rearing
ABF_4	ABF_4	pig gut metagenome	caecum	not applicable	normal	JPST001878	intestine environment	Chon Buri Province	not available	pig cecal microbiome	-80C	antibiotic-free rearing	1	ABF group_4_RC7_01_24011	proteomic profiling by mass spectrometry	NT=impact II;AC=MS:1002666	NT=label free sample;AC=MS:1002038	NT=Carbamidomethyl;AC=UNIMOD:4;TA=C;MT=Fixed	NT=Oxidation;AC=UNIMOD:35;TA=M;MT=Variable	NT=Acetyl;AC=UNIMOD:1;PP=Protein N-term;MT=Variable	NT=Trypsin;AC=MS:1001251	NT=Dithiothreitol (DTT);AC=PRIDE:0000608	NT=Iodoacetamide (IAA);AC=PRIDE:0000599	NT=Data-dependent acquisition;AC=PRIDE:0000627	NT=collision-induced dissociation;AC=MS:1000133	10 eV	0.6 Da	0.6 Da	1	2	ABF group_4_RC7_01_24011.mzXML	v1.1.0	NT=ms-proteomics;VV=v1.1.0	NT=metaproteomics;VV=v1.0.0	NT=clinical-metadata;VV=v1.0.0	manual curation	antibiotic-free rearing
ABF_4	ABF_4	pig gut metagenome	caecum	not applicable	normal	JPST001878	intestine environment	Chon Buri Province	not available	pig cecal microbiome	-80C	antibiotic-free rearing	1	ABF group_4_RC7_01_24012	proteomic profiling by mass spectrometry	NT=impact II;AC=MS:1002666	NT=label free sample;AC=MS:1002038	NT=Carbamidomethyl;AC=UNIMOD:4;TA=C;MT=Fixed	NT=Oxidation;AC=UNIMOD:35;TA=M;MT=Variable	NT=Acetyl;AC=UNIMOD:1;PP=Protein N-term;MT=Variable	NT=Trypsin;AC=MS:1001251	NT=Dithiothreitol (DTT);AC=PRIDE:0000608	NT=Iodoacetamide (IAA);AC=PRIDE:0000599	NT=Data-dependent acquisition;AC=PRIDE:0000627	NT=collision-induced dissociation;AC=MS:1000133	10 eV	0.6 Da	0.6 Da	1	3	ABF group_4_RC7_01_24012.mzXML	v1.1.0	NT=ms-proteomics;VV=v1.1.0	NT=metaproteomics;VV=v1.0.0	NT=clinical-metadata;VV=v1.0.0	manual curation	antibiotic-free rearing
ABF_5	ABF_5	pig gut metagenome	caecum	not applicable	normal	JPST001878	intestine environment	Chon Buri Province	not available	pig cecal microbiome	-80C	antibiotic-free rearing	1	ABF group_5_RC8_01_24013	proteomic profiling by mass spectrometry	NT=impact II;AC=MS:1002666	NT=label free sample;AC=MS:1002038	NT=Carbamidomethyl;AC=UNIMOD:4;TA=C;MT=Fixed	NT=Oxidation;AC=UNIMOD:35;TA=M;MT=Variable	NT=Acetyl;AC=UNIMOD:1;PP=Protein N-term;MT=Variable	NT=Trypsin;AC=MS:1001251	NT=Dithiothreitol (DTT);AC=PRIDE:0000608	NT=Iodoacetamide (IAA);AC=PRIDE:0000599	NT=Data-dependent acquisition;AC=PRIDE:0000627	NT=collision-induced dissociation;AC=MS:1000133	10 eV	0.6 Da	0.6 Da	1	1	ABF group_5_RC8_01_24013.mzXML	v1.1.0	NT=ms-proteomics;VV=v1.1.0	NT=metaproteomics;VV=v1.0.0	NT=clinical-metadata;VV=v1.0.0	manual curation	antibiotic-free rearing
ABF_5	ABF_5	pig gut metagenome	caecum	not applicable	normal	JPST001878	intestine environment	Chon Buri Province	not available	pig cecal microbiome	-80C	antibiotic-free rearing	1	ABF group_5_RC8_01_24014	proteomic profiling by mass spectrometry	NT=impact II;AC=MS:1002666	NT=label free sample;AC=MS:1002038	NT=Carbamidomethyl;AC=UNIMOD:4;TA=C;MT=Fixed	NT=Oxidation;AC=UNIMOD:35;TA=M;MT=Variable	NT=Acetyl;AC=UNIMOD:1;PP=Protein N-term;MT=Variable	NT=Trypsin;AC=MS:1001251	NT=Dithiothreitol (DTT);AC=PRIDE:0000608	NT=Iodoacetamide (IAA);AC=PRIDE:0000599	NT=Data-dependent acquisition;AC=PRIDE:0000627	NT=collision-induced dissociation;AC=MS:1000133	10 eV	0.6 Da	0.6 Da	1	2	ABF group_5_RC8_01_24014.mzXML	v1.1.0	NT=ms-proteomics;VV=v1.1.0	NT=metaproteomics;VV=v1.0.0	NT=clinical-metadata;VV=v1.0.0	manual curation	antibiotic-free rearing
ABF_5	ABF_5	pig gut metagenome	caecum	not applicable	normal	JPST001878	intestine environment	Chon Buri Province	not available	pig cecal microbiome	-80C	antibiotic-free rearing	1	ABF group_5_RC8_01_24015	proteomic profiling by mass spectrometry	NT=impact II;AC=MS:1002666	NT=label free sample;AC=MS:1002038	NT=Carbamidomethyl;AC=UNIMOD:4;TA=C;MT=Fixed	NT=Oxidation;AC=UNIMOD:35;TA=M;MT=Variable	NT=Acetyl;AC=UNIMOD:1;PP=Protein N-term;MT=Variable	NT=Trypsin;AC=MS:1001251	NT=Dithiothreitol (DTT);AC=PRIDE:0000608	NT=Iodoacetamide (IAA);AC=PRIDE:0000599	NT=Data-dependent acquisition;AC=PRIDE:0000627	NT=collision-induced dissociation;AC=MS:1000133	10 eV	0.6 Da	0.6 Da	1	3	ABF group_5_RC8_01_24015.mzXML	v1.1.0	NT=ms-proteomics;VV=v1.1.0	NT=metaproteomics;VV=v1.0.0	NT=clinical-metadata;VV=v1.0.0	manual curation	antibiotic-free rearing
ABF_6	ABF_6	pig gut metagenome	caecum	not applicable	normal	JPST001878	intestine environment	Chon Buri Province	not available	pig cecal microbiome	-80C	antibiotic-free rearing	1	ABF group_6_RD1_01_24016	proteomic profiling by mass spectrometry	NT=impact II;AC=MS:1002666	NT=label free sample;AC=MS:1002038	NT=Carbamidomethyl;AC=UNIMOD:4;TA=C;MT=Fixed	NT=Oxidation;AC=UNIMOD:35;TA=M;MT=Variable	NT=Acetyl;AC=UNIMOD:1;PP=Protein N-term;MT=Variable	NT=Trypsin;AC=MS:1001251	NT=Dithiothreitol (DTT);AC=PRIDE:0000608	NT=Iodoacetamide (IAA);AC=PRIDE:0000599	NT=Data-dependent acquisition;AC=PRIDE:0000627	NT=collision-induced dissociation;AC=MS:1000133	10 eV	0.6 Da	0.6 Da	1	1	ABF group_6_RD1_01_24016.mzXML	v1.1.0	NT=ms-proteomics;VV=v1.1.0	NT=metaproteomics;VV=v1.0.0	NT=clinical-metadata;VV=v1.0.0	manual curation	antibiotic-free rearing
ABF_6	ABF_6	pig gut metagenome	caecum	not applicable	normal	JPST001878	intestine environment	Chon Buri Province	not available	pig cecal microbiome	-80C	antibiotic-free rearing	1	ABF group_6_RD1_01_24017	proteomic profiling by mass spectrometry	NT=impact II;AC=MS:1002666	NT=label free sample;AC=MS:1002038	NT=Carbamidomethyl;AC=UNIMOD:4;TA=C;MT=Fixed	NT=Oxidation;AC=UNIMOD:35;TA=M;MT=Variable	NT=Acetyl;AC=UNIMOD:1;PP=Protein N-term;MT=Variable	NT=Trypsin;AC=MS:1001251	NT=Dithiothreitol (DTT);AC=PRIDE:0000608	NT=Iodoacetamide (IAA);AC=PRIDE:0000599	NT=Data-dependent acquisition;AC=PRIDE:0000627	NT=collision-induced dissociation;AC=MS:1000133	10 eV	0.6 Da	0.6 Da	1	2	ABF group_6_RD1_01_24017.mzXML	v1.1.0	NT=ms-proteomics;VV=v1.1.0	NT=metaproteomics;VV=v1.0.0	NT=clinical-metadata;VV=v1.0.0	manual curation	antibiotic-free rearing
ABF_6	ABF_6	pig gut metagenome	caecum	not applicable	normal	JPST001878	intestine environment	Chon Buri Province	not available	pig cecal microbiome	-80C	antibiotic-free rearing	1	ABF group_6_RD1_01_24018	proteomic profiling by mass spectrometry	NT=impact II;AC=MS:1002666	NT=label free sample;AC=MS:1002038	NT=Carbamidomethyl;AC=UNIMOD:4;TA=C;MT=Fixed	NT=Oxidation;AC=UNIMOD:35;TA=M;MT=Variable	NT=Acetyl;AC=UNIMOD:1;PP=Protein N-term;MT=Variable	NT=Trypsin;AC=MS:1001251	NT=Dithiothreitol (DTT);AC=PRIDE:0000608	NT=Iodoacetamide (IAA);AC=PRIDE:0000599	NT=Data-dependent acquisition;AC=PRIDE:0000627	NT=collision-induced dissociation;AC=MS:1000133	10 eV	0.6 Da	0.6 Da	1	3	ABF group_6_RD1_01_24018.mzXML	v1.1.0	NT=ms-proteomics;VV=v1.1.0	NT=metaproteomics;VV=v1.0.0	NT=clinical-metadata;VV=v1.0.0	manual curation	antibiotic-free rearing
ABF_7	ABF_7	pig gut metagenome	caecum	not applicable	normal	JPST001878	intestine environment	Chon Buri Province	not available	pig cecal microbiome	-80C	antibiotic-free rearing	1	ABF group_7_RD2_01_24020	proteomic profiling by mass spectrometry	NT=impact II;AC=MS:1002666	NT=label free sample;AC=MS:1002038	NT=Carbamidomethyl;AC=UNIMOD:4;TA=C;MT=Fixed	NT=Oxidation;AC=UNIMOD:35;TA=M;MT=Variable	NT=Acetyl;AC=UNIMOD:1;PP=Protein N-term;MT=Variable	NT=Trypsin;AC=MS:1001251	NT=Dithiothreitol (DTT);AC=PRIDE:0000608	NT=Iodoacetamide (IAA);AC=PRIDE:0000599	NT=Data-dependent acquisition;AC=PRIDE:0000627	NT=collision-induced dissociation;AC=MS:1000133	10 eV	0.6 Da	0.6 Da	1	1	ABF group_7_RD2_01_24020.mzXML	v1.1.0	NT=ms-proteomics;VV=v1.1.0	NT=metaproteomics;VV=v1.0.0	NT=clinical-metadata;VV=v1.0.0	manual curation	antibiotic-free rearing
ABF_7	ABF_7	pig gut metagenome	caecum	not applicable	normal	JPST001878	intestine environment	Chon Buri Province	not available	pig cecal microbiome	-80C	antibiotic-free rearing	1	ABF group_7_RD2_01_24021	proteomic profiling by mass spectrometry	NT=impact II;AC=MS:1002666	NT=label free sample;AC=MS:1002038	NT=Carbamidomethyl;AC=UNIMOD:4;TA=C;MT=Fixed	NT=Oxidation;AC=UNIMOD:35;TA=M;MT=Variable	NT=Acetyl;AC=UNIMOD:1;PP=Protein N-term;MT=Variable	NT=Trypsin;AC=MS:1001251	NT=Dithiothreitol (DTT);AC=PRIDE:0000608	NT=Iodoacetamide (IAA);AC=PRIDE:0000599	NT=Data-dependent acquisition;AC=PRIDE:0000627	NT=collision-induced dissociation;AC=MS:1000133	10 eV	0.6 Da	0.6 Da	1	2	ABF group_7_RD2_01_24021.mzXML	v1.1.0	NT=ms-proteomics;VV=v1.1.0	NT=metaproteomics;VV=v1.0.0	NT=clinical-metadata;VV=v1.0.0	manual curation	antibiotic-free rearing
ABF_7	ABF_7	pig gut metagenome	caecum	not applicable	normal	JPST001878	intestine environment	Chon Buri Province	not available	pig cecal microbiome	-80C	antibiotic-free rearing	1	ABF group_7_RD2_01_24022	proteomic profiling by mass spectrometry	NT=impact II;AC=MS:1002666	NT=label free sample;AC=MS:1002038	NT=Carbamidomethyl;AC=UNIMOD:4;TA=C;MT=Fixed	NT=Oxidation;AC=UNIMOD:35;TA=M;MT=Variable	NT=Acetyl;AC=UNIMOD:1;PP=Protein N-term;MT=Variable	NT=Trypsin;AC=MS:1001251	NT=Dithiothreitol (DTT);AC=PRIDE:0000608	NT=Iodoacetamide (IAA);AC=PRIDE:0000599	NT=Data-dependent acquisition;AC=PRIDE:0000627	NT=collision-induced dissociation;AC=MS:1000133	10 eV	0.6 Da	0.6 Da	1	3	ABF group_7_RD2_01_24022.mzXML	v1.1.0	NT=ms-proteomics;VV=v1.1.0	NT=metaproteomics;VV=v1.0.0	NT=clinical-metadata;VV=v1.0.0	manual curation	antibiotic-free rearing
ABF_8	ABF_8	pig gut metagenome	caecum	not applicable	normal	JPST001878	intestine environment	Chon Buri Province	not available	pig cecal microbiome	-80C	antibiotic-free rearing	1	ABF group_8_RD3_01_24023	proteomic profiling by mass spectrometry	NT=impact II;AC=MS:1002666	NT=label free sample;AC=MS:1002038	NT=Carbamidomethyl;AC=UNIMOD:4;TA=C;MT=Fixed	NT=Oxidation;AC=UNIMOD:35;TA=M;MT=Variable	NT=Acetyl;AC=UNIMOD:1;PP=Protein N-term;MT=Variable	NT=Trypsin;AC=MS:1001251	NT=Dithiothreitol (DTT);AC=PRIDE:0000608	NT=Iodoacetamide (IAA);AC=PRIDE:0000599	NT=Data-dependent acquisition;AC=PRIDE:0000627	NT=collision-induced dissociation;AC=MS:1000133	10 eV	0.6 Da	0.6 Da	1	1	ABF group_8_RD3_01_24023.mzXML	v1.1.0	NT=ms-proteomics;VV=v1.1.0	NT=metaproteomics;VV=v1.0.0	NT=clinical-metadata;VV=v1.0.0	manual curation	antibiotic-free rearing
ABF_8	ABF_8	pig gut metagenome	caecum	not applicable	normal	JPST001878	intestine environment	Chon Buri Province	not available	pig cecal microbiome	-80C	antibiotic-free rearing	1	ABF group_8_RD3_01_24024	proteomic profiling by mass spectrometry	NT=impact II;AC=MS:1002666	NT=label free sample;AC=MS:1002038	NT=Carbamidomethyl;AC=UNIMOD:4;TA=C;MT=Fixed	NT=Oxidation;AC=UNIMOD:35;TA=M;MT=Variable	NT=Acetyl;AC=UNIMOD:1;PP=Protein N-term;MT=Variable	NT=Trypsin;AC=MS:1001251	NT=Dithiothreitol (DTT);AC=PRIDE:0000608	NT=Iodoacetamide (IAA);AC=PRIDE:0000599	NT=Data-dependent acquisition;AC=PRIDE:0000627	NT=collision-induced dissociation;AC=MS:1000133	10 eV	0.6 Da	0.6 Da	1	2	ABF group_8_RD3_01_24024.mzXML	v1.1.0	NT=ms-proteomics;VV=v1.1.0	NT=metaproteomics;VV=v1.0.0	NT=clinical-metadata;VV=v1.0.0	manual curation	antibiotic-free rearing
ABF_8	ABF_8	pig gut metagenome	caecum	not applicable	normal	JPST001878	intestine environment	Chon Buri Province	not available	pig cecal microbiome	-80C	antibiotic-free rearing	1	ABF group_8_RD3_01_24025	proteomic profiling by mass spectrometry	NT=impact II;AC=MS:1002666	NT=label free sample;AC=MS:1002038	NT=Carbamidomethyl;AC=UNIMOD:4;TA=C;MT=Fixed	NT=Oxidation;AC=UNIMOD:35;TA=M;MT=Variable	NT=Acetyl;AC=UNIMOD:1;PP=Protein N-term;MT=Variable	NT=Trypsin;AC=MS:1001251	NT=Dithiothreitol (DTT);AC=PRIDE:0000608	NT=Iodoacetamide (IAA);AC=PRIDE:0000599	NT=Data-dependent acquisition;AC=PRIDE:0000627	NT=collision-induced dissociation;AC=MS:1000133	10 eV	0.6 Da	0.6 Da	1	3	ABF group_8_RD3_01_24025.mzXML	v1.1.0	NT=ms-proteomics;VV=v1.1.0	NT=metaproteomics;VV=v1.0.0	NT=clinical-metadata;VV=v1.0.0	manual curation	antibiotic-free rearing
ABF_9	ABF_9	pig gut metagenome	caecum	not applicable	normal	JPST001878	intestine environment	Chon Buri Province	not available	pig cecal microbiome	-80C	antibiotic-free rearing	1	ABF group_9_RD4_01_24026	proteomic profiling by mass spectrometry	NT=impact II;AC=MS:1002666	NT=label free sample;AC=MS:1002038	NT=Carbamidomethyl;AC=UNIMOD:4;TA=C;MT=Fixed	NT=Oxidation;AC=UNIMOD:35;TA=M;MT=Variable	NT=Acetyl;AC=UNIMOD:1;PP=Protein N-term;MT=Variable	NT=Trypsin;AC=MS:1001251	NT=Dithiothreitol (DTT);AC=PRIDE:0000608	NT=Iodoacetamide (IAA);AC=PRIDE:0000599	NT=Data-dependent acquisition;AC=PRIDE:0000627	NT=collision-induced dissociation;AC=MS:1000133	10 eV	0.6 Da	0.6 Da	1	1	ABF group_9_RD4_01_24026.mzXML	v1.1.0	NT=ms-proteomics;VV=v1.1.0	NT=metaproteomics;VV=v1.0.0	NT=clinical-metadata;VV=v1.0.0	manual curation	antibiotic-free rearing
ABF_9	ABF_9	pig gut metagenome	caecum	not applicable	normal	JPST001878	intestine environment	Chon Buri Province	not available	pig cecal microbiome	-80C	antibiotic-free rearing	1	ABF group_9_RD4_01_24027	proteomic profiling by mass spectrometry	NT=impact II;AC=MS:1002666	NT=label free sample;AC=MS:1002038	NT=Carbamidomethyl;AC=UNIMOD:4;TA=C;MT=Fixed	NT=Oxidation;AC=UNIMOD:35;TA=M;MT=Variable	NT=Acetyl;AC=UNIMOD:1;PP=Protein N-term;MT=Variable	NT=Trypsin;AC=MS:1001251	NT=Dithiothreitol (DTT);AC=PRIDE:0000608	NT=Iodoacetamide (IAA);AC=PRIDE:0000599	NT=Data-dependent acquisition;AC=PRIDE:0000627	NT=collision-induced dissociation;AC=MS:1000133	10 eV	0.6 Da	0.6 Da	1	2	ABF group_9_RD4_01_24027.mzXML	v1.1.0	NT=ms-proteomics;VV=v1.1.0	NT=metaproteomics;VV=v1.0.0	NT=clinical-metadata;VV=v1.0.0	manual curation	antibiotic-free rearing
ABF_9	ABF_9	pig gut metagenome	caecum	not applicable	normal	JPST001878	intestine environment	Chon Buri Province	not available	pig cecal microbiome	-80C	antibiotic-free rearing	1	ABF group_9_RD4_01_24028	proteomic profiling by mass spectrometry	NT=impact II;AC=MS:1002666	NT=label free sample;AC=MS:1002038	NT=Carbamidomethyl;AC=UNIMOD:4;TA=C;MT=Fixed	NT=Oxidation;AC=UNIMOD:35;TA=M;MT=Variable	NT=Acetyl;AC=UNIMOD:1;PP=Protein N-term;MT=Variable	NT=Trypsin;AC=MS:1001251	NT=Dithiothreitol (DTT);AC=PRIDE:0000608	NT=Iodoacetamide (IAA);AC=PRIDE:0000599	NT=Data-dependent acquisition;AC=PRIDE:0000627	NT=collision-induced dissociation;AC=MS:1000133	10 eV	0.6 Da	0.6 Da	1	3	ABF group_9_RD4_01_24028.mzXML	v1.1.0	NT=ms-proteomics;VV=v1.1.0	NT=metaproteomics;VV=v1.0.0	NT=clinical-metadata;VV=v1.0.0	manual curation	antibiotic-free rearing
ABF_10	ABF_10	pig gut metagenome	caecum	not applicable	normal	JPST001878	intestine environment	Chon Buri Province	not available	pig cecal microbiome	-80C	antibiotic-free rearing	1	ABF group_10_RD5_01_24030	proteomic profiling by mass spectrometry	NT=impact II;AC=MS:1002666	NT=label free sample;AC=MS:1002038	NT=Carbamidomethyl;AC=UNIMOD:4;TA=C;MT=Fixed	NT=Oxidation;AC=UNIMOD:35;TA=M;MT=Variable	NT=Acetyl;AC=UNIMOD:1;PP=Protein N-term;MT=Variable	NT=Trypsin;AC=MS:1001251	NT=Dithiothreitol (DTT);AC=PRIDE:0000608	NT=Iodoacetamide (IAA);AC=PRIDE:0000599	NT=Data-dependent acquisition;AC=PRIDE:0000627	NT=collision-induced dissociation;AC=MS:1000133	10 eV	0.6 Da	0.6 Da	1	1	ABF group_10_RD5_01_24030.mzXML	v1.1.0	NT=ms-proteomics;VV=v1.1.0	NT=metaproteomics;VV=v1.0.0	NT=clinical-metadata;VV=v1.0.0	manual curation	antibiotic-free rearing
ABF_10	ABF_10	pig gut metagenome	caecum	not applicable	normal	JPST001878	intestine environment	Chon Buri Province	not available	pig cecal microbiome	-80C	antibiotic-free rearing	1	ABF group_10_RD5_01_24031	proteomic profiling by mass spectrometry	NT=impact II;AC=MS:1002666	NT=label free sample;AC=MS:1002038	NT=Carbamidomethyl;AC=UNIMOD:4;TA=C;MT=Fixed	NT=Oxidation;AC=UNIMOD:35;TA=M;MT=Variable	NT=Acetyl;AC=UNIMOD:1;PP=Protein N-term;MT=Variable	NT=Trypsin;AC=MS:1001251	NT=Dithiothreitol (DTT);AC=PRIDE:0000608	NT=Iodoacetamide (IAA);AC=PRIDE:0000599	NT=Data-dependent acquisition;AC=PRIDE:0000627	NT=collision-induced dissociation;AC=MS:1000133	10 eV	0.6 Da	0.6 Da	1	2	ABF group_10_RD5_01_24031.mzXML	v1.1.0	NT=ms-proteomics;VV=v1.1.0	NT=metaproteomics;VV=v1.0.0	NT=clinical-metadata;VV=v1.0.0	manual curation	antibiotic-free rearing
ABF_10	ABF_10	pig gut metagenome	caecum	not applicable	normal	JPST001878	intestine environment	Chon Buri Province	not available	pig cecal microbiome	-80C	antibiotic-free rearing	1	ABF group_10_RD5_01_24032	proteomic profiling by mass spectrometry	NT=impact II;AC=MS:1002666	NT=label free sample;AC=MS:1002038	NT=Carbamidomethyl;AC=UNIMOD:4;TA=C;MT=Fixed	NT=Oxidation;AC=UNIMOD:35;TA=M;MT=Variable	NT=Acetyl;AC=UNIMOD:1;PP=Protein N-term;MT=Variable	NT=Trypsin;AC=MS:1001251	NT=Dithiothreitol (DTT);AC=PRIDE:0000608	NT=Iodoacetamide (IAA);AC=PRIDE:0000599	NT=Data-dependent acquisition;AC=PRIDE:0000627	NT=collision-induced dissociation;AC=MS:1000133	10 eV	0.6 Da	0.6 Da	1	3	ABF group_10_RD5_01_24032.mzXML	v1.1.0	NT=ms-proteomics;VV=v1.1.0	NT=metaproteomics;VV=v1.0.0	NT=clinical-metadata;VV=v1.0.0	manual curation	antibiotic-free rearing
ABF_11	ABF_11	pig gut metagenome	caecum	not applicable	normal	JPST001878	intestine environment	Chon Buri Province	not available	pig cecal microbiome	-80C	antibiotic-free rearing	1	ABF group_11_RD6_01_24033	proteomic profiling by mass spectrometry	NT=impact II;AC=MS:1002666	NT=label free sample;AC=MS:1002038	NT=Carbamidomethyl;AC=UNIMOD:4;TA=C;MT=Fixed	NT=Oxidation;AC=UNIMOD:35;TA=M;MT=Variable	NT=Acetyl;AC=UNIMOD:1;PP=Protein N-term;MT=Variable	NT=Trypsin;AC=MS:1001251	NT=Dithiothreitol (DTT);AC=PRIDE:0000608	NT=Iodoacetamide (IAA);AC=PRIDE:0000599	NT=Data-dependent acquisition;AC=PRIDE:0000627	NT=collision-induced dissociation;AC=MS:1000133	10 eV	0.6 Da	0.6 Da	1	1	ABF group_11_RD6_01_24033.mzXML	v1.1.0	NT=ms-proteomics;VV=v1.1.0	NT=metaproteomics;VV=v1.0.0	NT=clinical-metadata;VV=v1.0.0	manual curation	antibiotic-free rearing
ABF_11	ABF_11	pig gut metagenome	caecum	not applicable	normal	JPST001878	intestine environment	Chon Buri Province	not available	pig cecal microbiome	-80C	antibiotic-free rearing	1	ABF group_11_RD6_01_24034	proteomic profiling by mass spectrometry	NT=impact II;AC=MS:1002666	NT=label free sample;AC=MS:1002038	NT=Carbamidomethyl;AC=UNIMOD:4;TA=C;MT=Fixed	NT=Oxidation;AC=UNIMOD:35;TA=M;MT=Variable	NT=Acetyl;AC=UNIMOD:1;PP=Protein N-term;MT=Variable	NT=Trypsin;AC=MS:1001251	NT=Dithiothreitol (DTT);AC=PRIDE:0000608	NT=Iodoacetamide (IAA);AC=PRIDE:0000599	NT=Data-dependent acquisition;AC=PRIDE:0000627	NT=collision-induced dissociation;AC=MS:1000133	10 eV	0.6 Da	0.6 Da	1	2	ABF group_11_RD6_01_24034.mzXML	v1.1.0	NT=ms-proteomics;VV=v1.1.0	NT=metaproteomics;VV=v1.0.0	NT=clinical-metadata;VV=v1.0.0	manual curation	antibiotic-free rearing
ABF_11	ABF_11	pig gut metagenome	caecum	not applicable	normal	JPST001878	intestine environment	Chon Buri Province	not available	pig cecal microbiome	-80C	antibiotic-free rearing	1	ABF group_11_RD6_01_24035	proteomic profiling by mass spectrometry	NT=impact II;AC=MS:1002666	NT=label free sample;AC=MS:1002038	NT=Carbamidomethyl;AC=UNIMOD:4;TA=C;MT=Fixed	NT=Oxidation;AC=UNIMOD:35;TA=M;MT=Variable	NT=Acetyl;AC=UNIMOD:1;PP=Protein N-term;MT=Variable	NT=Trypsin;AC=MS:1001251	NT=Dithiothreitol (DTT);AC=PRIDE:0000608	NT=Iodoacetamide (IAA);AC=PRIDE:0000599	NT=Data-dependent acquisition;AC=PRIDE:0000627	NT=collision-induced dissociation;AC=MS:1000133	10 eV	0.6 Da	0.6 Da	1	3	ABF group_11_RD6_01_24035.mzXML	v1.1.0	NT=ms-proteomics;VV=v1.1.0	NT=metaproteomics;VV=v1.0.0	NT=clinical-metadata;VV=v1.0.0	manual curation	antibiotic-free rearing
ABF_12	ABF_12	pig gut metagenome	caecum	not applicable	normal	JPST001878	intestine environment	Chon Buri Province	not available	pig cecal microbiome	-80C	antibiotic-free rearing	1	ABF group_12_RD7_01_24036	proteomic profiling by mass spectrometry	NT=impact II;AC=MS:1002666	NT=label free sample;AC=MS:1002038	NT=Carbamidomethyl;AC=UNIMOD:4;TA=C;MT=Fixed	NT=Oxidation;AC=UNIMOD:35;TA=M;MT=Variable	NT=Acetyl;AC=UNIMOD:1;PP=Protein N-term;MT=Variable	NT=Trypsin;AC=MS:1001251	NT=Dithiothreitol (DTT);AC=PRIDE:0000608	NT=Iodoacetamide (IAA);AC=PRIDE:0000599	NT=Data-dependent acquisition;AC=PRIDE:0000627	NT=collision-induced dissociation;AC=MS:1000133	10 eV	0.6 Da	0.6 Da	1	1	ABF group_12_RD7_01_24036.mzXML	v1.1.0	NT=ms-proteomics;VV=v1.1.0	NT=metaproteomics;VV=v1.0.0	NT=clinical-metadata;VV=v1.0.0	manual curation	antibiotic-free rearing
ABF_12	ABF_12	pig gut metagenome	caecum	not applicable	normal	JPST001878	intestine environment	Chon Buri Province	not available	pig cecal microbiome	-80C	antibiotic-free rearing	1	ABF group_12_RD7_01_24037	proteomic profiling by mass spectrometry	NT=impact II;AC=MS:1002666	NT=label free sample;AC=MS:1002038	NT=Carbamidomethyl;AC=UNIMOD:4;TA=C;MT=Fixed	NT=Oxidation;AC=UNIMOD:35;TA=M;MT=Variable	NT=Acetyl;AC=UNIMOD:1;PP=Protein N-term;MT=Variable	NT=Trypsin;AC=MS:1001251	NT=Dithiothreitol (DTT);AC=PRIDE:0000608	NT=Iodoacetamide (IAA);AC=PRIDE:0000599	NT=Data-dependent acquisition;AC=PRIDE:0000627	NT=collision-induced dissociation;AC=MS:1000133	10 eV	0.6 Da	0.6 Da	1	2	ABF group_12_RD7_01_24037.mzXML	v1.1.0	NT=ms-proteomics;VV=v1.1.0	NT=metaproteomics;VV=v1.0.0	NT=clinical-metadata;VV=v1.0.0	manual curation	antibiotic-free rearing
ABF_12	ABF_12	pig gut metagenome	caecum	not applicable	normal	JPST001878	intestine environment	Chon Buri Province	not available	pig cecal microbiome	-80C	antibiotic-free rearing	1	ABF group_12_RD7_01_24038	proteomic profiling by mass spectrometry	NT=impact II;AC=MS:1002666	NT=label free sample;AC=MS:1002038	NT=Carbamidomethyl;AC=UNIMOD:4;TA=C;MT=Fixed	NT=Oxidation;AC=UNIMOD:35;TA=M;MT=Variable	NT=Acetyl;AC=UNIMOD:1;PP=Protein N-term;MT=Variable	NT=Trypsin;AC=MS:1001251	NT=Dithiothreitol (DTT);AC=PRIDE:0000608	NT=Iodoacetamide (IAA);AC=PRIDE:0000599	NT=Data-dependent acquisition;AC=PRIDE:0000627	NT=collision-induced dissociation;AC=MS:1000133	10 eV	0.6 Da	0.6 Da	1	3	ABF group_12_RD7_01_24038.mzXML	v1.1.0	NT=ms-proteomics;VV=v1.1.0	NT=metaproteomics;VV=v1.0.0	NT=clinical-metadata;VV=v1.0.0	manual curation	antibiotic-free rearing
ABF_13	ABF_13	pig gut metagenome	caecum	not applicable	normal	JPST001878	intestine environment	Chon Buri Province	not available	pig cecal microbiome	-80C	antibiotic-free rearing	1	ABF group_13_RD8_01_24040	proteomic profiling by mass spectrometry	NT=impact II;AC=MS:1002666	NT=label free sample;AC=MS:1002038	NT=Carbamidomethyl;AC=UNIMOD:4;TA=C;MT=Fixed	NT=Oxidation;AC=UNIMOD:35;TA=M;MT=Variable	NT=Acetyl;AC=UNIMOD:1;PP=Protein N-term;MT=Variable	NT=Trypsin;AC=MS:1001251	NT=Dithiothreitol (DTT);AC=PRIDE:0000608	NT=Iodoacetamide (IAA);AC=PRIDE:0000599	NT=Data-dependent acquisition;AC=PRIDE:0000627	NT=collision-induced dissociation;AC=MS:1000133	10 eV	0.6 Da	0.6 Da	1	1	ABF group_13_RD8_01_24040.mzXML	v1.1.0	NT=ms-proteomics;VV=v1.1.0	NT=metaproteomics;VV=v1.0.0	NT=clinical-metadata;VV=v1.0.0	manual curation	antibiotic-free rearing
ABF_13	ABF_13	pig gut metagenome	caecum	not applicable	normal	JPST001878	intestine environment	Chon Buri Province	not available	pig cecal microbiome	-80C	antibiotic-free rearing	1	ABF group_13_RD8_01_24041	proteomic profiling by mass spectrometry	NT=impact II;AC=MS:1002666	NT=label free sample;AC=MS:1002038	NT=Carbamidomethyl;AC=UNIMOD:4;TA=C;MT=Fixed	NT=Oxidation;AC=UNIMOD:35;TA=M;MT=Variable	NT=Acetyl;AC=UNIMOD:1;PP=Protein N-term;MT=Variable	NT=Trypsin;AC=MS:1001251	NT=Dithiothreitol (DTT);AC=PRIDE:0000608	NT=Iodoacetamide (IAA);AC=PRIDE:0000599	NT=Data-dependent acquisition;AC=PRIDE:0000627	NT=collision-induced dissociation;AC=MS:1000133	10 eV	0.6 Da	0.6 Da	1	2	ABF group_13_RD8_01_24041.mzXML	v1.1.0	NT=ms-proteomics;VV=v1.1.0	NT=metaproteomics;VV=v1.0.0	NT=clinical-metadata;VV=v1.0.0	manual curation	antibiotic-free rearing
ABF_13	ABF_13	pig gut metagenome	caecum	not applicable	normal	JPST001878	intestine environment	Chon Buri Province	not available	pig cecal microbiome	-80C	antibiotic-free rearing	1	ABF group_13_RD8_01_24042	proteomic profiling by mass spectrometry	NT=impact II;AC=MS:1002666	NT=label free sample;AC=MS:1002038	NT=Carbamidomethyl;AC=UNIMOD:4;TA=C;MT=Fixed	NT=Oxidation;AC=UNIMOD:35;TA=M;MT=Variable	NT=Acetyl;AC=UNIMOD:1;PP=Protein N-term;MT=Variable	NT=Trypsin;AC=MS:1001251	NT=Dithiothreitol (DTT);AC=PRIDE:0000608	NT=Iodoacetamide (IAA);AC=PRIDE:0000599	NT=Data-dependent acquisition;AC=PRIDE:0000627	NT=collision-induced dissociation;AC=MS:1000133	10 eV	0.6 Da	0.6 Da	1	3	ABF group_13_RD8_01_24042.mzXML	v1.1.0	NT=ms-proteomics;VV=v1.1.0	NT=metaproteomics;VV=v1.0.0	NT=clinical-metadata;VV=v1.0.0	manual curation	antibiotic-free rearing
ABF_14	ABF_14	pig gut metagenome	caecum	not applicable	normal	JPST001878	intestine environment	Chon Buri Province	not available	pig cecal microbiome	-80C	antibiotic-free rearing	1	ABF group_14_RE1_01_24043	proteomic profiling by mass spectrometry	NT=impact II;AC=MS:1002666	NT=label free sample;AC=MS:1002038	NT=Carbamidomethyl;AC=UNIMOD:4;TA=C;MT=Fixed	NT=Oxidation;AC=UNIMOD:35;TA=M;MT=Variable	NT=Acetyl;AC=UNIMOD:1;PP=Protein N-term;MT=Variable	NT=Trypsin;AC=MS:1001251	NT=Dithiothreitol (DTT);AC=PRIDE:0000608	NT=Iodoacetamide (IAA);AC=PRIDE:0000599	NT=Data-dependent acquisition;AC=PRIDE:0000627	NT=collision-induced dissociation;AC=MS:1000133	10 eV	0.6 Da	0.6 Da	1	1	ABF group_14_RE1_01_24043.mzXML	v1.1.0	NT=ms-proteomics;VV=v1.1.0	NT=metaproteomics;VV=v1.0.0	NT=clinical-metadata;VV=v1.0.0	manual curation	antibiotic-free rearing
ABF_14	ABF_14	pig gut metagenome	caecum	not applicable	normal	JPST001878	intestine environment	Chon Buri Province	not available	pig cecal microbiome	-80C	antibiotic-free rearing	1	ABF group_14_RE1_01_24044	proteomic profiling by mass spectrometry	NT=impact II;AC=MS:1002666	NT=label free sample;AC=MS:1002038	NT=Carbamidomethyl;AC=UNIMOD:4;TA=C;MT=Fixed	NT=Oxidation;AC=UNIMOD:35;TA=M;MT=Variable	NT=Acetyl;AC=UNIMOD:1;PP=Protein N-term;MT=Variable	NT=Trypsin;AC=MS:1001251	NT=Dithiothreitol (DTT);AC=PRIDE:0000608	NT=Iodoacetamide (IAA);AC=PRIDE:0000599	NT=Data-dependent acquisition;AC=PRIDE:0000627	NT=collision-induced dissociation;AC=MS:1000133	10 eV	0.6 Da	0.6 Da	1	2	ABF group_14_RE1_01_24044.mzXML	v1.1.0	NT=ms-proteomics;VV=v1.1.0	NT=metaproteomics;VV=v1.0.0	NT=clinical-metadata;VV=v1.0.0	manual curation	antibiotic-free rearing
ABF_14	ABF_14	pig gut metagenome	caecum	not applicable	normal	JPST001878	intestine environment	Chon Buri Province	not available	pig cecal microbiome	-80C	antibiotic-free rearing	1	ABF group_14_RE1_01_24045	proteomic profiling by mass spectrometry	NT=impact II;AC=MS:1002666	NT=label free sample;AC=MS:1002038	NT=Carbamidomethyl;AC=UNIMOD:4;TA=C;MT=Fixed	NT=Oxidation;AC=UNIMOD:35;TA=M;MT=Variable	NT=Acetyl;AC=UNIMOD:1;PP=Protein N-term;MT=Variable	NT=Trypsin;AC=MS:1001251	NT=Dithiothreitol (DTT);AC=PRIDE:0000608	NT=Iodoacetamide (IAA);AC=PRIDE:0000599	NT=Data-dependent acquisition;AC=PRIDE:0000627	NT=collision-induced dissociation;AC=MS:1000133	10 eV	0.6 Da	0.6 Da	1	3	ABF group_14_RE1_01_24045.mzXML	v1.1.0	NT=ms-proteomics;VV=v1.1.0	NT=metaproteomics;VV=v1.0.0	NT=clinical-metadata;VV=v1.0.0	manual curation	antibiotic-free rearing
ABF_15	ABF_15	pig gut metagenome	caecum	not applicable	normal	JPST001878	intestine environment	Chon Buri Province	not available	pig cecal microbiome	-80C	antibiotic-free rearing	1	ABF group_15_RE2_01_24046	proteomic profiling by mass spectrometry	NT=impact II;AC=MS:1002666	NT=label free sample;AC=MS:1002038	NT=Carbamidomethyl;AC=UNIMOD:4;TA=C;MT=Fixed	NT=Oxidation;AC=UNIMOD:35;TA=M;MT=Variable	NT=Acetyl;AC=UNIMOD:1;PP=Protein N-term;MT=Variable	NT=Trypsin;AC=MS:1001251	NT=Dithiothreitol (DTT);AC=PRIDE:0000608	NT=Iodoacetamide (IAA);AC=PRIDE:0000599	NT=Data-dependent acquisition;AC=PRIDE:0000627	NT=collision-induced dissociation;AC=MS:1000133	10 eV	0.6 Da	0.6 Da	1	1	ABF group_15_RE2_01_24046.mzXML	v1.1.0	NT=ms-proteomics;VV=v1.1.0	NT=metaproteomics;VV=v1.0.0	NT=clinical-metadata;VV=v1.0.0	manual curation	antibiotic-free rearing
ABF_15	ABF_15	pig gut metagenome	caecum	not applicable	normal	JPST001878	intestine environment	Chon Buri Province	not available	pig cecal microbiome	-80C	antibiotic-free rearing	1	ABF group_15_RE2_01_24047	proteomic profiling by mass spectrometry	NT=impact II;AC=MS:1002666	NT=label free sample;AC=MS:1002038	NT=Carbamidomethyl;AC=UNIMOD:4;TA=C;MT=Fixed	NT=Oxidation;AC=UNIMOD:35;TA=M;MT=Variable	NT=Acetyl;AC=UNIMOD:1;PP=Protein N-term;MT=Variable	NT=Trypsin;AC=MS:1001251	NT=Dithiothreitol (DTT);AC=PRIDE:0000608	NT=Iodoacetamide (IAA);AC=PRIDE:0000599	NT=Data-dependent acquisition;AC=PRIDE:0000627	NT=collision-induced dissociation;AC=MS:1000133	10 eV	0.6 Da	0.6 Da	1	2	ABF group_15_RE2_01_24047.mzXML	v1.1.0	NT=ms-proteomics;VV=v1.1.0	NT=metaproteomics;VV=v1.0.0	NT=clinical-metadata;VV=v1.0.0	manual curation	antibiotic-free rearing
ABF_15	ABF_15	pig gut metagenome	caecum	not applicable	normal	JPST001878	intestine environment	Chon Buri Province	not available	pig cecal microbiome	-80C	antibiotic-free rearing	1	ABF group_15_RE2_01_24048	proteomic profiling by mass spectrometry	NT=impact II;AC=MS:1002666	NT=label free sample;AC=MS:1002038	NT=Carbamidomethyl;AC=UNIMOD:4;TA=C;MT=Fixed	NT=Oxidation;AC=UNIMOD:35;TA=M;MT=Variable	NT=Acetyl;AC=UNIMOD:1;PP=Protein N-term;MT=Variable	NT=Trypsin;AC=MS:1001251	NT=Dithiothreitol (DTT);AC=PRIDE:0000608	NT=Iodoacetamide (IAA);AC=PRIDE:0000599	NT=Data-dependent acquisition;AC=PRIDE:0000627	NT=collision-induced dissociation;AC=MS:1000133	10 eV	0.6 Da	0.6 Da	1	3	ABF group_15_RE2_01_24048.mzXML	v1.1.0	NT=ms-proteomics;VV=v1.1.0	NT=metaproteomics;VV=v1.0.0	NT=clinical-metadata;VV=v1.0.0	manual curation	antibiotic-free rearing
ABF_16	ABF_16	pig gut metagenome	caecum	not applicable	normal	JPST001878	intestine environment	Chon Buri Province	not available	pig cecal microbiome	-80C	antibiotic-free rearing	1	ABF group_16_RE3_01_24050	proteomic profiling by mass spectrometry	NT=impact II;AC=MS:1002666	NT=label free sample;AC=MS:1002038	NT=Carbamidomethyl;AC=UNIMOD:4;TA=C;MT=Fixed	NT=Oxidation;AC=UNIMOD:35;TA=M;MT=Variable	NT=Acetyl;AC=UNIMOD:1;PP=Protein N-term;MT=Variable	NT=Trypsin;AC=MS:1001251	NT=Dithiothreitol (DTT);AC=PRIDE:0000608	NT=Iodoacetamide (IAA);AC=PRIDE:0000599	NT=Data-dependent acquisition;AC=PRIDE:0000627	NT=collision-induced dissociation;AC=MS:1000133	10 eV	0.6 Da	0.6 Da	1	1	ABF group_16_RE3_01_24050.mzXML	v1.1.0	NT=ms-proteomics;VV=v1.1.0	NT=metaproteomics;VV=v1.0.0	NT=clinical-metadata;VV=v1.0.0	manual curation	antibiotic-free rearing
ABF_16	ABF_16	pig gut metagenome	caecum	not applicable	normal	JPST001878	intestine environment	Chon Buri Province	not available	pig cecal microbiome	-80C	antibiotic-free rearing	1	ABF group_16_RE3_01_24051	proteomic profiling by mass spectrometry	NT=impact II;AC=MS:1002666	NT=label free sample;AC=MS:1002038	NT=Carbamidomethyl;AC=UNIMOD:4;TA=C;MT=Fixed	NT=Oxidation;AC=UNIMOD:35;TA=M;MT=Variable	NT=Acetyl;AC=UNIMOD:1;PP=Protein N-term;MT=Variable	NT=Trypsin;AC=MS:1001251	NT=Dithiothreitol (DTT);AC=PRIDE:0000608	NT=Iodoacetamide (IAA);AC=PRIDE:0000599	NT=Data-dependent acquisition;AC=PRIDE:0000627	NT=collision-induced dissociation;AC=MS:1000133	10 eV	0.6 Da	0.6 Da	1	2	ABF group_16_RE3_01_24051.mzXML	v1.1.0	NT=ms-proteomics;VV=v1.1.0	NT=metaproteomics;VV=v1.0.0	NT=clinical-metadata;VV=v1.0.0	manual curation	antibiotic-free rearing
ABF_16	ABF_16	pig gut metagenome	caecum	not applicable	normal	JPST001878	intestine environment	Chon Buri Province	not available	pig cecal microbiome	-80C	antibiotic-free rearing	1	ABF group_16_RE3_01_24052	proteomic profiling by mass spectrometry	NT=impact II;AC=MS:1002666	NT=label free sample;AC=MS:1002038	NT=Carbamidomethyl;AC=UNIMOD:4;TA=C;MT=Fixed	NT=Oxidation;AC=UNIMOD:35;TA=M;MT=Variable	NT=Acetyl;AC=UNIMOD:1;PP=Protein N-term;MT=Variable	NT=Trypsin;AC=MS:1001251	NT=Dithiothreitol (DTT);AC=PRIDE:0000608	NT=Iodoacetamide (IAA);AC=PRIDE:0000599	NT=Data-dependent acquisition;AC=PRIDE:0000627	NT=collision-induced dissociation;AC=MS:1000133	10 eV	0.6 Da	0.6 Da	1	3	ABF group_16_RE3_01_24052.mzXML	v1.1.0	NT=ms-proteomics;VV=v1.1.0	NT=metaproteomics;VV=v1.0.0	NT=clinical-metadata;VV=v1.0.0	manual curation	antibiotic-free rearing
ABF_17	ABF_17	pig gut metagenome	caecum	not applicable	normal	JPST001878	intestine environment	Chon Buri Province	not available	pig cecal microbiome	-80C	antibiotic-free rearing	1	ABF group_17_RE4_01_24053	proteomic profiling by mass spectrometry	NT=impact II;AC=MS:1002666	NT=label free sample;AC=MS:1002038	NT=Carbamidomethyl;AC=UNIMOD:4;TA=C;MT=Fixed	NT=Oxidation;AC=UNIMOD:35;TA=M;MT=Variable	NT=Acetyl;AC=UNIMOD:1;PP=Protein N-term;MT=Variable	NT=Trypsin;AC=MS:1001251	NT=Dithiothreitol (DTT);AC=PRIDE:0000608	NT=Iodoacetamide (IAA);AC=PRIDE:0000599	NT=Data-dependent acquisition;AC=PRIDE:0000627	NT=collision-induced dissociation;AC=MS:1000133	10 eV	0.6 Da	0.6 Da	1	1	ABF group_17_RE4_01_24053.mzXML	v1.1.0	NT=ms-proteomics;VV=v1.1.0	NT=metaproteomics;VV=v1.0.0	NT=clinical-metadata;VV=v1.0.0	manual curation	antibiotic-free rearing
ABF_17	ABF_17	pig gut metagenome	caecum	not applicable	normal	JPST001878	intestine environment	Chon Buri Province	not available	pig cecal microbiome	-80C	antibiotic-free rearing	1	ABF group_17_RE4_01_24054	proteomic profiling by mass spectrometry	NT=impact II;AC=MS:1002666	NT=label free sample;AC=MS:1002038	NT=Carbamidomethyl;AC=UNIMOD:4;TA=C;MT=Fixed	NT=Oxidation;AC=UNIMOD:35;TA=M;MT=Variable	NT=Acetyl;AC=UNIMOD:1;PP=Protein N-term;MT=Variable	NT=Trypsin;AC=MS:1001251	NT=Dithiothreitol (DTT);AC=PRIDE:0000608	NT=Iodoacetamide (IAA);AC=PRIDE:0000599	NT=Data-dependent acquisition;AC=PRIDE:0000627	NT=collision-induced dissociation;AC=MS:1000133	10 eV	0.6 Da	0.6 Da	1	2	ABF group_17_RE4_01_24054.mzXML	v1.1.0	NT=ms-proteomics;VV=v1.1.0	NT=metaproteomics;VV=v1.0.0	NT=clinical-metadata;VV=v1.0.0	manual curation	antibiotic-free rearing
ABF_17	ABF_17	pig gut metagenome	caecum	not applicable	normal	JPST001878	intestine environment	Chon Buri Province	not available	pig cecal microbiome	-80C	antibiotic-free rearing	1	ABF group_17_RE4_01_24055	proteomic profiling by mass spectrometry	NT=impact II;AC=MS:1002666	NT=label free sample;AC=MS:1002038	NT=Carbamidomethyl;AC=UNIMOD:4;TA=C;MT=Fixed	NT=Oxidation;AC=UNIMOD:35;TA=M;MT=Variable	NT=Acetyl;AC=UNIMOD:1;PP=Protein N-term;MT=Variable	NT=Trypsin;AC=MS:1001251	NT=Dithiothreitol (DTT);AC=PRIDE:0000608	NT=Iodoacetamide (IAA);AC=PRIDE:0000599	NT=Data-dependent acquisition;AC=PRIDE:0000627	NT=collision-induced dissociation;AC=MS:1000133	10 eV	0.6 Da	0.6 Da	1	3	ABF group_17_RE4_01_24055.mzXML	v1.1.0	NT=ms-proteomics;VV=v1.1.0	NT=metaproteomics;VV=v1.0.0	NT=clinical-metadata;VV=v1.0.0	manual curation	antibiotic-free rearing
ABF_18	ABF_18	pig gut metagenome	caecum	not applicable	normal	JPST001878	intestine environment	Chon Buri Province	not available	pig cecal microbiome	-80C	antibiotic-free rearing	1	ABF group_18_RE5_01_24056	proteomic profiling by mass spectrometry	NT=impact II;AC=MS:1002666	NT=label free sample;AC=MS:1002038	NT=Carbamidomethyl;AC=UNIMOD:4;TA=C;MT=Fixed	NT=Oxidation;AC=UNIMOD:35;TA=M;MT=Variable	NT=Acetyl;AC=UNIMOD:1;PP=Protein N-term;MT=Variable	NT=Trypsin;AC=MS:1001251	NT=Dithiothreitol (DTT);AC=PRIDE:0000608	NT=Iodoacetamide (IAA);AC=PRIDE:0000599	NT=Data-dependent acquisition;AC=PRIDE:0000627	NT=collision-induced dissociation;AC=MS:1000133	10 eV	0.6 Da	0.6 Da	1	1	ABF group_18_RE5_01_24056.mzXML	v1.1.0	NT=ms-proteomics;VV=v1.1.0	NT=metaproteomics;VV=v1.0.0	NT=clinical-metadata;VV=v1.0.0	manual curation	antibiotic-free rearing
ABF_18	ABF_18	pig gut metagenome	caecum	not applicable	normal	JPST001878	intestine environment	Chon Buri Province	not available	pig cecal microbiome	-80C	antibiotic-free rearing	1	ABF group_18_RE5_01_24057	proteomic profiling by mass spectrometry	NT=impact II;AC=MS:1002666	NT=label free sample;AC=MS:1002038	NT=Carbamidomethyl;AC=UNIMOD:4;TA=C;MT=Fixed	NT=Oxidation;AC=UNIMOD:35;TA=M;MT=Variable	NT=Acetyl;AC=UNIMOD:1;PP=Protein N-term;MT=Variable	NT=Trypsin;AC=MS:1001251	NT=Dithiothreitol (DTT);AC=PRIDE:0000608	NT=Iodoacetamide (IAA);AC=PRIDE:0000599	NT=Data-dependent acquisition;AC=PRIDE:0000627	NT=collision-induced dissociation;AC=MS:1000133	10 eV	0.6 Da	0.6 Da	1	2	ABF group_18_RE5_01_24057.mzXML	v1.1.0	NT=ms-proteomics;VV=v1.1.0	NT=metaproteomics;VV=v1.0.0	NT=clinical-metadata;VV=v1.0.0	manual curation	antibiotic-free rearing
ABF_18	ABF_18	pig gut metagenome	caecum	not applicable	normal	JPST001878	intestine environment	Chon Buri Province	not available	pig cecal microbiome	-80C	antibiotic-free rearing	1	ABF group_18_RE5_01_24058	proteomic profiling by mass spectrometry	NT=impact II;AC=MS:1002666	NT=label free sample;AC=MS:1002038	NT=Carbamidomethyl;AC=UNIMOD:4;TA=C;MT=Fixed	NT=Oxidation;AC=UNIMOD:35;TA=M;MT=Variable	NT=Acetyl;AC=UNIMOD:1;PP=Protein N-term;MT=Variable	NT=Trypsin;AC=MS:1001251	NT=Dithiothreitol (DTT);AC=PRIDE:0000608	NT=Iodoacetamide (IAA);AC=PRIDE:0000599	NT=Data-dependent acquisition;AC=PRIDE:0000627	NT=collision-induced dissociation;AC=MS:1000133	10 eV	0.6 Da	0.6 Da	1	3	ABF group_18_RE5_01_24058.mzXML	v1.1.0	NT=ms-proteomics;VV=v1.1.0	NT=metaproteomics;VV=v1.0.0	NT=clinical-metadata;VV=v1.0.0	manual curation	antibiotic-free rearing
CTRL_1	CTRL_1	pig gut metagenome	caecum	not applicable	normal	JPST001878	intestine environment	Chon Buri Province	not available	pig cecal microbiome	-80C	conventional farm antibiotic program	1	Normal group_1_BE6_01_23925	proteomic profiling by mass spectrometry	NT=impact II;AC=MS:1002666	NT=label free sample;AC=MS:1002038	NT=Carbamidomethyl;AC=UNIMOD:4;TA=C;MT=Fixed	NT=Oxidation;AC=UNIMOD:35;TA=M;MT=Variable	NT=Acetyl;AC=UNIMOD:1;PP=Protein N-term;MT=Variable	NT=Trypsin;AC=MS:1001251	NT=Dithiothreitol (DTT);AC=PRIDE:0000608	NT=Iodoacetamide (IAA);AC=PRIDE:0000599	NT=Data-dependent acquisition;AC=PRIDE:0000627	NT=collision-induced dissociation;AC=MS:1000133	10 eV	0.6 Da	0.6 Da	1	1	Normal group_1_BE6_01_23925.mzXML	v1.1.0	NT=ms-proteomics;VV=v1.1.0	NT=metaproteomics;VV=v1.0.0	NT=clinical-metadata;VV=v1.0.0	manual curation	conventional farm antibiotic program
CTRL_1	CTRL_1	pig gut metagenome	caecum	not applicable	normal	JPST001878	intestine environment	Chon Buri Province	not available	pig cecal microbiome	-80C	conventional farm antibiotic program	1	Normal group_1_BE6_01_23926	proteomic profiling by mass spectrometry	NT=impact II;AC=MS:1002666	NT=label free sample;AC=MS:1002038	NT=Carbamidomethyl;AC=UNIMOD:4;TA=C;MT=Fixed	NT=Oxidation;AC=UNIMOD:35;TA=M;MT=Variable	NT=Acetyl;AC=UNIMOD:1;PP=Protein N-term;MT=Variable	NT=Trypsin;AC=MS:1001251	NT=Dithiothreitol (DTT);AC=PRIDE:0000608	NT=Iodoacetamide (IAA);AC=PRIDE:0000599	NT=Data-dependent acquisition;AC=PRIDE:0000627	NT=collision-induced dissociation;AC=MS:1000133	10 eV	0.6 Da	0.6 Da	1	2	Normal group_1_BE6_01_23926.mzXML	v1.1.0	NT=ms-proteomics;VV=v1.1.0	NT=metaproteomics;VV=v1.0.0	NT=clinical-metadata;VV=v1.0.0	manual curation	conventional farm antibiotic program
CTRL_1	CTRL_1	pig gut metagenome	caecum	not applicable	normal	JPST001878	intestine environment	Chon Buri Province	not available	pig cecal microbiome	-80C	conventional farm antibiotic program	1	Normal group_1_BE6_01_23927	proteomic profiling by mass spectrometry	NT=impact II;AC=MS:1002666	NT=label free sample;AC=MS:1002038	NT=Carbamidomethyl;AC=UNIMOD:4;TA=C;MT=Fixed	NT=Oxidation;AC=UNIMOD:35;TA=M;MT=Variable	NT=Acetyl;AC=UNIMOD:1;PP=Protein N-term;MT=Variable	NT=Trypsin;AC=MS:1001251	NT=Dithiothreitol (DTT);AC=PRIDE:0000608	NT=Iodoacetamide (IAA);AC=PRIDE:0000599	NT=Data-dependent acquisition;AC=PRIDE:0000627	NT=collision-induced dissociation;AC=MS:1000133	10 eV	0.6 Da	0.6 Da	1	3	Normal group_1_BE6_01_23927.mzXML	v1.1.0	NT=ms-proteomics;VV=v1.1.0	NT=metaproteomics;VV=v1.0.0	NT=clinical-metadata;VV=v1.0.0	manual curation	conventional farm antibiotic program
CTRL_2	CTRL_2	pig gut metagenome	caecum	not applicable	normal	JPST001878	intestine environment	Chon Buri Province	not available	pig cecal microbiome	-80C	conventional farm antibiotic program	1	Normal group_2_BE7_01_23928	proteomic profiling by mass spectrometry	NT=impact II;AC=MS:1002666	NT=label free sample;AC=MS:1002038	NT=Carbamidomethyl;AC=UNIMOD:4;TA=C;MT=Fixed	NT=Oxidation;AC=UNIMOD:35;TA=M;MT=Variable	NT=Acetyl;AC=UNIMOD:1;PP=Protein N-term;MT=Variable	NT=Trypsin;AC=MS:1001251	NT=Dithiothreitol (DTT);AC=PRIDE:0000608	NT=Iodoacetamide (IAA);AC=PRIDE:0000599	NT=Data-dependent acquisition;AC=PRIDE:0000627	NT=collision-induced dissociation;AC=MS:1000133	10 eV	0.6 Da	0.6 Da	1	1	Normal group_2_BE7_01_23928.mzXML	v1.1.0	NT=ms-proteomics;VV=v1.1.0	NT=metaproteomics;VV=v1.0.0	NT=clinical-metadata;VV=v1.0.0	manual curation	conventional farm antibiotic program
CTRL_2	CTRL_2	pig gut metagenome	caecum	not applicable	normal	JPST001878	intestine environment	Chon Buri Province	not available	pig cecal microbiome	-80C	conventional farm antibiotic program	1	Normal group_2_BE7_01_23929	proteomic profiling by mass spectrometry	NT=impact II;AC=MS:1002666	NT=label free sample;AC=MS:1002038	NT=Carbamidomethyl;AC=UNIMOD:4;TA=C;MT=Fixed	NT=Oxidation;AC=UNIMOD:35;TA=M;MT=Variable	NT=Acetyl;AC=UNIMOD:1;PP=Protein N-term;MT=Variable	NT=Trypsin;AC=MS:1001251	NT=Dithiothreitol (DTT);AC=PRIDE:0000608	NT=Iodoacetamide (IAA);AC=PRIDE:0000599	NT=Data-dependent acquisition;AC=PRIDE:0000627	NT=collision-induced dissociation;AC=MS:1000133	10 eV	0.6 Da	0.6 Da	1	2	Normal group_2_BE7_01_23929.mzXML	v1.1.0	NT=ms-proteomics;VV=v1.1.0	NT=metaproteomics;VV=v1.0.0	NT=clinical-metadata;VV=v1.0.0	manual curation	conventional farm antibiotic program
CTRL_2	CTRL_2	pig gut metagenome	caecum	not applicable	normal	JPST001878	intestine environment	Chon Buri Province	not available	pig cecal microbiome	-80C	conventional farm antibiotic program	1	Normal group_2_BE7_01_23930	proteomic profiling by mass spectrometry	NT=impact II;AC=MS:1002666	NT=label free sample;AC=MS:1002038	NT=Carbamidomethyl;AC=UNIMOD:4;TA=C;MT=Fixed	NT=Oxidation;AC=UNIMOD:35;TA=M;MT=Variable	NT=Acetyl;AC=UNIMOD:1;PP=Protein N-term;MT=Variable	NT=Trypsin;AC=MS:1001251	NT=Dithiothreitol (DTT);AC=PRIDE:0000608	NT=Iodoacetamide (IAA);AC=PRIDE:0000599	NT=Data-dependent acquisition;AC=PRIDE:0000627	NT=collision-induced dissociation;AC=MS:1000133	10 eV	0.6 Da	0.6 Da	1	3	Normal group_2_BE7_01_23930.mzXML	v1.1.0	NT=ms-proteomics;VV=v1.1.0	NT=metaproteomics;VV=v1.0.0	NT=clinical-metadata;VV=v1.0.0	manual curation	conventional farm antibiotic program
CTRL_3	CTRL_3	pig gut metagenome	caecum	not applicable	normal	JPST001878	intestine environment	Chon Buri Province	not available	pig cecal microbiome	-80C	conventional farm antibiotic program	1	Normal group_3_BE8_01_23931	proteomic profiling by mass spectrometry	NT=impact II;AC=MS:1002666	NT=label free sample;AC=MS:1002038	NT=Carbamidomethyl;AC=UNIMOD:4;TA=C;MT=Fixed	NT=Oxidation;AC=UNIMOD:35;TA=M;MT=Variable	NT=Acetyl;AC=UNIMOD:1;PP=Protein N-term;MT=Variable	NT=Trypsin;AC=MS:1001251	NT=Dithiothreitol (DTT);AC=PRIDE:0000608	NT=Iodoacetamide (IAA);AC=PRIDE:0000599	NT=Data-dependent acquisition;AC=PRIDE:0000627	NT=collision-induced dissociation;AC=MS:1000133	10 eV	0.6 Da	0.6 Da	1	1	Normal group_3_BE8_01_23931.mzXML	v1.1.0	NT=ms-proteomics;VV=v1.1.0	NT=metaproteomics;VV=v1.0.0	NT=clinical-metadata;VV=v1.0.0	manual curation	conventional farm antibiotic program
CTRL_3	CTRL_3	pig gut metagenome	caecum	not applicable	normal	JPST001878	intestine environment	Chon Buri Province	not available	pig cecal microbiome	-80C	conventional farm antibiotic program	1	Normal group_3_BE8_01_23932	proteomic profiling by mass spectrometry	NT=impact II;AC=MS:1002666	NT=label free sample;AC=MS:1002038	NT=Carbamidomethyl;AC=UNIMOD:4;TA=C;MT=Fixed	NT=Oxidation;AC=UNIMOD:35;TA=M;MT=Variable	NT=Acetyl;AC=UNIMOD:1;PP=Protein N-term;MT=Variable	NT=Trypsin;AC=MS:1001251	NT=Dithiothreitol (DTT);AC=PRIDE:0000608	NT=Iodoacetamide (IAA);AC=PRIDE:0000599	NT=Data-dependent acquisition;AC=PRIDE:0000627	NT=collision-induced dissociation;AC=MS:1000133	10 eV	0.6 Da	0.6 Da	1	2	Normal group_3_BE8_01_23932.mzXML	v1.1.0	NT=ms-proteomics;VV=v1.1.0	NT=metaproteomics;VV=v1.0.0	NT=clinical-metadata;VV=v1.0.0	manual curation	conventional farm antibiotic program
CTRL_3	CTRL_3	pig gut metagenome	caecum	not applicable	normal	JPST001878	intestine environment	Chon Buri Province	not available	pig cecal microbiome	-80C	conventional farm antibiotic program	1	Normal group_3_BE8_01_23933	proteomic profiling by mass spectrometry	NT=impact II;AC=MS:1002666	NT=label free sample;AC=MS:1002038	NT=Carbamidomethyl;AC=UNIMOD:4;TA=C;MT=Fixed	NT=Oxidation;AC=UNIMOD:35;TA=M;MT=Variable	NT=Acetyl;AC=UNIMOD:1;PP=Protein N-term;MT=Variable	NT=Trypsin;AC=MS:1001251	NT=Dithiothreitol (DTT);AC=PRIDE:0000608	NT=Iodoacetamide (IAA);AC=PRIDE:0000599	NT=Data-dependent acquisition;AC=PRIDE:0000627	NT=collision-induced dissociation;AC=MS:1000133	10 eV	0.6 Da	0.6 Da	1	3	Normal group_3_BE8_01_23933.mzXML	v1.1.0	NT=ms-proteomics;VV=v1.1.0	NT=metaproteomics;VV=v1.0.0	NT=clinical-metadata;VV=v1.0.0	manual curation	conventional farm antibiotic program
CTRL_4	CTRL_4	pig gut metagenome	caecum	not applicable	normal	JPST001878	intestine environment	Chon Buri Province	not available	pig cecal microbiome	-80C	conventional farm antibiotic program	1	Normal group_4_RA1_01_23935	proteomic profiling by mass spectrometry	NT=impact II;AC=MS:1002666	NT=label free sample;AC=MS:1002038	NT=Carbamidomethyl;AC=UNIMOD:4;TA=C;MT=Fixed	NT=Oxidation;AC=UNIMOD:35;TA=M;MT=Variable	NT=Acetyl;AC=UNIMOD:1;PP=Protein N-term;MT=Variable	NT=Trypsin;AC=MS:1001251	NT=Dithiothreitol (DTT);AC=PRIDE:0000608	NT=Iodoacetamide (IAA);AC=PRIDE:0000599	NT=Data-dependent acquisition;AC=PRIDE:0000627	NT=collision-induced dissociation;AC=MS:1000133	10 eV	0.6 Da	0.6 Da	1	1	Normal group_4_RA1_01_23935.mzXML	v1.1.0	NT=ms-proteomics;VV=v1.1.0	NT=metaproteomics;VV=v1.0.0	NT=clinical-metadata;VV=v1.0.0	manual curation	conventional farm antibiotic program
CTRL_4	CTRL_4	pig gut metagenome	caecum	not applicable	normal	JPST001878	intestine environment	Chon Buri Province	not available	pig cecal microbiome	-80C	conventional farm antibiotic program	1	Normal group_4_RA1_01_23936	proteomic profiling by mass spectrometry	NT=impact II;AC=MS:1002666	NT=label free sample;AC=MS:1002038	NT=Carbamidomethyl;AC=UNIMOD:4;TA=C;MT=Fixed	NT=Oxidation;AC=UNIMOD:35;TA=M;MT=Variable	NT=Acetyl;AC=UNIMOD:1;PP=Protein N-term;MT=Variable	NT=Trypsin;AC=MS:1001251	NT=Dithiothreitol (DTT);AC=PRIDE:0000608	NT=Iodoacetamide (IAA);AC=PRIDE:0000599	NT=Data-dependent acquisition;AC=PRIDE:0000627	NT=collision-induced dissociation;AC=MS:1000133	10 eV	0.6 Da	0.6 Da	1	2	Normal group_4_RA1_01_23936.mzXML	v1.1.0	NT=ms-proteomics;VV=v1.1.0	NT=metaproteomics;VV=v1.0.0	NT=clinical-metadata;VV=v1.0.0	manual curation	conventional farm antibiotic program
CTRL_4	CTRL_4	pig gut metagenome	caecum	not applicable	normal	JPST001878	intestine environment	Chon Buri Province	not available	pig cecal microbiome	-80C	conventional farm antibiotic program	1	Normal group_4_RA1_01_23937	proteomic profiling by mass spectrometry	NT=impact II;AC=MS:1002666	NT=label free sample;AC=MS:1002038	NT=Carbamidomethyl;AC=UNIMOD:4;TA=C;MT=Fixed	NT=Oxidation;AC=UNIMOD:35;TA=M;MT=Variable	NT=Acetyl;AC=UNIMOD:1;PP=Protein N-term;MT=Variable	NT=Trypsin;AC=MS:1001251	NT=Dithiothreitol (DTT);AC=PRIDE:0000608	NT=Iodoacetamide (IAA);AC=PRIDE:0000599	NT=Data-dependent acquisition;AC=PRIDE:0000627	NT=collision-induced dissociation;AC=MS:1000133	10 eV	0.6 Da	0.6 Da	1	3	Normal group_4_RA1_01_23937.mzXML	v1.1.0	NT=ms-proteomics;VV=v1.1.0	NT=metaproteomics;VV=v1.0.0	NT=clinical-metadata;VV=v1.0.0	manual curation	conventional farm antibiotic program
CTRL_5	CTRL_5	pig gut metagenome	caecum	not applicable	normal	JPST001878	intestine environment	Chon Buri Province	not available	pig cecal microbiome	-80C	conventional farm antibiotic program	1	Normal group_5_RA2_01_23938	proteomic profiling by mass spectrometry	NT=impact II;AC=MS:1002666	NT=label free sample;AC=MS:1002038	NT=Carbamidomethyl;AC=UNIMOD:4;TA=C;MT=Fixed	NT=Oxidation;AC=UNIMOD:35;TA=M;MT=Variable	NT=Acetyl;AC=UNIMOD:1;PP=Protein N-term;MT=Variable	NT=Trypsin;AC=MS:1001251	NT=Dithiothreitol (DTT);AC=PRIDE:0000608	NT=Iodoacetamide (IAA);AC=PRIDE:0000599	NT=Data-dependent acquisition;AC=PRIDE:0000627	NT=collision-induced dissociation;AC=MS:1000133	10 eV	0.6 Da	0.6 Da	1	1	Normal group_5_RA2_01_23938.mzXML	v1.1.0	NT=ms-proteomics;VV=v1.1.0	NT=metaproteomics;VV=v1.0.0	NT=clinical-metadata;VV=v1.0.0	manual curation	conventional farm antibiotic program
CTRL_5	CTRL_5	pig gut metagenome	caecum	not applicable	normal	JPST001878	intestine environment	Chon Buri Province	not available	pig cecal microbiome	-80C	conventional farm antibiotic program	1	Normal group_5_RA2_01_23939	proteomic profiling by mass spectrometry	NT=impact II;AC=MS:1002666	NT=label free sample;AC=MS:1002038	NT=Carbamidomethyl;AC=UNIMOD:4;TA=C;MT=Fixed	NT=Oxidation;AC=UNIMOD:35;TA=M;MT=Variable	NT=Acetyl;AC=UNIMOD:1;PP=Protein N-term;MT=Variable	NT=Trypsin;AC=MS:1001251	NT=Dithiothreitol (DTT);AC=PRIDE:0000608	NT=Iodoacetamide (IAA);AC=PRIDE:0000599	NT=Data-dependent acquisition;AC=PRIDE:0000627	NT=collision-induced dissociation;AC=MS:1000133	10 eV	0.6 Da	0.6 Da	1	2	Normal group_5_RA2_01_23939.mzXML	v1.1.0	NT=ms-proteomics;VV=v1.1.0	NT=metaproteomics;VV=v1.0.0	NT=clinical-metadata;VV=v1.0.0	manual curation	conventional farm antibiotic program
CTRL_5	CTRL_5	pig gut metagenome	caecum	not applicable	normal	JPST001878	intestine environment	Chon Buri Province	not available	pig cecal microbiome	-80C	conventional farm antibiotic program	1	Normal group_5_RA2_01_23940	proteomic profiling by mass spectrometry	NT=impact II;AC=MS:1002666	NT=label free sample;AC=MS:1002038	NT=Carbamidomethyl;AC=UNIMOD:4;TA=C;MT=Fixed	NT=Oxidation;AC=UNIMOD:35;TA=M;MT=Variable	NT=Acetyl;AC=UNIMOD:1;PP=Protein N-term;MT=Variable	NT=Trypsin;AC=MS:1001251	NT=Dithiothreitol (DTT);AC=PRIDE:0000608	NT=Iodoacetamide (IAA);AC=PRIDE:0000599	NT=Data-dependent acquisition;AC=PRIDE:0000627	NT=collision-induced dissociation;AC=MS:1000133	10 eV	0.6 Da	0.6 Da	1	3	Normal group_5_RA2_01_23940.mzXML	v1.1.0	NT=ms-proteomics;VV=v1.1.0	NT=metaproteomics;VV=v1.0.0	NT=clinical-metadata;VV=v1.0.0	manual curation	conventional farm antibiotic program
CTRL_6	CTRL_6	pig gut metagenome	caecum	not applicable	normal	JPST001878	intestine environment	Chon Buri Province	not available	pig cecal microbiome	-80C	conventional farm antibiotic program	1	Normal group_6_RA3_01_23941	proteomic profiling by mass spectrometry	NT=impact II;AC=MS:1002666	NT=label free sample;AC=MS:1002038	NT=Carbamidomethyl;AC=UNIMOD:4;TA=C;MT=Fixed	NT=Oxidation;AC=UNIMOD:35;TA=M;MT=Variable	NT=Acetyl;AC=UNIMOD:1;PP=Protein N-term;MT=Variable	NT=Trypsin;AC=MS:1001251	NT=Dithiothreitol (DTT);AC=PRIDE:0000608	NT=Iodoacetamide (IAA);AC=PRIDE:0000599	NT=Data-dependent acquisition;AC=PRIDE:0000627	NT=collision-induced dissociation;AC=MS:1000133	10 eV	0.6 Da	0.6 Da	1	1	Normal group_6_RA3_01_23941.mzXML	v1.1.0	NT=ms-proteomics;VV=v1.1.0	NT=metaproteomics;VV=v1.0.0	NT=clinical-metadata;VV=v1.0.0	manual curation	conventional farm antibiotic program
CTRL_6	CTRL_6	pig gut metagenome	caecum	not applicable	normal	JPST001878	intestine environment	Chon Buri Province	not available	pig cecal microbiome	-80C	conventional farm antibiotic program	1	Normal group_6_RA3_01_23942	proteomic profiling by mass spectrometry	NT=impact II;AC=MS:1002666	NT=label free sample;AC=MS:1002038	NT=Carbamidomethyl;AC=UNIMOD:4;TA=C;MT=Fixed	NT=Oxidation;AC=UNIMOD:35;TA=M;MT=Variable	NT=Acetyl;AC=UNIMOD:1;PP=Protein N-term;MT=Variable	NT=Trypsin;AC=MS:1001251	NT=Dithiothreitol (DTT);AC=PRIDE:0000608	NT=Iodoacetamide (IAA);AC=PRIDE:0000599	NT=Data-dependent acquisition;AC=PRIDE:0000627	NT=collision-induced dissociation;AC=MS:1000133	10 eV	0.6 Da	0.6 Da	1	2	Normal group_6_RA3_01_23942.mzXML	v1.1.0	NT=ms-proteomics;VV=v1.1.0	NT=metaproteomics;VV=v1.0.0	NT=clinical-metadata;VV=v1.0.0	manual curation	conventional farm antibiotic program
CTRL_6	CTRL_6	pig gut metagenome	caecum	not applicable	normal	JPST001878	intestine environment	Chon Buri Province	not available	pig cecal microbiome	-80C	conventional farm antibiotic program	1	Normal group_6_RA3_01_23943	proteomic profiling by mass spectrometry	NT=impact II;AC=MS:1002666	NT=label free sample;AC=MS:1002038	NT=Carbamidomethyl;AC=UNIMOD:4;TA=C;MT=Fixed	NT=Oxidation;AC=UNIMOD:35;TA=M;MT=Variable	NT=Acetyl;AC=UNIMOD:1;PP=Protein N-term;MT=Variable	NT=Trypsin;AC=MS:1001251	NT=Dithiothreitol (DTT);AC=PRIDE:0000608	NT=Iodoacetamide (IAA);AC=PRIDE:0000599	NT=Data-dependent acquisition;AC=PRIDE:0000627	NT=collision-induced dissociation;AC=MS:1000133	10 eV	0.6 Da	0.6 Da	1	3	Normal group_6_RA3_01_23943.mzXML	v1.1.0	NT=ms-proteomics;VV=v1.1.0	NT=metaproteomics;VV=v1.0.0	NT=clinical-metadata;VV=v1.0.0	manual curation	conventional farm antibiotic program
CTRL_7	CTRL_7	pig gut metagenome	caecum	not applicable	normal	JPST001878	intestine environment	Chon Buri Province	not available	pig cecal microbiome	-80C	conventional farm antibiotic program	1	Normal group_7_RA4_01_23945	proteomic profiling by mass spectrometry	NT=impact II;AC=MS:1002666	NT=label free sample;AC=MS:1002038	NT=Carbamidomethyl;AC=UNIMOD:4;TA=C;MT=Fixed	NT=Oxidation;AC=UNIMOD:35;TA=M;MT=Variable	NT=Acetyl;AC=UNIMOD:1;PP=Protein N-term;MT=Variable	NT=Trypsin;AC=MS:1001251	NT=Dithiothreitol (DTT);AC=PRIDE:0000608	NT=Iodoacetamide (IAA);AC=PRIDE:0000599	NT=Data-dependent acquisition;AC=PRIDE:0000627	NT=collision-induced dissociation;AC=MS:1000133	10 eV	0.6 Da	0.6 Da	1	1	Normal group_7_RA4_01_23945.mzXML	v1.1.0	NT=ms-proteomics;VV=v1.1.0	NT=metaproteomics;VV=v1.0.0	NT=clinical-metadata;VV=v1.0.0	manual curation	conventional farm antibiotic program
CTRL_7	CTRL_7	pig gut metagenome	caecum	not applicable	normal	JPST001878	intestine environment	Chon Buri Province	not available	pig cecal microbiome	-80C	conventional farm antibiotic program	1	Normal group_7_RA4_01_23946	proteomic profiling by mass spectrometry	NT=impact II;AC=MS:1002666	NT=label free sample;AC=MS:1002038	NT=Carbamidomethyl;AC=UNIMOD:4;TA=C;MT=Fixed	NT=Oxidation;AC=UNIMOD:35;TA=M;MT=Variable	NT=Acetyl;AC=UNIMOD:1;PP=Protein N-term;MT=Variable	NT=Trypsin;AC=MS:1001251	NT=Dithiothreitol (DTT);AC=PRIDE:0000608	NT=Iodoacetamide (IAA);AC=PRIDE:0000599	NT=Data-dependent acquisition;AC=PRIDE:0000627	NT=collision-induced dissociation;AC=MS:1000133	10 eV	0.6 Da	0.6 Da	1	2	Normal group_7_RA4_01_23946.mzXML	v1.1.0	NT=ms-proteomics;VV=v1.1.0	NT=metaproteomics;VV=v1.0.0	NT=clinical-metadata;VV=v1.0.0	manual curation	conventional farm antibiotic program
CTRL_7	CTRL_7	pig gut metagenome	caecum	not applicable	normal	JPST001878	intestine environment	Chon Buri Province	not available	pig cecal microbiome	-80C	conventional farm antibiotic program	1	Normal group_7_RA4_01_23947	proteomic profiling by mass spectrometry	NT=impact II;AC=MS:1002666	NT=label free sample;AC=MS:1002038	NT=Carbamidomethyl;AC=UNIMOD:4;TA=C;MT=Fixed	NT=Oxidation;AC=UNIMOD:35;TA=M;MT=Variable	NT=Acetyl;AC=UNIMOD:1;PP=Protein N-term;MT=Variable	NT=Trypsin;AC=MS:1001251	NT=Dithiothreitol (DTT);AC=PRIDE:0000608	NT=Iodoacetamide (IAA);AC=PRIDE:0000599	NT=Data-dependent acquisition;AC=PRIDE:0000627	NT=collision-induced dissociation;AC=MS:1000133	10 eV	0.6 Da	0.6 Da	1	3	Normal group_7_RA4_01_23947.mzXML	v1.1.0	NT=ms-proteomics;VV=v1.1.0	NT=metaproteomics;VV=v1.0.0	NT=clinical-metadata;VV=v1.0.0	manual curation	conventional farm antibiotic program
CTRL_8	CTRL_8	pig gut metagenome	caecum	not applicable	normal	JPST001878	intestine environment	Chon Buri Province	not available	pig cecal microbiome	-80C	conventional farm antibiotic program	1	Normal group_8_RA5_01_23948	proteomic profiling by mass spectrometry	NT=impact II;AC=MS:1002666	NT=label free sample;AC=MS:1002038	NT=Carbamidomethyl;AC=UNIMOD:4;TA=C;MT=Fixed	NT=Oxidation;AC=UNIMOD:35;TA=M;MT=Variable	NT=Acetyl;AC=UNIMOD:1;PP=Protein N-term;MT=Variable	NT=Trypsin;AC=MS:1001251	NT=Dithiothreitol (DTT);AC=PRIDE:0000608	NT=Iodoacetamide (IAA);AC=PRIDE:0000599	NT=Data-dependent acquisition;AC=PRIDE:0000627	NT=collision-induced dissociation;AC=MS:1000133	10 eV	0.6 Da	0.6 Da	1	1	Normal group_8_RA5_01_23948.mzXML	v1.1.0	NT=ms-proteomics;VV=v1.1.0	NT=metaproteomics;VV=v1.0.0	NT=clinical-metadata;VV=v1.0.0	manual curation	conventional farm antibiotic program
CTRL_8	CTRL_8	pig gut metagenome	caecum	not applicable	normal	JPST001878	intestine environment	Chon Buri Province	not available	pig cecal microbiome	-80C	conventional farm antibiotic program	1	Normal group_8_RA5_01_23949	proteomic profiling by mass spectrometry	NT=impact II;AC=MS:1002666	NT=label free sample;AC=MS:1002038	NT=Carbamidomethyl;AC=UNIMOD:4;TA=C;MT=Fixed	NT=Oxidation;AC=UNIMOD:35;TA=M;MT=Variable	NT=Acetyl;AC=UNIMOD:1;PP=Protein N-term;MT=Variable	NT=Trypsin;AC=MS:1001251	NT=Dithiothreitol (DTT);AC=PRIDE:0000608	NT=Iodoacetamide (IAA);AC=PRIDE:0000599	NT=Data-dependent acquisition;AC=PRIDE:0000627	NT=collision-induced dissociation;AC=MS:1000133	10 eV	0.6 Da	0.6 Da	1	2	Normal group_8_RA5_01_23949.mzXML	v1.1.0	NT=ms-proteomics;VV=v1.1.0	NT=metaproteomics;VV=v1.0.0	NT=clinical-metadata;VV=v1.0.0	manual curation	conventional farm antibiotic program
CTRL_8	CTRL_8	pig gut metagenome	caecum	not applicable	normal	JPST001878	intestine environment	Chon Buri Province	not available	pig cecal microbiome	-80C	conventional farm antibiotic program	1	Normal group_8_RA5_01_23950	proteomic profiling by mass spectrometry	NT=impact II;AC=MS:1002666	NT=label free sample;AC=MS:1002038	NT=Carbamidomethyl;AC=UNIMOD:4;TA=C;MT=Fixed	NT=Oxidation;AC=UNIMOD:35;TA=M;MT=Variable	NT=Acetyl;AC=UNIMOD:1;PP=Protein N-term;MT=Variable	NT=Trypsin;AC=MS:1001251	NT=Dithiothreitol (DTT);AC=PRIDE:0000608	NT=Iodoacetamide (IAA);AC=PRIDE:0000599	NT=Data-dependent acquisition;AC=PRIDE:0000627	NT=collision-induced dissociation;AC=MS:1000133	10 eV	0.6 Da	0.6 Da	1	3	Normal group_8_RA5_01_23950.mzXML	v1.1.0	NT=ms-proteomics;VV=v1.1.0	NT=metaproteomics;VV=v1.0.0	NT=clinical-metadata;VV=v1.0.0	manual curation	conventional farm antibiotic program
CTRL_9	CTRL_9	pig gut metagenome	caecum	not applicable	normal	JPST001878	intestine environment	Chon Buri Province	not available	pig cecal microbiome	-80C	conventional farm antibiotic program	1	Normal group_9_RA6_01_23951	proteomic profiling by mass spectrometry	NT=impact II;AC=MS:1002666	NT=label free sample;AC=MS:1002038	NT=Carbamidomethyl;AC=UNIMOD:4;TA=C;MT=Fixed	NT=Oxidation;AC=UNIMOD:35;TA=M;MT=Variable	NT=Acetyl;AC=UNIMOD:1;PP=Protein N-term;MT=Variable	NT=Trypsin;AC=MS:1001251	NT=Dithiothreitol (DTT);AC=PRIDE:0000608	NT=Iodoacetamide (IAA);AC=PRIDE:0000599	NT=Data-dependent acquisition;AC=PRIDE:0000627	NT=collision-induced dissociation;AC=MS:1000133	10 eV	0.6 Da	0.6 Da	1	1	Normal group_9_RA6_01_23951.mzXML	v1.1.0	NT=ms-proteomics;VV=v1.1.0	NT=metaproteomics;VV=v1.0.0	NT=clinical-metadata;VV=v1.0.0	manual curation	conventional farm antibiotic program
CTRL_9	CTRL_9	pig gut metagenome	caecum	not applicable	normal	JPST001878	intestine environment	Chon Buri Province	not available	pig cecal microbiome	-80C	conventional farm antibiotic program	1	Normal group_9_RA6_01_23952	proteomic profiling by mass spectrometry	NT=impact II;AC=MS:1002666	NT=label free sample;AC=MS:1002038	NT=Carbamidomethyl;AC=UNIMOD:4;TA=C;MT=Fixed	NT=Oxidation;AC=UNIMOD:35;TA=M;MT=Variable	NT=Acetyl;AC=UNIMOD:1;PP=Protein N-term;MT=Variable	NT=Trypsin;AC=MS:1001251	NT=Dithiothreitol (DTT);AC=PRIDE:0000608	NT=Iodoacetamide (IAA);AC=PRIDE:0000599	NT=Data-dependent acquisition;AC=PRIDE:0000627	NT=collision-induced dissociation;AC=MS:1000133	10 eV	0.6 Da	0.6 Da	1	2	Normal group_9_RA6_01_23952.mzXML	v1.1.0	NT=ms-proteomics;VV=v1.1.0	NT=metaproteomics;VV=v1.0.0	NT=clinical-metadata;VV=v1.0.0	manual curation	conventional farm antibiotic program
CTRL_9	CTRL_9	pig gut metagenome	caecum	not applicable	normal	JPST001878	intestine environment	Chon Buri Province	not available	pig cecal microbiome	-80C	conventional farm antibiotic program	1	Normal group_9_RA6_01_23953	proteomic profiling by mass spectrometry	NT=impact II;AC=MS:1002666	NT=label free sample;AC=MS:1002038	NT=Carbamidomethyl;AC=UNIMOD:4;TA=C;MT=Fixed	NT=Oxidation;AC=UNIMOD:35;TA=M;MT=Variable	NT=Acetyl;AC=UNIMOD:1;PP=Protein N-term;MT=Variable	NT=Trypsin;AC=MS:1001251	NT=Dithiothreitol (DTT);AC=PRIDE:0000608	NT=Iodoacetamide (IAA);AC=PRIDE:0000599	NT=Data-dependent acquisition;AC=PRIDE:0000627	NT=collision-induced dissociation;AC=MS:1000133	10 eV	0.6 Da	0.6 Da	1	3	Normal group_9_RA6_01_23953.mzXML	v1.1.0	NT=ms-proteomics;VV=v1.1.0	NT=metaproteomics;VV=v1.0.0	NT=clinical-metadata;VV=v1.0.0	manual curation	conventional farm antibiotic program
CTRL_10	CTRL_10	pig gut metagenome	caecum	not applicable	normal	JPST001878	intestine environment	Chon Buri Province	not available	pig cecal microbiome	-80C	conventional farm antibiotic program	1	Normal group_10_RA7_01_23955	proteomic profiling by mass spectrometry	NT=impact II;AC=MS:1002666	NT=label free sample;AC=MS:1002038	NT=Carbamidomethyl;AC=UNIMOD:4;TA=C;MT=Fixed	NT=Oxidation;AC=UNIMOD:35;TA=M;MT=Variable	NT=Acetyl;AC=UNIMOD:1;PP=Protein N-term;MT=Variable	NT=Trypsin;AC=MS:1001251	NT=Dithiothreitol (DTT);AC=PRIDE:0000608	NT=Iodoacetamide (IAA);AC=PRIDE:0000599	NT=Data-dependent acquisition;AC=PRIDE:0000627	NT=collision-induced dissociation;AC=MS:1000133	10 eV	0.6 Da	0.6 Da	1	1	Normal group_10_RA7_01_23955.mzXML	v1.1.0	NT=ms-proteomics;VV=v1.1.0	NT=metaproteomics;VV=v1.0.0	NT=clinical-metadata;VV=v1.0.0	manual curation	conventional farm antibiotic program
CTRL_10	CTRL_10	pig gut metagenome	caecum	not applicable	normal	JPST001878	intestine environment	Chon Buri Province	not available	pig cecal microbiome	-80C	conventional farm antibiotic program	1	Normal group_10_RA7_01_23956	proteomic profiling by mass spectrometry	NT=impact II;AC=MS:1002666	NT=label free sample;AC=MS:1002038	NT=Carbamidomethyl;AC=UNIMOD:4;TA=C;MT=Fixed	NT=Oxidation;AC=UNIMOD:35;TA=M;MT=Variable	NT=Acetyl;AC=UNIMOD:1;PP=Protein N-term;MT=Variable	NT=Trypsin;AC=MS:1001251	NT=Dithiothreitol (DTT);AC=PRIDE:0000608	NT=Iodoacetamide (IAA);AC=PRIDE:0000599	NT=Data-dependent acquisition;AC=PRIDE:0000627	NT=collision-induced dissociation;AC=MS:1000133	10 eV	0.6 Da	0.6 Da	1	2	Normal group_10_RA7_01_23956.mzXML	v1.1.0	NT=ms-proteomics;VV=v1.1.0	NT=metaproteomics;VV=v1.0.0	NT=clinical-metadata;VV=v1.0.0	manual curation	conventional farm antibiotic program
CTRL_10	CTRL_10	pig gut metagenome	caecum	not applicable	normal	JPST001878	intestine environment	Chon Buri Province	not available	pig cecal microbiome	-80C	conventional farm antibiotic program	1	Normal group_10_RA7_01_23957	proteomic profiling by mass spectrometry	NT=impact II;AC=MS:1002666	NT=label free sample;AC=MS:1002038	NT=Carbamidomethyl;AC=UNIMOD:4;TA=C;MT=Fixed	NT=Oxidation;AC=UNIMOD:35;TA=M;MT=Variable	NT=Acetyl;AC=UNIMOD:1;PP=Protein N-term;MT=Variable	NT=Trypsin;AC=MS:1001251	NT=Dithiothreitol (DTT);AC=PRIDE:0000608	NT=Iodoacetamide (IAA);AC=PRIDE:0000599	NT=Data-dependent acquisition;AC=PRIDE:0000627	NT=collision-induced dissociation;AC=MS:1000133	10 eV	0.6 Da	0.6 Da	1	3	Normal group_10_RA7_01_23957.mzXML	v1.1.0	NT=ms-proteomics;VV=v1.1.0	NT=metaproteomics;VV=v1.0.0	NT=clinical-metadata;VV=v1.0.0	manual curation	conventional farm antibiotic program
CTRL_11	CTRL_11	pig gut metagenome	caecum	not applicable	normal	JPST001878	intestine environment	Chon Buri Province	not available	pig cecal microbiome	-80C	conventional farm antibiotic program	1	Normal group_11_RA8_01_23958	proteomic profiling by mass spectrometry	NT=impact II;AC=MS:1002666	NT=label free sample;AC=MS:1002038	NT=Carbamidomethyl;AC=UNIMOD:4;TA=C;MT=Fixed	NT=Oxidation;AC=UNIMOD:35;TA=M;MT=Variable	NT=Acetyl;AC=UNIMOD:1;PP=Protein N-term;MT=Variable	NT=Trypsin;AC=MS:1001251	NT=Dithiothreitol (DTT);AC=PRIDE:0000608	NT=Iodoacetamide (IAA);AC=PRIDE:0000599	NT=Data-dependent acquisition;AC=PRIDE:0000627	NT=collision-induced dissociation;AC=MS:1000133	10 eV	0.6 Da	0.6 Da	1	1	Normal group_11_RA8_01_23958.mzXML	v1.1.0	NT=ms-proteomics;VV=v1.1.0	NT=metaproteomics;VV=v1.0.0	NT=clinical-metadata;VV=v1.0.0	manual curation	conventional farm antibiotic program
CTRL_11	CTRL_11	pig gut metagenome	caecum	not applicable	normal	JPST001878	intestine environment	Chon Buri Province	not available	pig cecal microbiome	-80C	conventional farm antibiotic program	1	Normal group_11_RA8_01_23959	proteomic profiling by mass spectrometry	NT=impact II;AC=MS:1002666	NT=label free sample;AC=MS:1002038	NT=Carbamidomethyl;AC=UNIMOD:4;TA=C;MT=Fixed	NT=Oxidation;AC=UNIMOD:35;TA=M;MT=Variable	NT=Acetyl;AC=UNIMOD:1;PP=Protein N-term;MT=Variable	NT=Trypsin;AC=MS:1001251	NT=Dithiothreitol (DTT);AC=PRIDE:0000608	NT=Iodoacetamide (IAA);AC=PRIDE:0000599	NT=Data-dependent acquisition;AC=PRIDE:0000627	NT=collision-induced dissociation;AC=MS:1000133	10 eV	0.6 Da	0.6 Da	1	2	Normal group_11_RA8_01_23959.mzXML	v1.1.0	NT=ms-proteomics;VV=v1.1.0	NT=metaproteomics;VV=v1.0.0	NT=clinical-metadata;VV=v1.0.0	manual curation	conventional farm antibiotic program
CTRL_11	CTRL_11	pig gut metagenome	caecum	not applicable	normal	JPST001878	intestine environment	Chon Buri Province	not available	pig cecal microbiome	-80C	conventional farm antibiotic program	1	Normal group_11_RA8_01_23960	proteomic profiling by mass spectrometry	NT=impact II;AC=MS:1002666	NT=label free sample;AC=MS:1002038	NT=Carbamidomethyl;AC=UNIMOD:4;TA=C;MT=Fixed	NT=Oxidation;AC=UNIMOD:35;TA=M;MT=Variable	NT=Acetyl;AC=UNIMOD:1;PP=Protein N-term;MT=Variable	NT=Trypsin;AC=MS:1001251	NT=Dithiothreitol (DTT);AC=PRIDE:0000608	NT=Iodoacetamide (IAA);AC=PRIDE:0000599	NT=Data-dependent acquisition;AC=PRIDE:0000627	NT=collision-induced dissociation;AC=MS:1000133	10 eV	0.6 Da	0.6 Da	1	3	Normal group_11_RA8_01_23960.mzXML	v1.1.0	NT=ms-proteomics;VV=v1.1.0	NT=metaproteomics;VV=v1.0.0	NT=clinical-metadata;VV=v1.0.0	manual curation	conventional farm antibiotic program
CTRL_12	CTRL_12	pig gut metagenome	caecum	not applicable	normal	JPST001878	intestine environment	Chon Buri Province	not available	pig cecal microbiome	-80C	conventional farm antibiotic program	1	Normal group_12_RB1_01_23961	proteomic profiling by mass spectrometry	NT=impact II;AC=MS:1002666	NT=label free sample;AC=MS:1002038	NT=Carbamidomethyl;AC=UNIMOD:4;TA=C;MT=Fixed	NT=Oxidation;AC=UNIMOD:35;TA=M;MT=Variable	NT=Acetyl;AC=UNIMOD:1;PP=Protein N-term;MT=Variable	NT=Trypsin;AC=MS:1001251	NT=Dithiothreitol (DTT);AC=PRIDE:0000608	NT=Iodoacetamide (IAA);AC=PRIDE:0000599	NT=Data-dependent acquisition;AC=PRIDE:0000627	NT=collision-induced dissociation;AC=MS:1000133	10 eV	0.6 Da	0.6 Da	1	1	Normal group_12_RB1_01_23961.mzXML	v1.1.0	NT=ms-proteomics;VV=v1.1.0	NT=metaproteomics;VV=v1.0.0	NT=clinical-metadata;VV=v1.0.0	manual curation	conventional farm antibiotic program
CTRL_12	CTRL_12	pig gut metagenome	caecum	not applicable	normal	JPST001878	intestine environment	Chon Buri Province	not available	pig cecal microbiome	-80C	conventional farm antibiotic program	1	Normal group_12_RB1_01_23962	proteomic profiling by mass spectrometry	NT=impact II;AC=MS:1002666	NT=label free sample;AC=MS:1002038	NT=Carbamidomethyl;AC=UNIMOD:4;TA=C;MT=Fixed	NT=Oxidation;AC=UNIMOD:35;TA=M;MT=Variable	NT=Acetyl;AC=UNIMOD:1;PP=Protein N-term;MT=Variable	NT=Trypsin;AC=MS:1001251	NT=Dithiothreitol (DTT);AC=PRIDE:0000608	NT=Iodoacetamide (IAA);AC=PRIDE:0000599	NT=Data-dependent acquisition;AC=PRIDE:0000627	NT=collision-induced dissociation;AC=MS:1000133	10 eV	0.6 Da	0.6 Da	1	2	Normal group_12_RB1_01_23962.mzXML	v1.1.0	NT=ms-proteomics;VV=v1.1.0	NT=metaproteomics;VV=v1.0.0	NT=clinical-metadata;VV=v1.0.0	manual curation	conventional farm antibiotic program
CTRL_12	CTRL_12	pig gut metagenome	caecum	not applicable	normal	JPST001878	intestine environment	Chon Buri Province	not available	pig cecal microbiome	-80C	conventional farm antibiotic program	1	Normal group_12_RB1_01_23963	proteomic profiling by mass spectrometry	NT=impact II;AC=MS:1002666	NT=label free sample;AC=MS:1002038	NT=Carbamidomethyl;AC=UNIMOD:4;TA=C;MT=Fixed	NT=Oxidation;AC=UNIMOD:35;TA=M;MT=Variable	NT=Acetyl;AC=UNIMOD:1;PP=Protein N-term;MT=Variable	NT=Trypsin;AC=MS:1001251	NT=Dithiothreitol (DTT);AC=PRIDE:0000608	NT=Iodoacetamide (IAA);AC=PRIDE:0000599	NT=Data-dependent acquisition;AC=PRIDE:0000627	NT=collision-induced dissociation;AC=MS:1000133	10 eV	0.6 Da	0.6 Da	1	3	Normal group_12_RB1_01_23963.mzXML	v1.1.0	NT=ms-proteomics;VV=v1.1.0	NT=metaproteomics;VV=v1.0.0	NT=clinical-metadata;VV=v1.0.0	manual curation	conventional farm antibiotic program
CTRL_13	CTRL_13	pig gut metagenome	caecum	not applicable	normal	JPST001878	intestine environment	Chon Buri Province	not available	pig cecal microbiome	-80C	conventional farm antibiotic program	1	Normal group_13_RB2_01_23965	proteomic profiling by mass spectrometry	NT=impact II;AC=MS:1002666	NT=label free sample;AC=MS:1002038	NT=Carbamidomethyl;AC=UNIMOD:4;TA=C;MT=Fixed	NT=Oxidation;AC=UNIMOD:35;TA=M;MT=Variable	NT=Acetyl;AC=UNIMOD:1;PP=Protein N-term;MT=Variable	NT=Trypsin;AC=MS:1001251	NT=Dithiothreitol (DTT);AC=PRIDE:0000608	NT=Iodoacetamide (IAA);AC=PRIDE:0000599	NT=Data-dependent acquisition;AC=PRIDE:0000627	NT=collision-induced dissociation;AC=MS:1000133	10 eV	0.6 Da	0.6 Da	1	1	Normal group_13_RB2_01_23965.mzXML	v1.1.0	NT=ms-proteomics;VV=v1.1.0	NT=metaproteomics;VV=v1.0.0	NT=clinical-metadata;VV=v1.0.0	manual curation	conventional farm antibiotic program
CTRL_13	CTRL_13	pig gut metagenome	caecum	not applicable	normal	JPST001878	intestine environment	Chon Buri Province	not available	pig cecal microbiome	-80C	conventional farm antibiotic program	1	Normal group_13_RB2_01_23966	proteomic profiling by mass spectrometry	NT=impact II;AC=MS:1002666	NT=label free sample;AC=MS:1002038	NT=Carbamidomethyl;AC=UNIMOD:4;TA=C;MT=Fixed	NT=Oxidation;AC=UNIMOD:35;TA=M;MT=Variable	NT=Acetyl;AC=UNIMOD:1;PP=Protein N-term;MT=Variable	NT=Trypsin;AC=MS:1001251	NT=Dithiothreitol (DTT);AC=PRIDE:0000608	NT=Iodoacetamide (IAA);AC=PRIDE:0000599	NT=Data-dependent acquisition;AC=PRIDE:0000627	NT=collision-induced dissociation;AC=MS:1000133	10 eV	0.6 Da	0.6 Da	1	2	Normal group_13_RB2_01_23966.mzXML	v1.1.0	NT=ms-proteomics;VV=v1.1.0	NT=metaproteomics;VV=v1.0.0	NT=clinical-metadata;VV=v1.0.0	manual curation	conventional farm antibiotic program
CTRL_13	CTRL_13	pig gut metagenome	caecum	not applicable	normal	JPST001878	intestine environment	Chon Buri Province	not available	pig cecal microbiome	-80C	conventional farm antibiotic program	1	Normal group_13_RB2_01_23967	proteomic profiling by mass spectrometry	NT=impact II;AC=MS:1002666	NT=label free sample;AC=MS:1002038	NT=Carbamidomethyl;AC=UNIMOD:4;TA=C;MT=Fixed	NT=Oxidation;AC=UNIMOD:35;TA=M;MT=Variable	NT=Acetyl;AC=UNIMOD:1;PP=Protein N-term;MT=Variable	NT=Trypsin;AC=MS:1001251	NT=Dithiothreitol (DTT);AC=PRIDE:0000608	NT=Iodoacetamide (IAA);AC=PRIDE:0000599	NT=Data-dependent acquisition;AC=PRIDE:0000627	NT=collision-induced dissociation;AC=MS:1000133	10 eV	0.6 Da	0.6 Da	1	3	Normal group_13_RB2_01_23967.mzXML	v1.1.0	NT=ms-proteomics;VV=v1.1.0	NT=metaproteomics;VV=v1.0.0	NT=clinical-metadata;VV=v1.0.0	manual curation	conventional farm antibiotic program
CTRL_14	CTRL_14	pig gut metagenome	caecum	not applicable	normal	JPST001878	intestine environment	Chon Buri Province	not available	pig cecal microbiome	-80C	conventional farm antibiotic program	1	Normal group_14_RB3_01_23968	proteomic profiling by mass spectrometry	NT=impact II;AC=MS:1002666	NT=label free sample;AC=MS:1002038	NT=Carbamidomethyl;AC=UNIMOD:4;TA=C;MT=Fixed	NT=Oxidation;AC=UNIMOD:35;TA=M;MT=Variable	NT=Acetyl;AC=UNIMOD:1;PP=Protein N-term;MT=Variable	NT=Trypsin;AC=MS:1001251	NT=Dithiothreitol (DTT);AC=PRIDE:0000608	NT=Iodoacetamide (IAA);AC=PRIDE:0000599	NT=Data-dependent acquisition;AC=PRIDE:0000627	NT=collision-induced dissociation;AC=MS:1000133	10 eV	0.6 Da	0.6 Da	1	1	Normal group_14_RB3_01_23968.mzXML	v1.1.0	NT=ms-proteomics;VV=v1.1.0	NT=metaproteomics;VV=v1.0.0	NT=clinical-metadata;VV=v1.0.0	manual curation	conventional farm antibiotic program
CTRL_14	CTRL_14	pig gut metagenome	caecum	not applicable	normal	JPST001878	intestine environment	Chon Buri Province	not available	pig cecal microbiome	-80C	conventional farm antibiotic program	1	Normal group_14_RB3_01_23969	proteomic profiling by mass spectrometry	NT=impact II;AC=MS:1002666	NT=label free sample;AC=MS:1002038	NT=Carbamidomethyl;AC=UNIMOD:4;TA=C;MT=Fixed	NT=Oxidation;AC=UNIMOD:35;TA=M;MT=Variable	NT=Acetyl;AC=UNIMOD:1;PP=Protein N-term;MT=Variable	NT=Trypsin;AC=MS:1001251	NT=Dithiothreitol (DTT);AC=PRIDE:0000608	NT=Iodoacetamide (IAA);AC=PRIDE:0000599	NT=Data-dependent acquisition;AC=PRIDE:0000627	NT=collision-induced dissociation;AC=MS:1000133	10 eV	0.6 Da	0.6 Da	1	2	Normal group_14_RB3_01_23969.mzXML	v1.1.0	NT=ms-proteomics;VV=v1.1.0	NT=metaproteomics;VV=v1.0.0	NT=clinical-metadata;VV=v1.0.0	manual curation	conventional farm antibiotic program
CTRL_14	CTRL_14	pig gut metagenome	caecum	not applicable	normal	JPST001878	intestine environment	Chon Buri Province	not available	pig cecal microbiome	-80C	conventional farm antibiotic program	1	Normal group_14_RB3_01_23970	proteomic profiling by mass spectrometry	NT=impact II;AC=MS:1002666	NT=label free sample;AC=MS:1002038	NT=Carbamidomethyl;AC=UNIMOD:4;TA=C;MT=Fixed	NT=Oxidation;AC=UNIMOD:35;TA=M;MT=Variable	NT=Acetyl;AC=UNIMOD:1;PP=Protein N-term;MT=Variable	NT=Trypsin;AC=MS:1001251	NT=Dithiothreitol (DTT);AC=PRIDE:0000608	NT=Iodoacetamide (IAA);AC=PRIDE:0000599	NT=Data-dependent acquisition;AC=PRIDE:0000627	NT=collision-induced dissociation;AC=MS:1000133	10 eV	0.6 Da	0.6 Da	1	3	Normal group_14_RB3_01_23970.mzXML	v1.1.0	NT=ms-proteomics;VV=v1.1.0	NT=metaproteomics;VV=v1.0.0	NT=clinical-metadata;VV=v1.0.0	manual curation	conventional farm antibiotic program
CTRL_15	CTRL_15	pig gut metagenome	caecum	not applicable	normal	JPST001878	intestine environment	Chon Buri Province	not available	pig cecal microbiome	-80C	conventional farm antibiotic program	1	Normal group_15_RB4_01_23971	proteomic profiling by mass spectrometry	NT=impact II;AC=MS:1002666	NT=label free sample;AC=MS:1002038	NT=Carbamidomethyl;AC=UNIMOD:4;TA=C;MT=Fixed	NT=Oxidation;AC=UNIMOD:35;TA=M;MT=Variable	NT=Acetyl;AC=UNIMOD:1;PP=Protein N-term;MT=Variable	NT=Trypsin;AC=MS:1001251	NT=Dithiothreitol (DTT);AC=PRIDE:0000608	NT=Iodoacetamide (IAA);AC=PRIDE:0000599	NT=Data-dependent acquisition;AC=PRIDE:0000627	NT=collision-induced dissociation;AC=MS:1000133	10 eV	0.6 Da	0.6 Da	1	1	Normal group_15_RB4_01_23971.mzXML	v1.1.0	NT=ms-proteomics;VV=v1.1.0	NT=metaproteomics;VV=v1.0.0	NT=clinical-metadata;VV=v1.0.0	manual curation	conventional farm antibiotic program
CTRL_15	CTRL_15	pig gut metagenome	caecum	not applicable	normal	JPST001878	intestine environment	Chon Buri Province	not available	pig cecal microbiome	-80C	conventional farm antibiotic program	1	Normal group_15_RB4_01_23972	proteomic profiling by mass spectrometry	NT=impact II;AC=MS:1002666	NT=label free sample;AC=MS:1002038	NT=Carbamidomethyl;AC=UNIMOD:4;TA=C;MT=Fixed	NT=Oxidation;AC=UNIMOD:35;TA=M;MT=Variable	NT=Acetyl;AC=UNIMOD:1;PP=Protein N-term;MT=Variable	NT=Trypsin;AC=MS:1001251	NT=Dithiothreitol (DTT);AC=PRIDE:0000608	NT=Iodoacetamide (IAA);AC=PRIDE:0000599	NT=Data-dependent acquisition;AC=PRIDE:0000627	NT=collision-induced dissociation;AC=MS:1000133	10 eV	0.6 Da	0.6 Da	1	2	Normal group_15_RB4_01_23972.mzXML	v1.1.0	NT=ms-proteomics;VV=v1.1.0	NT=metaproteomics;VV=v1.0.0	NT=clinical-metadata;VV=v1.0.0	manual curation	conventional farm antibiotic program
CTRL_15	CTRL_15	pig gut metagenome	caecum	not applicable	normal	JPST001878	intestine environment	Chon Buri Province	not available	pig cecal microbiome	-80C	conventional farm antibiotic program	1	Normal group_15_RB4_01_23973	proteomic profiling by mass spectrometry	NT=impact II;AC=MS:1002666	NT=label free sample;AC=MS:1002038	NT=Carbamidomethyl;AC=UNIMOD:4;TA=C;MT=Fixed	NT=Oxidation;AC=UNIMOD:35;TA=M;MT=Variable	NT=Acetyl;AC=UNIMOD:1;PP=Protein N-term;MT=Variable	NT=Trypsin;AC=MS:1001251	NT=Dithiothreitol (DTT);AC=PRIDE:0000608	NT=Iodoacetamide (IAA);AC=PRIDE:0000599	NT=Data-dependent acquisition;AC=PRIDE:0000627	NT=collision-induced dissociation;AC=MS:1000133	10 eV	0.6 Da	0.6 Da	1	3	Normal group_15_RB4_01_23973.mzXML	v1.1.0	NT=ms-proteomics;VV=v1.1.0	NT=metaproteomics;VV=v1.0.0	NT=clinical-metadata;VV=v1.0.0	manual curation	conventional farm antibiotic program
CTRL_16	CTRL_16	pig gut metagenome	caecum	not applicable	normal	JPST001878	intestine environment	Chon Buri Province	not available	pig cecal microbiome	-80C	conventional farm antibiotic program	1	Normal group_16_RB5_01_23975	proteomic profiling by mass spectrometry	NT=impact II;AC=MS:1002666	NT=label free sample;AC=MS:1002038	NT=Carbamidomethyl;AC=UNIMOD:4;TA=C;MT=Fixed	NT=Oxidation;AC=UNIMOD:35;TA=M;MT=Variable	NT=Acetyl;AC=UNIMOD:1;PP=Protein N-term;MT=Variable	NT=Trypsin;AC=MS:1001251	NT=Dithiothreitol (DTT);AC=PRIDE:0000608	NT=Iodoacetamide (IAA);AC=PRIDE:0000599	NT=Data-dependent acquisition;AC=PRIDE:0000627	NT=collision-induced dissociation;AC=MS:1000133	10 eV	0.6 Da	0.6 Da	1	1	Normal group_16_RB5_01_23975.mzXML	v1.1.0	NT=ms-proteomics;VV=v1.1.0	NT=metaproteomics;VV=v1.0.0	NT=clinical-metadata;VV=v1.0.0	manual curation	conventional farm antibiotic program
CTRL_16	CTRL_16	pig gut metagenome	caecum	not applicable	normal	JPST001878	intestine environment	Chon Buri Province	not available	pig cecal microbiome	-80C	conventional farm antibiotic program	1	Normal group_16_RB5_01_23976	proteomic profiling by mass spectrometry	NT=impact II;AC=MS:1002666	NT=label free sample;AC=MS:1002038	NT=Carbamidomethyl;AC=UNIMOD:4;TA=C;MT=Fixed	NT=Oxidation;AC=UNIMOD:35;TA=M;MT=Variable	NT=Acetyl;AC=UNIMOD:1;PP=Protein N-term;MT=Variable	NT=Trypsin;AC=MS:1001251	NT=Dithiothreitol (DTT);AC=PRIDE:0000608	NT=Iodoacetamide (IAA);AC=PRIDE:0000599	NT=Data-dependent acquisition;AC=PRIDE:0000627	NT=collision-induced dissociation;AC=MS:1000133	10 eV	0.6 Da	0.6 Da	1	2	Normal group_16_RB5_01_23976.mzXML	v1.1.0	NT=ms-proteomics;VV=v1.1.0	NT=metaproteomics;VV=v1.0.0	NT=clinical-metadata;VV=v1.0.0	manual curation	conventional farm antibiotic program
CTRL_16	CTRL_16	pig gut metagenome	caecum	not applicable	normal	JPST001878	intestine environment	Chon Buri Province	not available	pig cecal microbiome	-80C	conventional farm antibiotic program	1	Normal group_16_RB5_01_23977	proteomic profiling by mass spectrometry	NT=impact II;AC=MS:1002666	NT=label free sample;AC=MS:1002038	NT=Carbamidomethyl;AC=UNIMOD:4;TA=C;MT=Fixed	NT=Oxidation;AC=UNIMOD:35;TA=M;MT=Variable	NT=Acetyl;AC=UNIMOD:1;PP=Protein N-term;MT=Variable	NT=Trypsin;AC=MS:1001251	NT=Dithiothreitol (DTT);AC=PRIDE:0000608	NT=Iodoacetamide (IAA);AC=PRIDE:0000599	NT=Data-dependent acquisition;AC=PRIDE:0000627	NT=collision-induced dissociation;AC=MS:1000133	10 eV	0.6 Da	0.6 Da	1	3	Normal group_16_RB5_01_23977.mzXML	v1.1.0	NT=ms-proteomics;VV=v1.1.0	NT=metaproteomics;VV=v1.0.0	NT=clinical-metadata;VV=v1.0.0	manual curation	conventional farm antibiotic program
CTRL_17	CTRL_17	pig gut metagenome	caecum	not applicable	normal	JPST001878	intestine environment	Chon Buri Province	not available	pig cecal microbiome	-80C	conventional farm antibiotic program	1	Normal group_17_RB6_01_23978	proteomic profiling by mass spectrometry	NT=impact II;AC=MS:1002666	NT=label free sample;AC=MS:1002038	NT=Carbamidomethyl;AC=UNIMOD:4;TA=C;MT=Fixed	NT=Oxidation;AC=UNIMOD:35;TA=M;MT=Variable	NT=Acetyl;AC=UNIMOD:1;PP=Protein N-term;MT=Variable	NT=Trypsin;AC=MS:1001251	NT=Dithiothreitol (DTT);AC=PRIDE:0000608	NT=Iodoacetamide (IAA);AC=PRIDE:0000599	NT=Data-dependent acquisition;AC=PRIDE:0000627	NT=collision-induced dissociation;AC=MS:1000133	10 eV	0.6 Da	0.6 Da	1	1	Normal group_17_RB6_01_23978.mzXML	v1.1.0	NT=ms-proteomics;VV=v1.1.0	NT=metaproteomics;VV=v1.0.0	NT=clinical-metadata;VV=v1.0.0	manual curation	conventional farm antibiotic program
CTRL_17	CTRL_17	pig gut metagenome	caecum	not applicable	normal	JPST001878	intestine environment	Chon Buri Province	not available	pig cecal microbiome	-80C	conventional farm antibiotic program	1	Normal group_17_RB6_01_23979	proteomic profiling by mass spectrometry	NT=impact II;AC=MS:1002666	NT=label free sample;AC=MS:1002038	NT=Carbamidomethyl;AC=UNIMOD:4;TA=C;MT=Fixed	NT=Oxidation;AC=UNIMOD:35;TA=M;MT=Variable	NT=Acetyl;AC=UNIMOD:1;PP=Protein N-term;MT=Variable	NT=Trypsin;AC=MS:1001251	NT=Dithiothreitol (DTT);AC=PRIDE:0000608	NT=Iodoacetamide (IAA);AC=PRIDE:0000599	NT=Data-dependent acquisition;AC=PRIDE:0000627	NT=collision-induced dissociation;AC=MS:1000133	10 eV	0.6 Da	0.6 Da	1	2	Normal group_17_RB6_01_23979.mzXML	v1.1.0	NT=ms-proteomics;VV=v1.1.0	NT=metaproteomics;VV=v1.0.0	NT=clinical-metadata;VV=v1.0.0	manual curation	conventional farm antibiotic program
CTRL_17	CTRL_17	pig gut metagenome	caecum	not applicable	normal	JPST001878	intestine environment	Chon Buri Province	not available	pig cecal microbiome	-80C	conventional farm antibiotic program	1	Normal group_17_RB6_01_23980	proteomic profiling by mass spectrometry	NT=impact II;AC=MS:1002666	NT=label free sample;AC=MS:1002038	NT=Carbamidomethyl;AC=UNIMOD:4;TA=C;MT=Fixed	NT=Oxidation;AC=UNIMOD:35;TA=M;MT=Variable	NT=Acetyl;AC=UNIMOD:1;PP=Protein N-term;MT=Variable	NT=Trypsin;AC=MS:1001251	NT=Dithiothreitol (DTT);AC=PRIDE:0000608	NT=Iodoacetamide (IAA);AC=PRIDE:0000599	NT=Data-dependent acquisition;AC=PRIDE:0000627	NT=collision-induced dissociation;AC=MS:1000133	10 eV	0.6 Da	0.6 Da	1	3	Normal group_17_RB6_01_23980.mzXML	v1.1.0	NT=ms-proteomics;VV=v1.1.0	NT=metaproteomics;VV=v1.0.0	NT=clinical-metadata;VV=v1.0.0	manual curation	conventional farm antibiotic program
CTRL_18	CTRL_18	pig gut metagenome	caecum	not applicable	normal	JPST001878	intestine environment	Chon Buri Province	not available	pig cecal microbiome	-80C	conventional farm antibiotic program	1	Normal group_18_RB7_01_23981	proteomic profiling by mass spectrometry	NT=impact II;AC=MS:1002666	NT=label free sample;AC=MS:1002038	NT=Carbamidomethyl;AC=UNIMOD:4;TA=C;MT=Fixed	NT=Oxidation;AC=UNIMOD:35;TA=M;MT=Variable	NT=Acetyl;AC=UNIMOD:1;PP=Protein N-term;MT=Variable	NT=Trypsin;AC=MS:1001251	NT=Dithiothreitol (DTT);AC=PRIDE:0000608	NT=Iodoacetamide (IAA);AC=PRIDE:0000599	NT=Data-dependent acquisition;AC=PRIDE:0000627	NT=collision-induced dissociation;AC=MS:1000133	10 eV	0.6 Da	0.6 Da	1	1	Normal group_18_RB7_01_23981.mzXML	v1.1.0	NT=ms-proteomics;VV=v1.1.0	NT=metaproteomics;VV=v1.0.0	NT=clinical-metadata;VV=v1.0.0	manual curation	conventional farm antibiotic program
CTRL_18	CTRL_18	pig gut metagenome	caecum	not applicable	normal	JPST001878	intestine environment	Chon Buri Province	not available	pig cecal microbiome	-80C	conventional farm antibiotic program	1	Normal group_18_RB7_01_23982	proteomic profiling by mass spectrometry	NT=impact II;AC=MS:1002666	NT=label free sample;AC=MS:1002038	NT=Carbamidomethyl;AC=UNIMOD:4;TA=C;MT=Fixed	NT=Oxidation;AC=UNIMOD:35;TA=M;MT=Variable	NT=Acetyl;AC=UNIMOD:1;PP=Protein N-term;MT=Variable	NT=Trypsin;AC=MS:1001251	NT=Dithiothreitol (DTT);AC=PRIDE:0000608	NT=Iodoacetamide (IAA);AC=PRIDE:0000599	NT=Data-dependent acquisition;AC=PRIDE:0000627	NT=collision-induced dissociation;AC=MS:1000133	10 eV	0.6 Da	0.6 Da	1	2	Normal group_18_RB7_01_23982.mzXML	v1.1.0	NT=ms-proteomics;VV=v1.1.0	NT=metaproteomics;VV=v1.0.0	NT=clinical-metadata;VV=v1.0.0	manual curation	conventional farm antibiotic program
CTRL_18	CTRL_18	pig gut metagenome	caecum	not applicable	normal	JPST001878	intestine environment	Chon Buri Province	not available	pig cecal microbiome	-80C	conventional farm antibiotic program	1	Normal group_18_RB7_01_23983	proteomic profiling by mass spectrometry	NT=impact II;AC=MS:1002666	NT=label free sample;AC=MS:1002038	NT=Carbamidomethyl;AC=UNIMOD:4;TA=C;MT=Fixed	NT=Oxidation;AC=UNIMOD:35;TA=M;MT=Variable	NT=Acetyl;AC=UNIMOD:1;PP=Protein N-term;MT=Variable	NT=Trypsin;AC=MS:1001251	NT=Dithiothreitol (DTT);AC=PRIDE:0000608	NT=Iodoacetamide (IAA);AC=PRIDE:0000599	NT=Data-dependent acquisition;AC=PRIDE:0000627	NT=collision-induced dissociation;AC=MS:1000133	10 eV	0.6 Da	0.6 Da	1	3	Normal group_18_RB7_01_23983.mzXML	v1.1.0	NT=ms-proteomics;VV=v1.1.0	NT=metaproteomics;VV=v1.0.0	NT=clinical-metadata;VV=v1.0.0	manual curation	conventional farm antibiotic program
CTRL_19	CTRL_19	pig gut metagenome	caecum	not applicable	normal	JPST001878	intestine environment	Chon Buri Province	not available	pig cecal microbiome	-80C	conventional farm antibiotic program	1	Normal group_19_RB8_01_23985	proteomic profiling by mass spectrometry	NT=impact II;AC=MS:1002666	NT=label free sample;AC=MS:1002038	NT=Carbamidomethyl;AC=UNIMOD:4;TA=C;MT=Fixed	NT=Oxidation;AC=UNIMOD:35;TA=M;MT=Variable	NT=Acetyl;AC=UNIMOD:1;PP=Protein N-term;MT=Variable	NT=Trypsin;AC=MS:1001251	NT=Dithiothreitol (DTT);AC=PRIDE:0000608	NT=Iodoacetamide (IAA);AC=PRIDE:0000599	NT=Data-dependent acquisition;AC=PRIDE:0000627	NT=collision-induced dissociation;AC=MS:1000133	10 eV	0.6 Da	0.6 Da	1	1	Normal group_19_RB8_01_23985.mzXML	v1.1.0	NT=ms-proteomics;VV=v1.1.0	NT=metaproteomics;VV=v1.0.0	NT=clinical-metadata;VV=v1.0.0	manual curation	conventional farm antibiotic program
CTRL_19	CTRL_19	pig gut metagenome	caecum	not applicable	normal	JPST001878	intestine environment	Chon Buri Province	not available	pig cecal microbiome	-80C	conventional farm antibiotic program	1	Normal group_19_RB8_01_23986	proteomic profiling by mass spectrometry	NT=impact II;AC=MS:1002666	NT=label free sample;AC=MS:1002038	NT=Carbamidomethyl;AC=UNIMOD:4;TA=C;MT=Fixed	NT=Oxidation;AC=UNIMOD:35;TA=M;MT=Variable	NT=Acetyl;AC=UNIMOD:1;PP=Protein N-term;MT=Variable	NT=Trypsin;AC=MS:1001251	NT=Dithiothreitol (DTT);AC=PRIDE:0000608	NT=Iodoacetamide (IAA);AC=PRIDE:0000599	NT=Data-dependent acquisition;AC=PRIDE:0000627	NT=collision-induced dissociation;AC=MS:1000133	10 eV	0.6 Da	0.6 Da	1	2	Normal group_19_RB8_01_23986.mzXML	v1.1.0	NT=ms-proteomics;VV=v1.1.0	NT=metaproteomics;VV=v1.0.0	NT=clinical-metadata;VV=v1.0.0	manual curation	conventional farm antibiotic program
CTRL_19	CTRL_19	pig gut metagenome	caecum	not applicable	normal	JPST001878	intestine environment	Chon Buri Province	not available	pig cecal microbiome	-80C	conventional farm antibiotic program	1	Normal group_19_RB8_01_23987	proteomic profiling by mass spectrometry	NT=impact II;AC=MS:1002666	NT=label free sample;AC=MS:1002038	NT=Carbamidomethyl;AC=UNIMOD:4;TA=C;MT=Fixed	NT=Oxidation;AC=UNIMOD:35;TA=M;MT=Variable	NT=Acetyl;AC=UNIMOD:1;PP=Protein N-term;MT=Variable	NT=Trypsin;AC=MS:1001251	NT=Dithiothreitol (DTT);AC=PRIDE:0000608	NT=Iodoacetamide (IAA);AC=PRIDE:0000599	NT=Data-dependent acquisition;AC=PRIDE:0000627	NT=collision-induced dissociation;AC=MS:1000133	10 eV	0.6 Da	0.6 Da	1	3	Normal group_19_RB8_01_23987.mzXML	v1.1.0	NT=ms-proteomics;VV=v1.1.0	NT=metaproteomics;VV=v1.0.0	NT=clinical-metadata;VV=v1.0.0	manual curation	conventional farm antibiotic program
CTRL_20	CTRL_20	pig gut metagenome	caecum	not applicable	normal	JPST001878	intestine environment	Chon Buri Province	not available	pig cecal microbiome	-80C	conventional farm antibiotic program	1	Normal group_20_RC1_01_23988	proteomic profiling by mass spectrometry	NT=impact II;AC=MS:1002666	NT=label free sample;AC=MS:1002038	NT=Carbamidomethyl;AC=UNIMOD:4;TA=C;MT=Fixed	NT=Oxidation;AC=UNIMOD:35;TA=M;MT=Variable	NT=Acetyl;AC=UNIMOD:1;PP=Protein N-term;MT=Variable	NT=Trypsin;AC=MS:1001251	NT=Dithiothreitol (DTT);AC=PRIDE:0000608	NT=Iodoacetamide (IAA);AC=PRIDE:0000599	NT=Data-dependent acquisition;AC=PRIDE:0000627	NT=collision-induced dissociation;AC=MS:1000133	10 eV	0.6 Da	0.6 Da	1	1	Normal group_20_RC1_01_23988.mzXML	v1.1.0	NT=ms-proteomics;VV=v1.1.0	NT=metaproteomics;VV=v1.0.0	NT=clinical-metadata;VV=v1.0.0	manual curation	conventional farm antibiotic program
CTRL_20	CTRL_20	pig gut metagenome	caecum	not applicable	normal	JPST001878	intestine environment	Chon Buri Province	not available	pig cecal microbiome	-80C	conventional farm antibiotic program	1	Normal group_20_RC1_01_23989	proteomic profiling by mass spectrometry	NT=impact II;AC=MS:1002666	NT=label free sample;AC=MS:1002038	NT=Carbamidomethyl;AC=UNIMOD:4;TA=C;MT=Fixed	NT=Oxidation;AC=UNIMOD:35;TA=M;MT=Variable	NT=Acetyl;AC=UNIMOD:1;PP=Protein N-term;MT=Variable	NT=Trypsin;AC=MS:1001251	NT=Dithiothreitol (DTT);AC=PRIDE:0000608	NT=Iodoacetamide (IAA);AC=PRIDE:0000599	NT=Data-dependent acquisition;AC=PRIDE:0000627	NT=collision-induced dissociation;AC=MS:1000133	10 eV	0.6 Da	0.6 Da	1	2	Normal group_20_RC1_01_23989.mzXML	v1.1.0	NT=ms-proteomics;VV=v1.1.0	NT=metaproteomics;VV=v1.0.0	NT=clinical-metadata;VV=v1.0.0	manual curation	conventional farm antibiotic program
CTRL_20	CTRL_20	pig gut metagenome	caecum	not applicable	normal	JPST001878	intestine environment	Chon Buri Province	not available	pig cecal microbiome	-80C	conventional farm antibiotic program	1	Normal group_20_RC1_01_23990	proteomic profiling by mass spectrometry	NT=impact II;AC=MS:1002666	NT=label free sample;AC=MS:1002038	NT=Carbamidomethyl;AC=UNIMOD:4;TA=C;MT=Fixed	NT=Oxidation;AC=UNIMOD:35;TA=M;MT=Variable	NT=Acetyl;AC=UNIMOD:1;PP=Protein N-term;MT=Variable	NT=Trypsin;AC=MS:1001251	NT=Dithiothreitol (DTT);AC=PRIDE:0000608	NT=Iodoacetamide (IAA);AC=PRIDE:0000599	NT=Data-dependent acquisition;AC=PRIDE:0000627	NT=collision-induced dissociation;AC=MS:1000133	10 eV	0.6 Da	0.6 Da	1	3	Normal group_20_RC1_01_23990.mzXML	v1.1.0	NT=ms-proteomics;VV=v1.1.0	NT=metaproteomics;VV=v1.0.0	NT=clinical-metadata;VV=v1.0.0	manual curation	conventional farm antibiotic program
