source name	characteristics[organism]	characteristics[organism part]	characteristics[cell line]	characteristics[cell type]	characteristics[disease]	characteristics[biological replicate]	assay name	technology type	comment[data file]	comment[file uri]	comment[technical replicate]	comment[fraction identifier]	comment[label]	comment[instrument]	comment[proteomics data acquisition method]	comment[cleavage agent details]	comment[cleavage agent details]	comment[modification parameters]	comment[modification parameters]	comment[dissociation method]	comment[fractionation method]	comment[sdrf version]	comment[sdrf template]	comment[sdrf template]	comment[sdrf template]
PXD037812-Sample-1	Homo sapiens	Epithelial cell	HCT116	epithelial	colorectal cancer	1	20200616_CO_0956ElEi_R09_1	proteomic profiling by mass spectrometry	20200616_CO_0956ElEi_R09_1.raw	ftp://ftp.pride.ebi.ac.uk/pride/data/archive/2023/07/PXD037812/20200616_CO_0956ElEi_R09_1.raw	1	1	AC=MS:1002038;NT=label free sample	NT=Q Exactive HF;AC=MS:1002523	NT=Data-dependent acquisition;AC=PRIDE:0000449	NT=Trypsin;AC=MS:1001251	not available	NT=Carbamidomethyl;AC=UNIMOD:4;TA=C;MT=Fixed	not available	AC=MS:1000133;NT=CID	SDS-PAGE	v1.1.0	NT=ms-proteomics;VV=v1.1.0	NT=cell-lines;VV=v1.1.0	NT=human;VV=v1.1.0
PXD037812-Sample-1	Homo sapiens	Epithelial cell	HCT116	epithelial	colorectal cancer	1	20200616_CO_0956ElEi_R06_3	proteomic profiling by mass spectrometry	20200616_CO_0956ElEi_R06_3.raw	ftp://ftp.pride.ebi.ac.uk/pride/data/archive/2023/07/PXD037812/20200616_CO_0956ElEi_R06_3.raw	1	2	AC=MS:1002038;NT=label free sample	NT=Q Exactive HF;AC=MS:1002523	NT=Data-dependent acquisition;AC=PRIDE:0000449	NT=Trypsin;AC=MS:1001251	not available	NT=Carbamidomethyl;AC=UNIMOD:4;TA=C;MT=Fixed	not available	AC=MS:1000133;NT=CID	SDS-PAGE	v1.1.0	NT=ms-proteomics;VV=v1.1.0	NT=cell-lines;VV=v1.1.0	NT=human;VV=v1.1.0
PXD037812-Sample-1	Homo sapiens	Epithelial cell	HCT116	epithelial	colorectal cancer	1	20200616_CO_0956ElEi_R08_2	proteomic profiling by mass spectrometry	20200616_CO_0956ElEi_R08_2.raw	ftp://ftp.pride.ebi.ac.uk/pride/data/archive/2023/07/PXD037812/20200616_CO_0956ElEi_R08_2.raw	1	3	AC=MS:1002038;NT=label free sample	NT=Q Exactive HF;AC=MS:1002523	NT=Data-dependent acquisition;AC=PRIDE:0000449	NT=Trypsin;AC=MS:1001251	not available	NT=Carbamidomethyl;AC=UNIMOD:4;TA=C;MT=Fixed	not available	AC=MS:1000133;NT=CID	SDS-PAGE	v1.1.0	NT=ms-proteomics;VV=v1.1.0	NT=cell-lines;VV=v1.1.0	NT=human;VV=v1.1.0
PXD037812-Sample-1	Homo sapiens	Epithelial cell	HCT116	epithelial	colorectal cancer	1	20200616_CO_0956ElEi_R04_1	proteomic profiling by mass spectrometry	20200616_CO_0956ElEi_R04_1.raw	ftp://ftp.pride.ebi.ac.uk/pride/data/archive/2023/07/PXD037812/20200616_CO_0956ElEi_R04_1.raw	1	4	AC=MS:1002038;NT=label free sample	NT=Q Exactive HF;AC=MS:1002523	NT=Data-dependent acquisition;AC=PRIDE:0000449	NT=Trypsin;AC=MS:1001251	not available	NT=Carbamidomethyl;AC=UNIMOD:4;TA=C;MT=Fixed	not available	AC=MS:1000133;NT=CID	SDS-PAGE	v1.1.0	NT=ms-proteomics;VV=v1.1.0	NT=cell-lines;VV=v1.1.0	NT=human;VV=v1.1.0
PXD037812-Sample-1	Homo sapiens	Epithelial cell	HCT116	epithelial	colorectal cancer	1	20200616_CO_0956ElEi_R04_3	proteomic profiling by mass spectrometry	20200616_CO_0956ElEi_R04_3.raw	ftp://ftp.pride.ebi.ac.uk/pride/data/archive/2023/07/PXD037812/20200616_CO_0956ElEi_R04_3.raw	1	5	AC=MS:1002038;NT=label free sample	NT=Q Exactive HF;AC=MS:1002523	NT=Data-dependent acquisition;AC=PRIDE:0000449	NT=Trypsin;AC=MS:1001251	not available	NT=Carbamidomethyl;AC=UNIMOD:4;TA=C;MT=Fixed	not available	AC=MS:1000133;NT=CID	SDS-PAGE	v1.1.0	NT=ms-proteomics;VV=v1.1.0	NT=cell-lines;VV=v1.1.0	NT=human;VV=v1.1.0
PXD037812-Sample-1	Homo sapiens	Epithelial cell	HCT116	epithelial	colorectal cancer	1	20200616_CO_0956ElEi_R08_3	proteomic profiling by mass spectrometry	20200616_CO_0956ElEi_R08_3.raw	ftp://ftp.pride.ebi.ac.uk/pride/data/archive/2023/07/PXD037812/20200616_CO_0956ElEi_R08_3.raw	1	6	AC=MS:1002038;NT=label free sample	NT=Q Exactive HF;AC=MS:1002523	NT=Data-dependent acquisition;AC=PRIDE:0000449	NT=Trypsin;AC=MS:1001251	not available	NT=Carbamidomethyl;AC=UNIMOD:4;TA=C;MT=Fixed	not available	AC=MS:1000133;NT=CID	SDS-PAGE	v1.1.0	NT=ms-proteomics;VV=v1.1.0	NT=cell-lines;VV=v1.1.0	NT=human;VV=v1.1.0
PXD037812-Sample-1	Homo sapiens	Epithelial cell	HCT116	epithelial	colorectal cancer	1	20200616_CO_0956ElEi_R07_2	proteomic profiling by mass spectrometry	20200616_CO_0956ElEi_R07_2.raw	ftp://ftp.pride.ebi.ac.uk/pride/data/archive/2023/07/PXD037812/20200616_CO_0956ElEi_R07_2.raw	1	7	AC=MS:1002038;NT=label free sample	NT=Q Exactive HF;AC=MS:1002523	NT=Data-dependent acquisition;AC=PRIDE:0000449	NT=Trypsin;AC=MS:1001251	not available	NT=Carbamidomethyl;AC=UNIMOD:4;TA=C;MT=Fixed	not available	AC=MS:1000133;NT=CID	SDS-PAGE	v1.1.0	NT=ms-proteomics;VV=v1.1.0	NT=cell-lines;VV=v1.1.0	NT=human;VV=v1.1.0
PXD037812-Sample-1	Homo sapiens	Epithelial cell	HCT116	epithelial	colorectal cancer	1	20200616_CO_0956ElEi_R07_3	proteomic profiling by mass spectrometry	20200616_CO_0956ElEi_R07_3.raw	ftp://ftp.pride.ebi.ac.uk/pride/data/archive/2023/07/PXD037812/20200616_CO_0956ElEi_R07_3.raw	1	8	AC=MS:1002038;NT=label free sample	NT=Q Exactive HF;AC=MS:1002523	NT=Data-dependent acquisition;AC=PRIDE:0000449	NT=Trypsin;AC=MS:1001251	not available	NT=Carbamidomethyl;AC=UNIMOD:4;TA=C;MT=Fixed	not available	AC=MS:1000133;NT=CID	SDS-PAGE	v1.1.0	NT=ms-proteomics;VV=v1.1.0	NT=cell-lines;VV=v1.1.0	NT=human;VV=v1.1.0
PXD037812-Sample-1	Homo sapiens	Epithelial cell	HCT116	epithelial	colorectal cancer	1	20200616_CO_0956ElEi_R06_1	proteomic profiling by mass spectrometry	20200616_CO_0956ElEi_R06_1.raw	ftp://ftp.pride.ebi.ac.uk/pride/data/archive/2023/07/PXD037812/20200616_CO_0956ElEi_R06_1.raw	1	9	AC=MS:1002038;NT=label free sample	NT=Q Exactive HF;AC=MS:1002523	NT=Data-dependent acquisition;AC=PRIDE:0000449	NT=Trypsin;AC=MS:1001251	not available	NT=Carbamidomethyl;AC=UNIMOD:4;TA=C;MT=Fixed	not available	AC=MS:1000133;NT=CID	SDS-PAGE	v1.1.0	NT=ms-proteomics;VV=v1.1.0	NT=cell-lines;VV=v1.1.0	NT=human;VV=v1.1.0
PXD037812-Sample-1	Homo sapiens	Epithelial cell	HCT116	epithelial	colorectal cancer	1	20200616_CO_0956ElEi_R06_2	proteomic profiling by mass spectrometry	20200616_CO_0956ElEi_R06_2.raw	ftp://ftp.pride.ebi.ac.uk/pride/data/archive/2023/07/PXD037812/20200616_CO_0956ElEi_R06_2.raw	1	10	AC=MS:1002038;NT=label free sample	NT=Q Exactive HF;AC=MS:1002523	NT=Data-dependent acquisition;AC=PRIDE:0000449	NT=Trypsin;AC=MS:1001251	not available	NT=Carbamidomethyl;AC=UNIMOD:4;TA=C;MT=Fixed	not available	AC=MS:1000133;NT=CID	SDS-PAGE	v1.1.0	NT=ms-proteomics;VV=v1.1.0	NT=cell-lines;VV=v1.1.0	NT=human;VV=v1.1.0
PXD037812-Sample-1	Homo sapiens	Epithelial cell	HCT116	epithelial	colorectal cancer	1	20200616_CO_0956ElEi_R08_1	proteomic profiling by mass spectrometry	20200616_CO_0956ElEi_R08_1.raw	ftp://ftp.pride.ebi.ac.uk/pride/data/archive/2023/07/PXD037812/20200616_CO_0956ElEi_R08_1.raw	1	11	AC=MS:1002038;NT=label free sample	NT=Q Exactive HF;AC=MS:1002523	NT=Data-dependent acquisition;AC=PRIDE:0000449	NT=Trypsin;AC=MS:1001251	not available	NT=Carbamidomethyl;AC=UNIMOD:4;TA=C;MT=Fixed	not available	AC=MS:1000133;NT=CID	SDS-PAGE	v1.1.0	NT=ms-proteomics;VV=v1.1.0	NT=cell-lines;VV=v1.1.0	NT=human;VV=v1.1.0
PXD037812-Sample-1	Homo sapiens	Epithelial cell	HCT116	epithelial	colorectal cancer	1	20200616_CO_0956ElEi_R04_2	proteomic profiling by mass spectrometry	20200616_CO_0956ElEi_R04_2.raw	ftp://ftp.pride.ebi.ac.uk/pride/data/archive/2023/07/PXD037812/20200616_CO_0956ElEi_R04_2.raw	1	12	AC=MS:1002038;NT=label free sample	NT=Q Exactive HF;AC=MS:1002523	NT=Data-dependent acquisition;AC=PRIDE:0000449	NT=Trypsin;AC=MS:1001251	not available	NT=Carbamidomethyl;AC=UNIMOD:4;TA=C;MT=Fixed	not available	AC=MS:1000133;NT=CID	SDS-PAGE	v1.1.0	NT=ms-proteomics;VV=v1.1.0	NT=cell-lines;VV=v1.1.0	NT=human;VV=v1.1.0
PXD037812-Sample-1	Homo sapiens	Epithelial cell	HCT116	epithelial	colorectal cancer	1	20200616_CO_0956ElEi_R09_2	proteomic profiling by mass spectrometry	20200616_CO_0956ElEi_R09_2.raw	ftp://ftp.pride.ebi.ac.uk/pride/data/archive/2023/07/PXD037812/20200616_CO_0956ElEi_R09_2.raw	1	13	AC=MS:1002038;NT=label free sample	NT=Q Exactive HF;AC=MS:1002523	NT=Data-dependent acquisition;AC=PRIDE:0000449	NT=Trypsin;AC=MS:1001251	not available	NT=Carbamidomethyl;AC=UNIMOD:4;TA=C;MT=Fixed	not available	AC=MS:1000133;NT=CID	SDS-PAGE	v1.1.0	NT=ms-proteomics;VV=v1.1.0	NT=cell-lines;VV=v1.1.0	NT=human;VV=v1.1.0
PXD037812-Sample-1	Homo sapiens	Epithelial cell	HCT116	epithelial	colorectal cancer	1	20200616_CO_0956ElEi_R05_2	proteomic profiling by mass spectrometry	20200616_CO_0956ElEi_R05_2.raw	ftp://ftp.pride.ebi.ac.uk/pride/data/archive/2023/07/PXD037812/20200616_CO_0956ElEi_R05_2.raw	1	14	AC=MS:1002038;NT=label free sample	NT=Q Exactive HF;AC=MS:1002523	NT=Data-dependent acquisition;AC=PRIDE:0000449	NT=Trypsin;AC=MS:1001251	not available	NT=Carbamidomethyl;AC=UNIMOD:4;TA=C;MT=Fixed	not available	AC=MS:1000133;NT=CID	SDS-PAGE	v1.1.0	NT=ms-proteomics;VV=v1.1.0	NT=cell-lines;VV=v1.1.0	NT=human;VV=v1.1.0
PXD037812-Sample-1	Homo sapiens	Epithelial cell	HCT116	epithelial	colorectal cancer	1	20200616_CO_0956ElEi_R07_1	proteomic profiling by mass spectrometry	20200616_CO_0956ElEi_R07_1.raw	ftp://ftp.pride.ebi.ac.uk/pride/data/archive/2023/07/PXD037812/20200616_CO_0956ElEi_R07_1.raw	1	15	AC=MS:1002038;NT=label free sample	NT=Q Exactive HF;AC=MS:1002523	NT=Data-dependent acquisition;AC=PRIDE:0000449	NT=Trypsin;AC=MS:1001251	not available	NT=Carbamidomethyl;AC=UNIMOD:4;TA=C;MT=Fixed	not available	AC=MS:1000133;NT=CID	SDS-PAGE	v1.1.0	NT=ms-proteomics;VV=v1.1.0	NT=cell-lines;VV=v1.1.0	NT=human;VV=v1.1.0
PXD037812-Sample-1	Homo sapiens	Epithelial cell	HCT116	epithelial	colorectal cancer	1	20200616_CO_0956ElEi_R05_3	proteomic profiling by mass spectrometry	20200616_CO_0956ElEi_R05_3.raw	ftp://ftp.pride.ebi.ac.uk/pride/data/archive/2023/07/PXD037812/20200616_CO_0956ElEi_R05_3.raw	1	16	AC=MS:1002038;NT=label free sample	NT=Q Exactive HF;AC=MS:1002523	NT=Data-dependent acquisition;AC=PRIDE:0000449	NT=Trypsin;AC=MS:1001251	not available	NT=Carbamidomethyl;AC=UNIMOD:4;TA=C;MT=Fixed	not available	AC=MS:1000133;NT=CID	SDS-PAGE	v1.1.0	NT=ms-proteomics;VV=v1.1.0	NT=cell-lines;VV=v1.1.0	NT=human;VV=v1.1.0
PXD037812-Sample-1	Homo sapiens	Epithelial cell	HCT116	epithelial	colorectal cancer	1	20200616_CO_0956ElEi_R09_3	proteomic profiling by mass spectrometry	20200616_CO_0956ElEi_R09_3.raw	ftp://ftp.pride.ebi.ac.uk/pride/data/archive/2023/07/PXD037812/20200616_CO_0956ElEi_R09_3.raw	1	17	AC=MS:1002038;NT=label free sample	NT=Q Exactive HF;AC=MS:1002523	NT=Data-dependent acquisition;AC=PRIDE:0000449	NT=Trypsin;AC=MS:1001251	not available	NT=Carbamidomethyl;AC=UNIMOD:4;TA=C;MT=Fixed	not available	AC=MS:1000133;NT=CID	SDS-PAGE	v1.1.0	NT=ms-proteomics;VV=v1.1.0	NT=cell-lines;VV=v1.1.0	NT=human;VV=v1.1.0
PXD037812-Sample-1	Homo sapiens	Epithelial cell	HCT116	epithelial	colorectal cancer	1	20200616_CO_0956ElEi_R05_1	proteomic profiling by mass spectrometry	20200616_CO_0956ElEi_R05_1.raw	ftp://ftp.pride.ebi.ac.uk/pride/data/archive/2023/07/PXD037812/20200616_CO_0956ElEi_R05_1.raw	1	18	AC=MS:1002038;NT=label free sample	NT=Q Exactive HF;AC=MS:1002523	NT=Data-dependent acquisition;AC=PRIDE:0000449	NT=Trypsin;AC=MS:1001251	not available	NT=Carbamidomethyl;AC=UNIMOD:4;TA=C;MT=Fixed	not available	AC=MS:1000133;NT=CID	SDS-PAGE	v1.1.0	NT=ms-proteomics;VV=v1.1.0	NT=cell-lines;VV=v1.1.0	NT=human;VV=v1.1.0
