source name	characteristics[organism]	characteristics[organism part]	characteristics[cell type]	characteristics[material type]	characteristics[disease]	characteristics[sex]	characteristics[age]	characteristics[developmental stage]	characteristics[individual]	characteristics[pooled sample]	characteristics[sample type]	characteristics[sample amount]	characteristics[treatment]	characteristics[enrichment method]	characteristics[experiment component]	characteristics[biological replicate]	characteristics[cell line]	characteristics[cellosaurus accession]	characteristics[cellosaurus name]	characteristics[ancestry category]	characteristics[passage number]	characteristics[culture medium]	assay name	technology type	comment[data file]	comment[file uri]	comment[label]	comment[fraction identifier]	comment[technical replicate]	comment[instrument]	comment[proteomics data acquisition method]	comment[cleavage agent details]	comment[cleavage agent details]	comment[dissociation method]	comment[collision energy]	comment[ms1 scan range]	comment[precursor mass tolerance]	comment[fragment mass tolerance]	comment[modification parameters]	comment[modification parameters]	comment[modification parameters]	comment[modification parameters]	comment[sdrf version]	comment[sdrf template]	comment[sdrf template]	comment[sdrf template]	factor value[sample amount]	factor value[treatment]	factor value[enrichment method]	factor value[experiment component]
HeLa_method_FeIII-IMAC_1	Homo sapiens	cervix	epithelial cell	cell	cervical adenocarcinoma	female	30Y6M	adult	HeLa	not available	study sample	200 ug	no EGF stimulation	Fe(III)-IMAC	enrichment comparison	not available	HeLa	CVCL_0030	HeLa	not available	not available	DMEM	OR10_20151203_HP_LMR_HeLa_FeIMAC_1	proteomic profiling by mass spectrometry	OR10_20151203_HP_LMR_HeLa_FeIMAC_1.raw	ftp://ftp.pride.ebi.ac.uk/pride/data/archive/2016/12/PXD005366/OR10_20151203_HP_LMR_HeLa_FeIMAC_1.raw	NT=label free sample;AC=MS:1002038	1	1	NT=Q Exactive Plus;AC=MS:1002634	NT=Data-dependent acquisition;AC=PRIDE:0000627	NT=Trypsin;AC=MS:1001251	NT=Lys-C;AC=MS:1001309	NT=beam-type collision-induced dissociation;AC=MS:1000422	25 NCE	375m/z-1600m/z	not available	not available	NT=Carbamidomethyl;AC=UNIMOD:4;MT=fixed;TA=C;PP=Anywhere	NT=Oxidation;AC=UNIMOD:35;MT=variable;TA=M;PP=Anywhere	NT=Acetyl;AC=UNIMOD:1;MT=variable;PP=Protein N-term	NT=Phospho;AC=UNIMOD:21;MT=variable;TA=S,T,Y;PP=Anywhere	v3.0.0	ms-proteomics v1.1.0	human v1.1.0	cell-lines v1.1.0	200 ug	no EGF stimulation	Fe(III)-IMAC	enrichment comparison
HeLa_method_FeIII-IMAC_2	Homo sapiens	cervix	epithelial cell	cell	cervical adenocarcinoma	female	30Y6M	adult	HeLa	not available	study sample	200 ug	no EGF stimulation	Fe(III)-IMAC	enrichment comparison	not available	HeLa	CVCL_0030	HeLa	not available	not available	DMEM	OR10_20151203_HP_LMR_HeLa_FeIMAC_2	proteomic profiling by mass spectrometry	OR10_20151203_HP_LMR_HeLa_FeIMAC_2.raw	ftp://ftp.pride.ebi.ac.uk/pride/data/archive/2016/12/PXD005366/OR10_20151203_HP_LMR_HeLa_FeIMAC_2.raw	NT=label free sample;AC=MS:1002038	1	2	NT=Q Exactive Plus;AC=MS:1002634	NT=Data-dependent acquisition;AC=PRIDE:0000627	NT=Trypsin;AC=MS:1001251	NT=Lys-C;AC=MS:1001309	NT=beam-type collision-induced dissociation;AC=MS:1000422	25 NCE	375m/z-1600m/z	not available	not available	NT=Carbamidomethyl;AC=UNIMOD:4;MT=fixed;TA=C;PP=Anywhere	NT=Oxidation;AC=UNIMOD:35;MT=variable;TA=M;PP=Anywhere	NT=Acetyl;AC=UNIMOD:1;MT=variable;PP=Protein N-term	NT=Phospho;AC=UNIMOD:21;MT=variable;TA=S,T,Y;PP=Anywhere	v3.0.0	ms-proteomics v1.1.0	human v1.1.0	cell-lines v1.1.0	200 ug	no EGF stimulation	Fe(III)-IMAC	enrichment comparison
HeLa_method_FeIII-IMAC_3	Homo sapiens	cervix	epithelial cell	cell	cervical adenocarcinoma	female	30Y6M	adult	HeLa	not available	study sample	200 ug	no EGF stimulation	Fe(III)-IMAC	enrichment comparison	not available	HeLa	CVCL_0030	HeLa	not available	not available	DMEM	OR10_20151203_HP_LMR_HeLa_FeIMAC_3	proteomic profiling by mass spectrometry	OR10_20151203_HP_LMR_HeLa_FeIMAC_3.raw	ftp://ftp.pride.ebi.ac.uk/pride/data/archive/2016/12/PXD005366/OR10_20151203_HP_LMR_HeLa_FeIMAC_3.raw	NT=label free sample;AC=MS:1002038	1	3	NT=Q Exactive Plus;AC=MS:1002634	NT=Data-dependent acquisition;AC=PRIDE:0000627	NT=Trypsin;AC=MS:1001251	NT=Lys-C;AC=MS:1001309	NT=beam-type collision-induced dissociation;AC=MS:1000422	25 NCE	375m/z-1600m/z	not available	not available	NT=Carbamidomethyl;AC=UNIMOD:4;MT=fixed;TA=C;PP=Anywhere	NT=Oxidation;AC=UNIMOD:35;MT=variable;TA=M;PP=Anywhere	NT=Acetyl;AC=UNIMOD:1;MT=variable;PP=Protein N-term	NT=Phospho;AC=UNIMOD:21;MT=variable;TA=S,T,Y;PP=Anywhere	v3.0.0	ms-proteomics v1.1.0	human v1.1.0	cell-lines v1.1.0	200 ug	no EGF stimulation	Fe(III)-IMAC	enrichment comparison
HeLa_method_FeIII-IMAC_4	Homo sapiens	cervix	epithelial cell	cell	cervical adenocarcinoma	female	30Y6M	adult	HeLa	not available	study sample	200 ug	no EGF stimulation	Fe(III)-IMAC	enrichment comparison	not available	HeLa	CVCL_0030	HeLa	not available	not available	DMEM	OR10_20151203_HP_LMR_HeLa_FeIMAC_4	proteomic profiling by mass spectrometry	OR10_20151203_HP_LMR_HeLa_FeIMAC_4.raw	ftp://ftp.pride.ebi.ac.uk/pride/data/archive/2016/12/PXD005366/OR10_20151203_HP_LMR_HeLa_FeIMAC_4.raw	NT=label free sample;AC=MS:1002038	1	4	NT=Q Exactive Plus;AC=MS:1002634	NT=Data-dependent acquisition;AC=PRIDE:0000627	NT=Trypsin;AC=MS:1001251	NT=Lys-C;AC=MS:1001309	NT=beam-type collision-induced dissociation;AC=MS:1000422	25 NCE	375m/z-1600m/z	not available	not available	NT=Carbamidomethyl;AC=UNIMOD:4;MT=fixed;TA=C;PP=Anywhere	NT=Oxidation;AC=UNIMOD:35;MT=variable;TA=M;PP=Anywhere	NT=Acetyl;AC=UNIMOD:1;MT=variable;PP=Protein N-term	NT=Phospho;AC=UNIMOD:21;MT=variable;TA=S,T,Y;PP=Anywhere	v3.0.0	ms-proteomics v1.1.0	human v1.1.0	cell-lines v1.1.0	200 ug	no EGF stimulation	Fe(III)-IMAC	enrichment comparison
HeLa_method_TiIV-IMAC_1	Homo sapiens	cervix	epithelial cell	cell	cervical adenocarcinoma	female	30Y6M	adult	HeLa	not available	study sample	200 ug	no EGF stimulation	Ti(IV)-IMAC	enrichment comparison	not available	HeLa	CVCL_0030	HeLa	not available	not available	DMEM	OR10_20151203_HP_LMR_HeLa_TiIMAC_1	proteomic profiling by mass spectrometry	OR10_20151203_HP_LMR_HeLa_TiIMAC_1.raw	ftp://ftp.pride.ebi.ac.uk/pride/data/archive/2016/12/PXD005366/OR10_20151203_HP_LMR_HeLa_TiIMAC_1.raw	NT=label free sample;AC=MS:1002038	1	1	NT=Q Exactive Plus;AC=MS:1002634	NT=Data-dependent acquisition;AC=PRIDE:0000627	NT=Trypsin;AC=MS:1001251	NT=Lys-C;AC=MS:1001309	NT=beam-type collision-induced dissociation;AC=MS:1000422	25 NCE	375m/z-1600m/z	not available	not available	NT=Carbamidomethyl;AC=UNIMOD:4;MT=fixed;TA=C;PP=Anywhere	NT=Oxidation;AC=UNIMOD:35;MT=variable;TA=M;PP=Anywhere	NT=Acetyl;AC=UNIMOD:1;MT=variable;PP=Protein N-term	NT=Phospho;AC=UNIMOD:21;MT=variable;TA=S,T,Y;PP=Anywhere	v3.0.0	ms-proteomics v1.1.0	human v1.1.0	cell-lines v1.1.0	200 ug	no EGF stimulation	Ti(IV)-IMAC	enrichment comparison
HeLa_method_TiIV-IMAC_2	Homo sapiens	cervix	epithelial cell	cell	cervical adenocarcinoma	female	30Y6M	adult	HeLa	not available	study sample	200 ug	no EGF stimulation	Ti(IV)-IMAC	enrichment comparison	not available	HeLa	CVCL_0030	HeLa	not available	not available	DMEM	OR10_20151203_HP_LMR_HeLa_TiIMAC_2	proteomic profiling by mass spectrometry	OR10_20151203_HP_LMR_HeLa_TiIMAC_2.raw	ftp://ftp.pride.ebi.ac.uk/pride/data/archive/2016/12/PXD005366/OR10_20151203_HP_LMR_HeLa_TiIMAC_2.raw	NT=label free sample;AC=MS:1002038	1	2	NT=Q Exactive Plus;AC=MS:1002634	NT=Data-dependent acquisition;AC=PRIDE:0000627	NT=Trypsin;AC=MS:1001251	NT=Lys-C;AC=MS:1001309	NT=beam-type collision-induced dissociation;AC=MS:1000422	25 NCE	375m/z-1600m/z	not available	not available	NT=Carbamidomethyl;AC=UNIMOD:4;MT=fixed;TA=C;PP=Anywhere	NT=Oxidation;AC=UNIMOD:35;MT=variable;TA=M;PP=Anywhere	NT=Acetyl;AC=UNIMOD:1;MT=variable;PP=Protein N-term	NT=Phospho;AC=UNIMOD:21;MT=variable;TA=S,T,Y;PP=Anywhere	v3.0.0	ms-proteomics v1.1.0	human v1.1.0	cell-lines v1.1.0	200 ug	no EGF stimulation	Ti(IV)-IMAC	enrichment comparison
HeLa_method_TiIV-IMAC_3	Homo sapiens	cervix	epithelial cell	cell	cervical adenocarcinoma	female	30Y6M	adult	HeLa	not available	study sample	200 ug	no EGF stimulation	Ti(IV)-IMAC	enrichment comparison	not available	HeLa	CVCL_0030	HeLa	not available	not available	DMEM	OR10_20151203_HP_LMR_HeLa_TiIMAC_3	proteomic profiling by mass spectrometry	OR10_20151203_HP_LMR_HeLa_TiIMAC_3.raw	ftp://ftp.pride.ebi.ac.uk/pride/data/archive/2016/12/PXD005366/OR10_20151203_HP_LMR_HeLa_TiIMAC_3.raw	NT=label free sample;AC=MS:1002038	1	3	NT=Q Exactive Plus;AC=MS:1002634	NT=Data-dependent acquisition;AC=PRIDE:0000627	NT=Trypsin;AC=MS:1001251	NT=Lys-C;AC=MS:1001309	NT=beam-type collision-induced dissociation;AC=MS:1000422	25 NCE	375m/z-1600m/z	not available	not available	NT=Carbamidomethyl;AC=UNIMOD:4;MT=fixed;TA=C;PP=Anywhere	NT=Oxidation;AC=UNIMOD:35;MT=variable;TA=M;PP=Anywhere	NT=Acetyl;AC=UNIMOD:1;MT=variable;PP=Protein N-term	NT=Phospho;AC=UNIMOD:21;MT=variable;TA=S,T,Y;PP=Anywhere	v3.0.0	ms-proteomics v1.1.0	human v1.1.0	cell-lines v1.1.0	200 ug	no EGF stimulation	Ti(IV)-IMAC	enrichment comparison
HeLa_method_TiIV-IMAC_4	Homo sapiens	cervix	epithelial cell	cell	cervical adenocarcinoma	female	30Y6M	adult	HeLa	not available	study sample	200 ug	no EGF stimulation	Ti(IV)-IMAC	enrichment comparison	not available	HeLa	CVCL_0030	HeLa	not available	not available	DMEM	OR10_20151203_HP_LMR_HeLa_TiIMAC_4	proteomic profiling by mass spectrometry	OR10_20151203_HP_LMR_HeLa_TiIMAC_4.raw	ftp://ftp.pride.ebi.ac.uk/pride/data/archive/2016/12/PXD005366/OR10_20151203_HP_LMR_HeLa_TiIMAC_4.raw	NT=label free sample;AC=MS:1002038	1	4	NT=Q Exactive Plus;AC=MS:1002634	NT=Data-dependent acquisition;AC=PRIDE:0000627	NT=Trypsin;AC=MS:1001251	NT=Lys-C;AC=MS:1001309	NT=beam-type collision-induced dissociation;AC=MS:1000422	25 NCE	375m/z-1600m/z	not available	not available	NT=Carbamidomethyl;AC=UNIMOD:4;MT=fixed;TA=C;PP=Anywhere	NT=Oxidation;AC=UNIMOD:35;MT=variable;TA=M;PP=Anywhere	NT=Acetyl;AC=UNIMOD:1;MT=variable;PP=Protein N-term	NT=Phospho;AC=UNIMOD:21;MT=variable;TA=S,T,Y;PP=Anywhere	v3.0.0	ms-proteomics v1.1.0	human v1.1.0	cell-lines v1.1.0	200 ug	no EGF stimulation	Ti(IV)-IMAC	enrichment comparison
HeLa_method_TiO2_1	Homo sapiens	cervix	epithelial cell	cell	cervical adenocarcinoma	female	30Y6M	adult	HeLa	not available	study sample	200 ug	no EGF stimulation	TiO2	enrichment comparison	not available	HeLa	CVCL_0030	HeLa	not available	not available	DMEM	OR10_20151203_HP_LMR_HeLa_TiO2_1	proteomic profiling by mass spectrometry	OR10_20151203_HP_LMR_HeLa_TiO2_1.raw	ftp://ftp.pride.ebi.ac.uk/pride/data/archive/2016/12/PXD005366/OR10_20151203_HP_LMR_HeLa_TiO2_1.raw	NT=label free sample;AC=MS:1002038	1	1	NT=Q Exactive Plus;AC=MS:1002634	NT=Data-dependent acquisition;AC=PRIDE:0000627	NT=Trypsin;AC=MS:1001251	NT=Lys-C;AC=MS:1001309	NT=beam-type collision-induced dissociation;AC=MS:1000422	25 NCE	375m/z-1600m/z	not available	not available	NT=Carbamidomethyl;AC=UNIMOD:4;MT=fixed;TA=C;PP=Anywhere	NT=Oxidation;AC=UNIMOD:35;MT=variable;TA=M;PP=Anywhere	NT=Acetyl;AC=UNIMOD:1;MT=variable;PP=Protein N-term	NT=Phospho;AC=UNIMOD:21;MT=variable;TA=S,T,Y;PP=Anywhere	v3.0.0	ms-proteomics v1.1.0	human v1.1.0	cell-lines v1.1.0	200 ug	no EGF stimulation	TiO2	enrichment comparison
HeLa_method_TiO2_2	Homo sapiens	cervix	epithelial cell	cell	cervical adenocarcinoma	female	30Y6M	adult	HeLa	not available	study sample	200 ug	no EGF stimulation	TiO2	enrichment comparison	not available	HeLa	CVCL_0030	HeLa	not available	not available	DMEM	OR10_20151203_HP_LMR_HeLa_TiO2_2	proteomic profiling by mass spectrometry	OR10_20151203_HP_LMR_HeLa_TiO2_2.raw	ftp://ftp.pride.ebi.ac.uk/pride/data/archive/2016/12/PXD005366/OR10_20151203_HP_LMR_HeLa_TiO2_2.raw	NT=label free sample;AC=MS:1002038	1	2	NT=Q Exactive Plus;AC=MS:1002634	NT=Data-dependent acquisition;AC=PRIDE:0000627	NT=Trypsin;AC=MS:1001251	NT=Lys-C;AC=MS:1001309	NT=beam-type collision-induced dissociation;AC=MS:1000422	25 NCE	375m/z-1600m/z	not available	not available	NT=Carbamidomethyl;AC=UNIMOD:4;MT=fixed;TA=C;PP=Anywhere	NT=Oxidation;AC=UNIMOD:35;MT=variable;TA=M;PP=Anywhere	NT=Acetyl;AC=UNIMOD:1;MT=variable;PP=Protein N-term	NT=Phospho;AC=UNIMOD:21;MT=variable;TA=S,T,Y;PP=Anywhere	v3.0.0	ms-proteomics v1.1.0	human v1.1.0	cell-lines v1.1.0	200 ug	no EGF stimulation	TiO2	enrichment comparison
HeLa_method_TiO2_3	Homo sapiens	cervix	epithelial cell	cell	cervical adenocarcinoma	female	30Y6M	adult	HeLa	not available	study sample	200 ug	no EGF stimulation	TiO2	enrichment comparison	not available	HeLa	CVCL_0030	HeLa	not available	not available	DMEM	OR10_20151203_HP_LMR_HeLa_TiO2_3	proteomic profiling by mass spectrometry	OR10_20151203_HP_LMR_HeLa_TiO2_3.raw	ftp://ftp.pride.ebi.ac.uk/pride/data/archive/2016/12/PXD005366/OR10_20151203_HP_LMR_HeLa_TiO2_3.raw	NT=label free sample;AC=MS:1002038	1	3	NT=Q Exactive Plus;AC=MS:1002634	NT=Data-dependent acquisition;AC=PRIDE:0000627	NT=Trypsin;AC=MS:1001251	NT=Lys-C;AC=MS:1001309	NT=beam-type collision-induced dissociation;AC=MS:1000422	25 NCE	375m/z-1600m/z	not available	not available	NT=Carbamidomethyl;AC=UNIMOD:4;MT=fixed;TA=C;PP=Anywhere	NT=Oxidation;AC=UNIMOD:35;MT=variable;TA=M;PP=Anywhere	NT=Acetyl;AC=UNIMOD:1;MT=variable;PP=Protein N-term	NT=Phospho;AC=UNIMOD:21;MT=variable;TA=S,T,Y;PP=Anywhere	v3.0.0	ms-proteomics v1.1.0	human v1.1.0	cell-lines v1.1.0	200 ug	no EGF stimulation	TiO2	enrichment comparison
HeLa_method_TiO2_4	Homo sapiens	cervix	epithelial cell	cell	cervical adenocarcinoma	female	30Y6M	adult	HeLa	not available	study sample	200 ug	no EGF stimulation	TiO2	enrichment comparison	not available	HeLa	CVCL_0030	HeLa	not available	not available	DMEM	OR10_20151203_HP_LMR_HeLa_TiO2_4	proteomic profiling by mass spectrometry	OR10_20151203_HP_LMR_HeLa_TiO2_4.raw	ftp://ftp.pride.ebi.ac.uk/pride/data/archive/2016/12/PXD005366/OR10_20151203_HP_LMR_HeLa_TiO2_4.raw	NT=label free sample;AC=MS:1002038	1	4	NT=Q Exactive Plus;AC=MS:1002634	NT=Data-dependent acquisition;AC=PRIDE:0000627	NT=Trypsin;AC=MS:1001251	NT=Lys-C;AC=MS:1001309	NT=beam-type collision-induced dissociation;AC=MS:1000422	25 NCE	375m/z-1600m/z	not available	not available	NT=Carbamidomethyl;AC=UNIMOD:4;MT=fixed;TA=C;PP=Anywhere	NT=Oxidation;AC=UNIMOD:35;MT=variable;TA=M;PP=Anywhere	NT=Acetyl;AC=UNIMOD:1;MT=variable;PP=Protein N-term	NT=Phospho;AC=UNIMOD:21;MT=variable;TA=S,T,Y;PP=Anywhere	v3.0.0	ms-proteomics v1.1.0	human v1.1.0	cell-lines v1.1.0	200 ug	no EGF stimulation	TiO2	enrichment comparison
HeLa_input_0.1ug_1	Homo sapiens	cervix	epithelial cell	cell	cervical adenocarcinoma	female	30Y6M	adult	HeLa	not available	study sample	0.1 ug	no EGF stimulation	Fe(III)-IMAC	input titration	not available	HeLa	CVCL_0030	HeLa	not available	not available	DMEM	OR10_20160321_HP_RP_HeLa_0p1ug_1	proteomic profiling by mass spectrometry	OR10_20160321_HP_RP_HeLa_0p1ug_1.raw	ftp://ftp.pride.ebi.ac.uk/pride/data/archive/2016/12/PXD005366/OR10_20160321_HP_RP_HeLa_0p1ug_1.raw	NT=label free sample;AC=MS:1002038	1	1	NT=Q Exactive Plus;AC=MS:1002634	NT=Data-dependent acquisition;AC=PRIDE:0000627	NT=Trypsin;AC=MS:1001251	NT=Lys-C;AC=MS:1001309	NT=beam-type collision-induced dissociation;AC=MS:1000422	25 NCE	375m/z-1600m/z	not available	not available	NT=Carbamidomethyl;AC=UNIMOD:4;MT=fixed;TA=C;PP=Anywhere	NT=Oxidation;AC=UNIMOD:35;MT=variable;TA=M;PP=Anywhere	NT=Acetyl;AC=UNIMOD:1;MT=variable;PP=Protein N-term	NT=Phospho;AC=UNIMOD:21;MT=variable;TA=S,T,Y;PP=Anywhere	v3.0.0	ms-proteomics v1.1.0	human v1.1.0	cell-lines v1.1.0	0.1 ug	no EGF stimulation	Fe(III)-IMAC	input titration
HeLa_input_0.1ug_2	Homo sapiens	cervix	epithelial cell	cell	cervical adenocarcinoma	female	30Y6M	adult	HeLa	not available	study sample	0.1 ug	no EGF stimulation	Fe(III)-IMAC	input titration	not available	HeLa	CVCL_0030	HeLa	not available	not available	DMEM	OR10_20160321_HP_RP_HeLa_0p1ug_2	proteomic profiling by mass spectrometry	OR10_20160321_HP_RP_HeLa_0p1ug_2.raw	ftp://ftp.pride.ebi.ac.uk/pride/data/archive/2016/12/PXD005366/OR10_20160321_HP_RP_HeLa_0p1ug_2.raw	NT=label free sample;AC=MS:1002038	1	2	NT=Q Exactive Plus;AC=MS:1002634	NT=Data-dependent acquisition;AC=PRIDE:0000627	NT=Trypsin;AC=MS:1001251	NT=Lys-C;AC=MS:1001309	NT=beam-type collision-induced dissociation;AC=MS:1000422	25 NCE	375m/z-1600m/z	not available	not available	NT=Carbamidomethyl;AC=UNIMOD:4;MT=fixed;TA=C;PP=Anywhere	NT=Oxidation;AC=UNIMOD:35;MT=variable;TA=M;PP=Anywhere	NT=Acetyl;AC=UNIMOD:1;MT=variable;PP=Protein N-term	NT=Phospho;AC=UNIMOD:21;MT=variable;TA=S,T,Y;PP=Anywhere	v3.0.0	ms-proteomics v1.1.0	human v1.1.0	cell-lines v1.1.0	0.1 ug	no EGF stimulation	Fe(III)-IMAC	input titration
HeLa_input_0.1ug_3	Homo sapiens	cervix	epithelial cell	cell	cervical adenocarcinoma	female	30Y6M	adult	HeLa	not available	study sample	0.1 ug	no EGF stimulation	Fe(III)-IMAC	input titration	not available	HeLa	CVCL_0030	HeLa	not available	not available	DMEM	OR10_20160321_HP_RP_HeLa_0p1ug_3	proteomic profiling by mass spectrometry	OR10_20160321_HP_RP_HeLa_0p1ug_3.raw	ftp://ftp.pride.ebi.ac.uk/pride/data/archive/2016/12/PXD005366/OR10_20160321_HP_RP_HeLa_0p1ug_3.raw	NT=label free sample;AC=MS:1002038	1	3	NT=Q Exactive Plus;AC=MS:1002634	NT=Data-dependent acquisition;AC=PRIDE:0000627	NT=Trypsin;AC=MS:1001251	NT=Lys-C;AC=MS:1001309	NT=beam-type collision-induced dissociation;AC=MS:1000422	25 NCE	375m/z-1600m/z	not available	not available	NT=Carbamidomethyl;AC=UNIMOD:4;MT=fixed;TA=C;PP=Anywhere	NT=Oxidation;AC=UNIMOD:35;MT=variable;TA=M;PP=Anywhere	NT=Acetyl;AC=UNIMOD:1;MT=variable;PP=Protein N-term	NT=Phospho;AC=UNIMOD:21;MT=variable;TA=S,T,Y;PP=Anywhere	v3.0.0	ms-proteomics v1.1.0	human v1.1.0	cell-lines v1.1.0	0.1 ug	no EGF stimulation	Fe(III)-IMAC	input titration
HeLa_input_0.25ug_1	Homo sapiens	cervix	epithelial cell	cell	cervical adenocarcinoma	female	30Y6M	adult	HeLa	not available	study sample	0.25 ug	no EGF stimulation	Fe(III)-IMAC	input titration	not available	HeLa	CVCL_0030	HeLa	not available	not available	DMEM	OR10_20160321_HP_RP_HeLa_0p25ug_1	proteomic profiling by mass spectrometry	OR10_20160321_HP_RP_HeLa_0p25ug_1.raw	ftp://ftp.pride.ebi.ac.uk/pride/data/archive/2016/12/PXD005366/OR10_20160321_HP_RP_HeLa_0p25ug_1.raw	NT=label free sample;AC=MS:1002038	1	1	NT=Q Exactive Plus;AC=MS:1002634	NT=Data-dependent acquisition;AC=PRIDE:0000627	NT=Trypsin;AC=MS:1001251	NT=Lys-C;AC=MS:1001309	NT=beam-type collision-induced dissociation;AC=MS:1000422	25 NCE	375m/z-1600m/z	not available	not available	NT=Carbamidomethyl;AC=UNIMOD:4;MT=fixed;TA=C;PP=Anywhere	NT=Oxidation;AC=UNIMOD:35;MT=variable;TA=M;PP=Anywhere	NT=Acetyl;AC=UNIMOD:1;MT=variable;PP=Protein N-term	NT=Phospho;AC=UNIMOD:21;MT=variable;TA=S,T,Y;PP=Anywhere	v3.0.0	ms-proteomics v1.1.0	human v1.1.0	cell-lines v1.1.0	0.25 ug	no EGF stimulation	Fe(III)-IMAC	input titration
HeLa_input_0.25ug_2	Homo sapiens	cervix	epithelial cell	cell	cervical adenocarcinoma	female	30Y6M	adult	HeLa	not available	study sample	0.25 ug	no EGF stimulation	Fe(III)-IMAC	input titration	not available	HeLa	CVCL_0030	HeLa	not available	not available	DMEM	OR10_20160321_HP_RP_HeLa_0p25ug_2	proteomic profiling by mass spectrometry	OR10_20160321_HP_RP_HeLa_0p25ug_2.raw	ftp://ftp.pride.ebi.ac.uk/pride/data/archive/2016/12/PXD005366/OR10_20160321_HP_RP_HeLa_0p25ug_2.raw	NT=label free sample;AC=MS:1002038	1	2	NT=Q Exactive Plus;AC=MS:1002634	NT=Data-dependent acquisition;AC=PRIDE:0000627	NT=Trypsin;AC=MS:1001251	NT=Lys-C;AC=MS:1001309	NT=beam-type collision-induced dissociation;AC=MS:1000422	25 NCE	375m/z-1600m/z	not available	not available	NT=Carbamidomethyl;AC=UNIMOD:4;MT=fixed;TA=C;PP=Anywhere	NT=Oxidation;AC=UNIMOD:35;MT=variable;TA=M;PP=Anywhere	NT=Acetyl;AC=UNIMOD:1;MT=variable;PP=Protein N-term	NT=Phospho;AC=UNIMOD:21;MT=variable;TA=S,T,Y;PP=Anywhere	v3.0.0	ms-proteomics v1.1.0	human v1.1.0	cell-lines v1.1.0	0.25 ug	no EGF stimulation	Fe(III)-IMAC	input titration
HeLa_input_0.25ug_3	Homo sapiens	cervix	epithelial cell	cell	cervical adenocarcinoma	female	30Y6M	adult	HeLa	not available	study sample	0.25 ug	no EGF stimulation	Fe(III)-IMAC	input titration	not available	HeLa	CVCL_0030	HeLa	not available	not available	DMEM	OR10_20160321_HP_RP_HeLa_0p25ug_3	proteomic profiling by mass spectrometry	OR10_20160321_HP_RP_HeLa_0p25ug_3.raw	ftp://ftp.pride.ebi.ac.uk/pride/data/archive/2016/12/PXD005366/OR10_20160321_HP_RP_HeLa_0p25ug_3.raw	NT=label free sample;AC=MS:1002038	1	3	NT=Q Exactive Plus;AC=MS:1002634	NT=Data-dependent acquisition;AC=PRIDE:0000627	NT=Trypsin;AC=MS:1001251	NT=Lys-C;AC=MS:1001309	NT=beam-type collision-induced dissociation;AC=MS:1000422	25 NCE	375m/z-1600m/z	not available	not available	NT=Carbamidomethyl;AC=UNIMOD:4;MT=fixed;TA=C;PP=Anywhere	NT=Oxidation;AC=UNIMOD:35;MT=variable;TA=M;PP=Anywhere	NT=Acetyl;AC=UNIMOD:1;MT=variable;PP=Protein N-term	NT=Phospho;AC=UNIMOD:21;MT=variable;TA=S,T,Y;PP=Anywhere	v3.0.0	ms-proteomics v1.1.0	human v1.1.0	cell-lines v1.1.0	0.25 ug	no EGF stimulation	Fe(III)-IMAC	input titration
HeLa_input_0.5ug_1	Homo sapiens	cervix	epithelial cell	cell	cervical adenocarcinoma	female	30Y6M	adult	HeLa	not available	study sample	0.5 ug	no EGF stimulation	Fe(III)-IMAC	input titration	not available	HeLa	CVCL_0030	HeLa	not available	not available	DMEM	OR10_20160321_HP_RP_HeLa_0p5ug_1	proteomic profiling by mass spectrometry	OR10_20160321_HP_RP_HeLa_0p5ug_1.raw	ftp://ftp.pride.ebi.ac.uk/pride/data/archive/2016/12/PXD005366/OR10_20160321_HP_RP_HeLa_0p5ug_1.raw	NT=label free sample;AC=MS:1002038	1	1	NT=Q Exactive Plus;AC=MS:1002634	NT=Data-dependent acquisition;AC=PRIDE:0000627	NT=Trypsin;AC=MS:1001251	NT=Lys-C;AC=MS:1001309	NT=beam-type collision-induced dissociation;AC=MS:1000422	25 NCE	375m/z-1600m/z	not available	not available	NT=Carbamidomethyl;AC=UNIMOD:4;MT=fixed;TA=C;PP=Anywhere	NT=Oxidation;AC=UNIMOD:35;MT=variable;TA=M;PP=Anywhere	NT=Acetyl;AC=UNIMOD:1;MT=variable;PP=Protein N-term	NT=Phospho;AC=UNIMOD:21;MT=variable;TA=S,T,Y;PP=Anywhere	v3.0.0	ms-proteomics v1.1.0	human v1.1.0	cell-lines v1.1.0	0.5 ug	no EGF stimulation	Fe(III)-IMAC	input titration
HeLa_input_0.5ug_2	Homo sapiens	cervix	epithelial cell	cell	cervical adenocarcinoma	female	30Y6M	adult	HeLa	not available	study sample	0.5 ug	no EGF stimulation	Fe(III)-IMAC	input titration	not available	HeLa	CVCL_0030	HeLa	not available	not available	DMEM	OR10_20160321_HP_RP_HeLa_0p5ug_2	proteomic profiling by mass spectrometry	OR10_20160321_HP_RP_HeLa_0p5ug_2.raw	ftp://ftp.pride.ebi.ac.uk/pride/data/archive/2016/12/PXD005366/OR10_20160321_HP_RP_HeLa_0p5ug_2.raw	NT=label free sample;AC=MS:1002038	1	2	NT=Q Exactive Plus;AC=MS:1002634	NT=Data-dependent acquisition;AC=PRIDE:0000627	NT=Trypsin;AC=MS:1001251	NT=Lys-C;AC=MS:1001309	NT=beam-type collision-induced dissociation;AC=MS:1000422	25 NCE	375m/z-1600m/z	not available	not available	NT=Carbamidomethyl;AC=UNIMOD:4;MT=fixed;TA=C;PP=Anywhere	NT=Oxidation;AC=UNIMOD:35;MT=variable;TA=M;PP=Anywhere	NT=Acetyl;AC=UNIMOD:1;MT=variable;PP=Protein N-term	NT=Phospho;AC=UNIMOD:21;MT=variable;TA=S,T,Y;PP=Anywhere	v3.0.0	ms-proteomics v1.1.0	human v1.1.0	cell-lines v1.1.0	0.5 ug	no EGF stimulation	Fe(III)-IMAC	input titration
HeLa_input_0.5ug_3	Homo sapiens	cervix	epithelial cell	cell	cervical adenocarcinoma	female	30Y6M	adult	HeLa	not available	study sample	0.5 ug	no EGF stimulation	Fe(III)-IMAC	input titration	not available	HeLa	CVCL_0030	HeLa	not available	not available	DMEM	OR10_20160321_HP_RP_HeLa_0p5ug_3	proteomic profiling by mass spectrometry	OR10_20160321_HP_RP_HeLa_0p5ug_3.raw	ftp://ftp.pride.ebi.ac.uk/pride/data/archive/2016/12/PXD005366/OR10_20160321_HP_RP_HeLa_0p5ug_3.raw	NT=label free sample;AC=MS:1002038	1	3	NT=Q Exactive Plus;AC=MS:1002634	NT=Data-dependent acquisition;AC=PRIDE:0000627	NT=Trypsin;AC=MS:1001251	NT=Lys-C;AC=MS:1001309	NT=beam-type collision-induced dissociation;AC=MS:1000422	25 NCE	375m/z-1600m/z	not available	not available	NT=Carbamidomethyl;AC=UNIMOD:4;MT=fixed;TA=C;PP=Anywhere	NT=Oxidation;AC=UNIMOD:35;MT=variable;TA=M;PP=Anywhere	NT=Acetyl;AC=UNIMOD:1;MT=variable;PP=Protein N-term	NT=Phospho;AC=UNIMOD:21;MT=variable;TA=S,T,Y;PP=Anywhere	v3.0.0	ms-proteomics v1.1.0	human v1.1.0	cell-lines v1.1.0	0.5 ug	no EGF stimulation	Fe(III)-IMAC	input titration
HeLa_input_100ug_1	Homo sapiens	cervix	epithelial cell	cell	cervical adenocarcinoma	female	30Y6M	adult	HeLa	not available	study sample	100 ug	no EGF stimulation	Fe(III)-IMAC	input titration	not available	HeLa	CVCL_0030	HeLa	not available	not available	DMEM	OR10_20160321_HP_RP_HeLa_100ug_1	proteomic profiling by mass spectrometry	OR10_20160321_HP_RP_HeLa_100ug_1.raw	ftp://ftp.pride.ebi.ac.uk/pride/data/archive/2016/12/PXD005366/OR10_20160321_HP_RP_HeLa_100ug_1.raw	NT=label free sample;AC=MS:1002038	1	1	NT=Q Exactive Plus;AC=MS:1002634	NT=Data-dependent acquisition;AC=PRIDE:0000627	NT=Trypsin;AC=MS:1001251	NT=Lys-C;AC=MS:1001309	NT=beam-type collision-induced dissociation;AC=MS:1000422	25 NCE	375m/z-1600m/z	not available	not available	NT=Carbamidomethyl;AC=UNIMOD:4;MT=fixed;TA=C;PP=Anywhere	NT=Oxidation;AC=UNIMOD:35;MT=variable;TA=M;PP=Anywhere	NT=Acetyl;AC=UNIMOD:1;MT=variable;PP=Protein N-term	NT=Phospho;AC=UNIMOD:21;MT=variable;TA=S,T,Y;PP=Anywhere	v3.0.0	ms-proteomics v1.1.0	human v1.1.0	cell-lines v1.1.0	100 ug	no EGF stimulation	Fe(III)-IMAC	input titration
HeLa_input_100ug_2	Homo sapiens	cervix	epithelial cell	cell	cervical adenocarcinoma	female	30Y6M	adult	HeLa	not available	study sample	100 ug	no EGF stimulation	Fe(III)-IMAC	input titration	not available	HeLa	CVCL_0030	HeLa	not available	not available	DMEM	OR10_20160321_HP_RP_HeLa_100ug_2	proteomic profiling by mass spectrometry	OR10_20160321_HP_RP_HeLa_100ug_2.raw	ftp://ftp.pride.ebi.ac.uk/pride/data/archive/2016/12/PXD005366/OR10_20160321_HP_RP_HeLa_100ug_2.raw	NT=label free sample;AC=MS:1002038	1	2	NT=Q Exactive Plus;AC=MS:1002634	NT=Data-dependent acquisition;AC=PRIDE:0000627	NT=Trypsin;AC=MS:1001251	NT=Lys-C;AC=MS:1001309	NT=beam-type collision-induced dissociation;AC=MS:1000422	25 NCE	375m/z-1600m/z	not available	not available	NT=Carbamidomethyl;AC=UNIMOD:4;MT=fixed;TA=C;PP=Anywhere	NT=Oxidation;AC=UNIMOD:35;MT=variable;TA=M;PP=Anywhere	NT=Acetyl;AC=UNIMOD:1;MT=variable;PP=Protein N-term	NT=Phospho;AC=UNIMOD:21;MT=variable;TA=S,T,Y;PP=Anywhere	v3.0.0	ms-proteomics v1.1.0	human v1.1.0	cell-lines v1.1.0	100 ug	no EGF stimulation	Fe(III)-IMAC	input titration
HeLa_input_100ug_3	Homo sapiens	cervix	epithelial cell	cell	cervical adenocarcinoma	female	30Y6M	adult	HeLa	not available	study sample	100 ug	no EGF stimulation	Fe(III)-IMAC	input titration	not available	HeLa	CVCL_0030	HeLa	not available	not available	DMEM	OR10_20160321_HP_RP_HeLa_100ug_3	proteomic profiling by mass spectrometry	OR10_20160321_HP_RP_HeLa_100ug_3.raw	ftp://ftp.pride.ebi.ac.uk/pride/data/archive/2016/12/PXD005366/OR10_20160321_HP_RP_HeLa_100ug_3.raw	NT=label free sample;AC=MS:1002038	1	3	NT=Q Exactive Plus;AC=MS:1002634	NT=Data-dependent acquisition;AC=PRIDE:0000627	NT=Trypsin;AC=MS:1001251	NT=Lys-C;AC=MS:1001309	NT=beam-type collision-induced dissociation;AC=MS:1000422	25 NCE	375m/z-1600m/z	not available	not available	NT=Carbamidomethyl;AC=UNIMOD:4;MT=fixed;TA=C;PP=Anywhere	NT=Oxidation;AC=UNIMOD:35;MT=variable;TA=M;PP=Anywhere	NT=Acetyl;AC=UNIMOD:1;MT=variable;PP=Protein N-term	NT=Phospho;AC=UNIMOD:21;MT=variable;TA=S,T,Y;PP=Anywhere	v3.0.0	ms-proteomics v1.1.0	human v1.1.0	cell-lines v1.1.0	100 ug	no EGF stimulation	Fe(III)-IMAC	input titration
HeLa_input_10ug_1	Homo sapiens	cervix	epithelial cell	cell	cervical adenocarcinoma	female	30Y6M	adult	HeLa	not available	study sample	10 ug	no EGF stimulation	Fe(III)-IMAC	input titration	not available	HeLa	CVCL_0030	HeLa	not available	not available	DMEM	OR10_20160321_HP_RP_HeLa_10ug_1	proteomic profiling by mass spectrometry	OR10_20160321_HP_RP_HeLa_10ug_1.raw	ftp://ftp.pride.ebi.ac.uk/pride/data/archive/2016/12/PXD005366/OR10_20160321_HP_RP_HeLa_10ug_1.raw	NT=label free sample;AC=MS:1002038	1	1	NT=Q Exactive Plus;AC=MS:1002634	NT=Data-dependent acquisition;AC=PRIDE:0000627	NT=Trypsin;AC=MS:1001251	NT=Lys-C;AC=MS:1001309	NT=beam-type collision-induced dissociation;AC=MS:1000422	25 NCE	375m/z-1600m/z	not available	not available	NT=Carbamidomethyl;AC=UNIMOD:4;MT=fixed;TA=C;PP=Anywhere	NT=Oxidation;AC=UNIMOD:35;MT=variable;TA=M;PP=Anywhere	NT=Acetyl;AC=UNIMOD:1;MT=variable;PP=Protein N-term	NT=Phospho;AC=UNIMOD:21;MT=variable;TA=S,T,Y;PP=Anywhere	v3.0.0	ms-proteomics v1.1.0	human v1.1.0	cell-lines v1.1.0	10 ug	no EGF stimulation	Fe(III)-IMAC	input titration
HeLa_input_10ug_2	Homo sapiens	cervix	epithelial cell	cell	cervical adenocarcinoma	female	30Y6M	adult	HeLa	not available	study sample	10 ug	no EGF stimulation	Fe(III)-IMAC	input titration	not available	HeLa	CVCL_0030	HeLa	not available	not available	DMEM	OR10_20160321_HP_RP_HeLa_10ug_2	proteomic profiling by mass spectrometry	OR10_20160321_HP_RP_HeLa_10ug_2.raw	ftp://ftp.pride.ebi.ac.uk/pride/data/archive/2016/12/PXD005366/OR10_20160321_HP_RP_HeLa_10ug_2.raw	NT=label free sample;AC=MS:1002038	1	2	NT=Q Exactive Plus;AC=MS:1002634	NT=Data-dependent acquisition;AC=PRIDE:0000627	NT=Trypsin;AC=MS:1001251	NT=Lys-C;AC=MS:1001309	NT=beam-type collision-induced dissociation;AC=MS:1000422	25 NCE	375m/z-1600m/z	not available	not available	NT=Carbamidomethyl;AC=UNIMOD:4;MT=fixed;TA=C;PP=Anywhere	NT=Oxidation;AC=UNIMOD:35;MT=variable;TA=M;PP=Anywhere	NT=Acetyl;AC=UNIMOD:1;MT=variable;PP=Protein N-term	NT=Phospho;AC=UNIMOD:21;MT=variable;TA=S,T,Y;PP=Anywhere	v3.0.0	ms-proteomics v1.1.0	human v1.1.0	cell-lines v1.1.0	10 ug	no EGF stimulation	Fe(III)-IMAC	input titration
HeLa_input_10ug_3	Homo sapiens	cervix	epithelial cell	cell	cervical adenocarcinoma	female	30Y6M	adult	HeLa	not available	study sample	10 ug	no EGF stimulation	Fe(III)-IMAC	input titration	not available	HeLa	CVCL_0030	HeLa	not available	not available	DMEM	OR10_20160321_HP_RP_HeLa_10ug_3	proteomic profiling by mass spectrometry	OR10_20160321_HP_RP_HeLa_10ug_3.raw	ftp://ftp.pride.ebi.ac.uk/pride/data/archive/2016/12/PXD005366/OR10_20160321_HP_RP_HeLa_10ug_3.raw	NT=label free sample;AC=MS:1002038	1	3	NT=Q Exactive Plus;AC=MS:1002634	NT=Data-dependent acquisition;AC=PRIDE:0000627	NT=Trypsin;AC=MS:1001251	NT=Lys-C;AC=MS:1001309	NT=beam-type collision-induced dissociation;AC=MS:1000422	25 NCE	375m/z-1600m/z	not available	not available	NT=Carbamidomethyl;AC=UNIMOD:4;MT=fixed;TA=C;PP=Anywhere	NT=Oxidation;AC=UNIMOD:35;MT=variable;TA=M;PP=Anywhere	NT=Acetyl;AC=UNIMOD:1;MT=variable;PP=Protein N-term	NT=Phospho;AC=UNIMOD:21;MT=variable;TA=S,T,Y;PP=Anywhere	v3.0.0	ms-proteomics v1.1.0	human v1.1.0	cell-lines v1.1.0	10 ug	no EGF stimulation	Fe(III)-IMAC	input titration
HeLa_input_1ug_1	Homo sapiens	cervix	epithelial cell	cell	cervical adenocarcinoma	female	30Y6M	adult	HeLa	not available	study sample	1 ug	no EGF stimulation	Fe(III)-IMAC	input titration	not available	HeLa	CVCL_0030	HeLa	not available	not available	DMEM	OR10_20160321_HP_RP_HeLa_1ug_1	proteomic profiling by mass spectrometry	OR10_20160321_HP_RP_HeLa_1ug_1.raw	ftp://ftp.pride.ebi.ac.uk/pride/data/archive/2016/12/PXD005366/OR10_20160321_HP_RP_HeLa_1ug_1.raw	NT=label free sample;AC=MS:1002038	1	1	NT=Q Exactive Plus;AC=MS:1002634	NT=Data-dependent acquisition;AC=PRIDE:0000627	NT=Trypsin;AC=MS:1001251	NT=Lys-C;AC=MS:1001309	NT=beam-type collision-induced dissociation;AC=MS:1000422	25 NCE	375m/z-1600m/z	not available	not available	NT=Carbamidomethyl;AC=UNIMOD:4;MT=fixed;TA=C;PP=Anywhere	NT=Oxidation;AC=UNIMOD:35;MT=variable;TA=M;PP=Anywhere	NT=Acetyl;AC=UNIMOD:1;MT=variable;PP=Protein N-term	NT=Phospho;AC=UNIMOD:21;MT=variable;TA=S,T,Y;PP=Anywhere	v3.0.0	ms-proteomics v1.1.0	human v1.1.0	cell-lines v1.1.0	1 ug	no EGF stimulation	Fe(III)-IMAC	input titration
HeLa_input_1ug_2	Homo sapiens	cervix	epithelial cell	cell	cervical adenocarcinoma	female	30Y6M	adult	HeLa	not available	study sample	1 ug	no EGF stimulation	Fe(III)-IMAC	input titration	not available	HeLa	CVCL_0030	HeLa	not available	not available	DMEM	OR10_20160321_HP_RP_HeLa_1ug_2	proteomic profiling by mass spectrometry	OR10_20160321_HP_RP_HeLa_1ug_2.raw	ftp://ftp.pride.ebi.ac.uk/pride/data/archive/2016/12/PXD005366/OR10_20160321_HP_RP_HeLa_1ug_2.raw	NT=label free sample;AC=MS:1002038	1	2	NT=Q Exactive Plus;AC=MS:1002634	NT=Data-dependent acquisition;AC=PRIDE:0000627	NT=Trypsin;AC=MS:1001251	NT=Lys-C;AC=MS:1001309	NT=beam-type collision-induced dissociation;AC=MS:1000422	25 NCE	375m/z-1600m/z	not available	not available	NT=Carbamidomethyl;AC=UNIMOD:4;MT=fixed;TA=C;PP=Anywhere	NT=Oxidation;AC=UNIMOD:35;MT=variable;TA=M;PP=Anywhere	NT=Acetyl;AC=UNIMOD:1;MT=variable;PP=Protein N-term	NT=Phospho;AC=UNIMOD:21;MT=variable;TA=S,T,Y;PP=Anywhere	v3.0.0	ms-proteomics v1.1.0	human v1.1.0	cell-lines v1.1.0	1 ug	no EGF stimulation	Fe(III)-IMAC	input titration
HeLa_input_1ug_3	Homo sapiens	cervix	epithelial cell	cell	cervical adenocarcinoma	female	30Y6M	adult	HeLa	not available	study sample	1 ug	no EGF stimulation	Fe(III)-IMAC	input titration	not available	HeLa	CVCL_0030	HeLa	not available	not available	DMEM	OR10_20160321_HP_RP_HeLa_1ug_3	proteomic profiling by mass spectrometry	OR10_20160321_HP_RP_HeLa_1ug_3.raw	ftp://ftp.pride.ebi.ac.uk/pride/data/archive/2016/12/PXD005366/OR10_20160321_HP_RP_HeLa_1ug_3.raw	NT=label free sample;AC=MS:1002038	1	3	NT=Q Exactive Plus;AC=MS:1002634	NT=Data-dependent acquisition;AC=PRIDE:0000627	NT=Trypsin;AC=MS:1001251	NT=Lys-C;AC=MS:1001309	NT=beam-type collision-induced dissociation;AC=MS:1000422	25 NCE	375m/z-1600m/z	not available	not available	NT=Carbamidomethyl;AC=UNIMOD:4;MT=fixed;TA=C;PP=Anywhere	NT=Oxidation;AC=UNIMOD:35;MT=variable;TA=M;PP=Anywhere	NT=Acetyl;AC=UNIMOD:1;MT=variable;PP=Protein N-term	NT=Phospho;AC=UNIMOD:21;MT=variable;TA=S,T,Y;PP=Anywhere	v3.0.0	ms-proteomics v1.1.0	human v1.1.0	cell-lines v1.1.0	1 ug	no EGF stimulation	Fe(III)-IMAC	input titration
HeLa_input_200ug_1	Homo sapiens	cervix	epithelial cell	cell	cervical adenocarcinoma	female	30Y6M	adult	HeLa	not available	study sample	200 ug	no EGF stimulation	Fe(III)-IMAC	input titration	not available	HeLa	CVCL_0030	HeLa	not available	not available	DMEM	OR10_20160321_HP_RP_HeLa_200ug_1	proteomic profiling by mass spectrometry	OR10_20160321_HP_RP_HeLa_200ug_1.raw	ftp://ftp.pride.ebi.ac.uk/pride/data/archive/2016/12/PXD005366/OR10_20160321_HP_RP_HeLa_200ug_1.raw	NT=label free sample;AC=MS:1002038	1	1	NT=Q Exactive Plus;AC=MS:1002634	NT=Data-dependent acquisition;AC=PRIDE:0000627	NT=Trypsin;AC=MS:1001251	NT=Lys-C;AC=MS:1001309	NT=beam-type collision-induced dissociation;AC=MS:1000422	25 NCE	375m/z-1600m/z	not available	not available	NT=Carbamidomethyl;AC=UNIMOD:4;MT=fixed;TA=C;PP=Anywhere	NT=Oxidation;AC=UNIMOD:35;MT=variable;TA=M;PP=Anywhere	NT=Acetyl;AC=UNIMOD:1;MT=variable;PP=Protein N-term	NT=Phospho;AC=UNIMOD:21;MT=variable;TA=S,T,Y;PP=Anywhere	v3.0.0	ms-proteomics v1.1.0	human v1.1.0	cell-lines v1.1.0	200 ug	no EGF stimulation	Fe(III)-IMAC	input titration
HeLa_input_200ug_2	Homo sapiens	cervix	epithelial cell	cell	cervical adenocarcinoma	female	30Y6M	adult	HeLa	not available	study sample	200 ug	no EGF stimulation	Fe(III)-IMAC	input titration	not available	HeLa	CVCL_0030	HeLa	not available	not available	DMEM	OR10_20160321_HP_RP_HeLa_200ug_2	proteomic profiling by mass spectrometry	OR10_20160321_HP_RP_HeLa_200ug_2.raw	ftp://ftp.pride.ebi.ac.uk/pride/data/archive/2016/12/PXD005366/OR10_20160321_HP_RP_HeLa_200ug_2.raw	NT=label free sample;AC=MS:1002038	1	2	NT=Q Exactive Plus;AC=MS:1002634	NT=Data-dependent acquisition;AC=PRIDE:0000627	NT=Trypsin;AC=MS:1001251	NT=Lys-C;AC=MS:1001309	NT=beam-type collision-induced dissociation;AC=MS:1000422	25 NCE	375m/z-1600m/z	not available	not available	NT=Carbamidomethyl;AC=UNIMOD:4;MT=fixed;TA=C;PP=Anywhere	NT=Oxidation;AC=UNIMOD:35;MT=variable;TA=M;PP=Anywhere	NT=Acetyl;AC=UNIMOD:1;MT=variable;PP=Protein N-term	NT=Phospho;AC=UNIMOD:21;MT=variable;TA=S,T,Y;PP=Anywhere	v3.0.0	ms-proteomics v1.1.0	human v1.1.0	cell-lines v1.1.0	200 ug	no EGF stimulation	Fe(III)-IMAC	input titration
HeLa_input_200ug_3	Homo sapiens	cervix	epithelial cell	cell	cervical adenocarcinoma	female	30Y6M	adult	HeLa	not available	study sample	200 ug	no EGF stimulation	Fe(III)-IMAC	input titration	not available	HeLa	CVCL_0030	HeLa	not available	not available	DMEM	OR10_20160321_HP_RP_HeLa_200ug_3	proteomic profiling by mass spectrometry	OR10_20160321_HP_RP_HeLa_200ug_3.raw	ftp://ftp.pride.ebi.ac.uk/pride/data/archive/2016/12/PXD005366/OR10_20160321_HP_RP_HeLa_200ug_3.raw	NT=label free sample;AC=MS:1002038	1	3	NT=Q Exactive Plus;AC=MS:1002634	NT=Data-dependent acquisition;AC=PRIDE:0000627	NT=Trypsin;AC=MS:1001251	NT=Lys-C;AC=MS:1001309	NT=beam-type collision-induced dissociation;AC=MS:1000422	25 NCE	375m/z-1600m/z	not available	not available	NT=Carbamidomethyl;AC=UNIMOD:4;MT=fixed;TA=C;PP=Anywhere	NT=Oxidation;AC=UNIMOD:35;MT=variable;TA=M;PP=Anywhere	NT=Acetyl;AC=UNIMOD:1;MT=variable;PP=Protein N-term	NT=Phospho;AC=UNIMOD:21;MT=variable;TA=S,T,Y;PP=Anywhere	v3.0.0	ms-proteomics v1.1.0	human v1.1.0	cell-lines v1.1.0	200 ug	no EGF stimulation	Fe(III)-IMAC	input titration
HeLa_input_25ug_1	Homo sapiens	cervix	epithelial cell	cell	cervical adenocarcinoma	female	30Y6M	adult	HeLa	not available	study sample	25 ug	no EGF stimulation	Fe(III)-IMAC	input titration	not available	HeLa	CVCL_0030	HeLa	not available	not available	DMEM	OR10_20160321_HP_RP_HeLa_25ug_1	proteomic profiling by mass spectrometry	OR10_20160321_HP_RP_HeLa_25ug_1.raw	ftp://ftp.pride.ebi.ac.uk/pride/data/archive/2016/12/PXD005366/OR10_20160321_HP_RP_HeLa_25ug_1.raw	NT=label free sample;AC=MS:1002038	1	1	NT=Q Exactive Plus;AC=MS:1002634	NT=Data-dependent acquisition;AC=PRIDE:0000627	NT=Trypsin;AC=MS:1001251	NT=Lys-C;AC=MS:1001309	NT=beam-type collision-induced dissociation;AC=MS:1000422	25 NCE	375m/z-1600m/z	not available	not available	NT=Carbamidomethyl;AC=UNIMOD:4;MT=fixed;TA=C;PP=Anywhere	NT=Oxidation;AC=UNIMOD:35;MT=variable;TA=M;PP=Anywhere	NT=Acetyl;AC=UNIMOD:1;MT=variable;PP=Protein N-term	NT=Phospho;AC=UNIMOD:21;MT=variable;TA=S,T,Y;PP=Anywhere	v3.0.0	ms-proteomics v1.1.0	human v1.1.0	cell-lines v1.1.0	25 ug	no EGF stimulation	Fe(III)-IMAC	input titration
HeLa_input_25ug_2	Homo sapiens	cervix	epithelial cell	cell	cervical adenocarcinoma	female	30Y6M	adult	HeLa	not available	study sample	25 ug	no EGF stimulation	Fe(III)-IMAC	input titration	not available	HeLa	CVCL_0030	HeLa	not available	not available	DMEM	OR10_20160321_HP_RP_HeLa_25ug_2	proteomic profiling by mass spectrometry	OR10_20160321_HP_RP_HeLa_25ug_2.raw	ftp://ftp.pride.ebi.ac.uk/pride/data/archive/2016/12/PXD005366/OR10_20160321_HP_RP_HeLa_25ug_2.raw	NT=label free sample;AC=MS:1002038	1	2	NT=Q Exactive Plus;AC=MS:1002634	NT=Data-dependent acquisition;AC=PRIDE:0000627	NT=Trypsin;AC=MS:1001251	NT=Lys-C;AC=MS:1001309	NT=beam-type collision-induced dissociation;AC=MS:1000422	25 NCE	375m/z-1600m/z	not available	not available	NT=Carbamidomethyl;AC=UNIMOD:4;MT=fixed;TA=C;PP=Anywhere	NT=Oxidation;AC=UNIMOD:35;MT=variable;TA=M;PP=Anywhere	NT=Acetyl;AC=UNIMOD:1;MT=variable;PP=Protein N-term	NT=Phospho;AC=UNIMOD:21;MT=variable;TA=S,T,Y;PP=Anywhere	v3.0.0	ms-proteomics v1.1.0	human v1.1.0	cell-lines v1.1.0	25 ug	no EGF stimulation	Fe(III)-IMAC	input titration
HeLa_input_25ug_3	Homo sapiens	cervix	epithelial cell	cell	cervical adenocarcinoma	female	30Y6M	adult	HeLa	not available	study sample	25 ug	no EGF stimulation	Fe(III)-IMAC	input titration	not available	HeLa	CVCL_0030	HeLa	not available	not available	DMEM	OR10_20160321_HP_RP_HeLa_25ug_3	proteomic profiling by mass spectrometry	OR10_20160321_HP_RP_HeLa_25ug_3.raw	ftp://ftp.pride.ebi.ac.uk/pride/data/archive/2016/12/PXD005366/OR10_20160321_HP_RP_HeLa_25ug_3.raw	NT=label free sample;AC=MS:1002038	1	3	NT=Q Exactive Plus;AC=MS:1002634	NT=Data-dependent acquisition;AC=PRIDE:0000627	NT=Trypsin;AC=MS:1001251	NT=Lys-C;AC=MS:1001309	NT=beam-type collision-induced dissociation;AC=MS:1000422	25 NCE	375m/z-1600m/z	not available	not available	NT=Carbamidomethyl;AC=UNIMOD:4;MT=fixed;TA=C;PP=Anywhere	NT=Oxidation;AC=UNIMOD:35;MT=variable;TA=M;PP=Anywhere	NT=Acetyl;AC=UNIMOD:1;MT=variable;PP=Protein N-term	NT=Phospho;AC=UNIMOD:21;MT=variable;TA=S,T,Y;PP=Anywhere	v3.0.0	ms-proteomics v1.1.0	human v1.1.0	cell-lines v1.1.0	25 ug	no EGF stimulation	Fe(III)-IMAC	input titration
HeLa_input_2.5ug_1	Homo sapiens	cervix	epithelial cell	cell	cervical adenocarcinoma	female	30Y6M	adult	HeLa	not available	study sample	2.5 ug	no EGF stimulation	Fe(III)-IMAC	input titration	not available	HeLa	CVCL_0030	HeLa	not available	not available	DMEM	OR10_20160321_HP_RP_HeLa_2p5ug_1	proteomic profiling by mass spectrometry	OR10_20160321_HP_RP_HeLa_2p5ug_1.raw	ftp://ftp.pride.ebi.ac.uk/pride/data/archive/2016/12/PXD005366/OR10_20160321_HP_RP_HeLa_2p5ug_1.raw	NT=label free sample;AC=MS:1002038	1	1	NT=Q Exactive Plus;AC=MS:1002634	NT=Data-dependent acquisition;AC=PRIDE:0000627	NT=Trypsin;AC=MS:1001251	NT=Lys-C;AC=MS:1001309	NT=beam-type collision-induced dissociation;AC=MS:1000422	25 NCE	375m/z-1600m/z	not available	not available	NT=Carbamidomethyl;AC=UNIMOD:4;MT=fixed;TA=C;PP=Anywhere	NT=Oxidation;AC=UNIMOD:35;MT=variable;TA=M;PP=Anywhere	NT=Acetyl;AC=UNIMOD:1;MT=variable;PP=Protein N-term	NT=Phospho;AC=UNIMOD:21;MT=variable;TA=S,T,Y;PP=Anywhere	v3.0.0	ms-proteomics v1.1.0	human v1.1.0	cell-lines v1.1.0	2.5 ug	no EGF stimulation	Fe(III)-IMAC	input titration
HeLa_input_2.5ug_2	Homo sapiens	cervix	epithelial cell	cell	cervical adenocarcinoma	female	30Y6M	adult	HeLa	not available	study sample	2.5 ug	no EGF stimulation	Fe(III)-IMAC	input titration	not available	HeLa	CVCL_0030	HeLa	not available	not available	DMEM	OR10_20160321_HP_RP_HeLa_2p5ug_2	proteomic profiling by mass spectrometry	OR10_20160321_HP_RP_HeLa_2p5ug_2.raw	ftp://ftp.pride.ebi.ac.uk/pride/data/archive/2016/12/PXD005366/OR10_20160321_HP_RP_HeLa_2p5ug_2.raw	NT=label free sample;AC=MS:1002038	1	2	NT=Q Exactive Plus;AC=MS:1002634	NT=Data-dependent acquisition;AC=PRIDE:0000627	NT=Trypsin;AC=MS:1001251	NT=Lys-C;AC=MS:1001309	NT=beam-type collision-induced dissociation;AC=MS:1000422	25 NCE	375m/z-1600m/z	not available	not available	NT=Carbamidomethyl;AC=UNIMOD:4;MT=fixed;TA=C;PP=Anywhere	NT=Oxidation;AC=UNIMOD:35;MT=variable;TA=M;PP=Anywhere	NT=Acetyl;AC=UNIMOD:1;MT=variable;PP=Protein N-term	NT=Phospho;AC=UNIMOD:21;MT=variable;TA=S,T,Y;PP=Anywhere	v3.0.0	ms-proteomics v1.1.0	human v1.1.0	cell-lines v1.1.0	2.5 ug	no EGF stimulation	Fe(III)-IMAC	input titration
HeLa_input_2.5ug_3	Homo sapiens	cervix	epithelial cell	cell	cervical adenocarcinoma	female	30Y6M	adult	HeLa	not available	study sample	2.5 ug	no EGF stimulation	Fe(III)-IMAC	input titration	not available	HeLa	CVCL_0030	HeLa	not available	not available	DMEM	OR10_20160321_HP_RP_HeLa_2p5ug_3	proteomic profiling by mass spectrometry	OR10_20160321_HP_RP_HeLa_2p5ug_3.raw	ftp://ftp.pride.ebi.ac.uk/pride/data/archive/2016/12/PXD005366/OR10_20160321_HP_RP_HeLa_2p5ug_3.raw	NT=label free sample;AC=MS:1002038	1	3	NT=Q Exactive Plus;AC=MS:1002634	NT=Data-dependent acquisition;AC=PRIDE:0000627	NT=Trypsin;AC=MS:1001251	NT=Lys-C;AC=MS:1001309	NT=beam-type collision-induced dissociation;AC=MS:1000422	25 NCE	375m/z-1600m/z	not available	not available	NT=Carbamidomethyl;AC=UNIMOD:4;MT=fixed;TA=C;PP=Anywhere	NT=Oxidation;AC=UNIMOD:35;MT=variable;TA=M;PP=Anywhere	NT=Acetyl;AC=UNIMOD:1;MT=variable;PP=Protein N-term	NT=Phospho;AC=UNIMOD:21;MT=variable;TA=S,T,Y;PP=Anywhere	v3.0.0	ms-proteomics v1.1.0	human v1.1.0	cell-lines v1.1.0	2.5 ug	no EGF stimulation	Fe(III)-IMAC	input titration
HeLa_input_500ug_1	Homo sapiens	cervix	epithelial cell	cell	cervical adenocarcinoma	female	30Y6M	adult	HeLa	not available	study sample	500 ug	no EGF stimulation	Fe(III)-IMAC	input titration	not available	HeLa	CVCL_0030	HeLa	not available	not available	DMEM	OR10_20160321_HP_RP_HeLa_500ug_1	proteomic profiling by mass spectrometry	OR10_20160321_HP_RP_HeLa_500ug_1.raw	ftp://ftp.pride.ebi.ac.uk/pride/data/archive/2016/12/PXD005366/OR10_20160321_HP_RP_HeLa_500ug_1.raw	NT=label free sample;AC=MS:1002038	1	1	NT=Q Exactive Plus;AC=MS:1002634	NT=Data-dependent acquisition;AC=PRIDE:0000627	NT=Trypsin;AC=MS:1001251	NT=Lys-C;AC=MS:1001309	NT=beam-type collision-induced dissociation;AC=MS:1000422	25 NCE	375m/z-1600m/z	not available	not available	NT=Carbamidomethyl;AC=UNIMOD:4;MT=fixed;TA=C;PP=Anywhere	NT=Oxidation;AC=UNIMOD:35;MT=variable;TA=M;PP=Anywhere	NT=Acetyl;AC=UNIMOD:1;MT=variable;PP=Protein N-term	NT=Phospho;AC=UNIMOD:21;MT=variable;TA=S,T,Y;PP=Anywhere	v3.0.0	ms-proteomics v1.1.0	human v1.1.0	cell-lines v1.1.0	500 ug	no EGF stimulation	Fe(III)-IMAC	input titration
HeLa_input_500ug_2	Homo sapiens	cervix	epithelial cell	cell	cervical adenocarcinoma	female	30Y6M	adult	HeLa	not available	study sample	500 ug	no EGF stimulation	Fe(III)-IMAC	input titration	not available	HeLa	CVCL_0030	HeLa	not available	not available	DMEM	OR10_20160321_HP_RP_HeLa_500ug_2	proteomic profiling by mass spectrometry	OR10_20160321_HP_RP_HeLa_500ug_2.raw	ftp://ftp.pride.ebi.ac.uk/pride/data/archive/2016/12/PXD005366/OR10_20160321_HP_RP_HeLa_500ug_2.raw	NT=label free sample;AC=MS:1002038	1	2	NT=Q Exactive Plus;AC=MS:1002634	NT=Data-dependent acquisition;AC=PRIDE:0000627	NT=Trypsin;AC=MS:1001251	NT=Lys-C;AC=MS:1001309	NT=beam-type collision-induced dissociation;AC=MS:1000422	25 NCE	375m/z-1600m/z	not available	not available	NT=Carbamidomethyl;AC=UNIMOD:4;MT=fixed;TA=C;PP=Anywhere	NT=Oxidation;AC=UNIMOD:35;MT=variable;TA=M;PP=Anywhere	NT=Acetyl;AC=UNIMOD:1;MT=variable;PP=Protein N-term	NT=Phospho;AC=UNIMOD:21;MT=variable;TA=S,T,Y;PP=Anywhere	v3.0.0	ms-proteomics v1.1.0	human v1.1.0	cell-lines v1.1.0	500 ug	no EGF stimulation	Fe(III)-IMAC	input titration
HeLa_input_500ug_3	Homo sapiens	cervix	epithelial cell	cell	cervical adenocarcinoma	female	30Y6M	adult	HeLa	not available	study sample	500 ug	no EGF stimulation	Fe(III)-IMAC	input titration	not available	HeLa	CVCL_0030	HeLa	not available	not available	DMEM	OR10_20160321_HP_RP_HeLa_500ug_3	proteomic profiling by mass spectrometry	OR10_20160321_HP_RP_HeLa_500ug_3.raw	ftp://ftp.pride.ebi.ac.uk/pride/data/archive/2016/12/PXD005366/OR10_20160321_HP_RP_HeLa_500ug_3.raw	NT=label free sample;AC=MS:1002038	1	3	NT=Q Exactive Plus;AC=MS:1002634	NT=Data-dependent acquisition;AC=PRIDE:0000627	NT=Trypsin;AC=MS:1001251	NT=Lys-C;AC=MS:1001309	NT=beam-type collision-induced dissociation;AC=MS:1000422	25 NCE	375m/z-1600m/z	not available	not available	NT=Carbamidomethyl;AC=UNIMOD:4;MT=fixed;TA=C;PP=Anywhere	NT=Oxidation;AC=UNIMOD:35;MT=variable;TA=M;PP=Anywhere	NT=Acetyl;AC=UNIMOD:1;MT=variable;PP=Protein N-term	NT=Phospho;AC=UNIMOD:21;MT=variable;TA=S,T,Y;PP=Anywhere	v3.0.0	ms-proteomics v1.1.0	human v1.1.0	cell-lines v1.1.0	500 ug	no EGF stimulation	Fe(III)-IMAC	input titration
HeLa_input_50ug_1	Homo sapiens	cervix	epithelial cell	cell	cervical adenocarcinoma	female	30Y6M	adult	HeLa	not available	study sample	50 ug	no EGF stimulation	Fe(III)-IMAC	input titration	not available	HeLa	CVCL_0030	HeLa	not available	not available	DMEM	OR10_20160321_HP_RP_HeLa_50ug_1	proteomic profiling by mass spectrometry	OR10_20160321_HP_RP_HeLa_50ug_1.raw	ftp://ftp.pride.ebi.ac.uk/pride/data/archive/2016/12/PXD005366/OR10_20160321_HP_RP_HeLa_50ug_1.raw	NT=label free sample;AC=MS:1002038	1	1	NT=Q Exactive Plus;AC=MS:1002634	NT=Data-dependent acquisition;AC=PRIDE:0000627	NT=Trypsin;AC=MS:1001251	NT=Lys-C;AC=MS:1001309	NT=beam-type collision-induced dissociation;AC=MS:1000422	25 NCE	375m/z-1600m/z	not available	not available	NT=Carbamidomethyl;AC=UNIMOD:4;MT=fixed;TA=C;PP=Anywhere	NT=Oxidation;AC=UNIMOD:35;MT=variable;TA=M;PP=Anywhere	NT=Acetyl;AC=UNIMOD:1;MT=variable;PP=Protein N-term	NT=Phospho;AC=UNIMOD:21;MT=variable;TA=S,T,Y;PP=Anywhere	v3.0.0	ms-proteomics v1.1.0	human v1.1.0	cell-lines v1.1.0	50 ug	no EGF stimulation	Fe(III)-IMAC	input titration
HeLa_input_50ug_2	Homo sapiens	cervix	epithelial cell	cell	cervical adenocarcinoma	female	30Y6M	adult	HeLa	not available	study sample	50 ug	no EGF stimulation	Fe(III)-IMAC	input titration	not available	HeLa	CVCL_0030	HeLa	not available	not available	DMEM	OR10_20160321_HP_RP_HeLa_50ug_2	proteomic profiling by mass spectrometry	OR10_20160321_HP_RP_HeLa_50ug_2.raw	ftp://ftp.pride.ebi.ac.uk/pride/data/archive/2016/12/PXD005366/OR10_20160321_HP_RP_HeLa_50ug_2.raw	NT=label free sample;AC=MS:1002038	1	2	NT=Q Exactive Plus;AC=MS:1002634	NT=Data-dependent acquisition;AC=PRIDE:0000627	NT=Trypsin;AC=MS:1001251	NT=Lys-C;AC=MS:1001309	NT=beam-type collision-induced dissociation;AC=MS:1000422	25 NCE	375m/z-1600m/z	not available	not available	NT=Carbamidomethyl;AC=UNIMOD:4;MT=fixed;TA=C;PP=Anywhere	NT=Oxidation;AC=UNIMOD:35;MT=variable;TA=M;PP=Anywhere	NT=Acetyl;AC=UNIMOD:1;MT=variable;PP=Protein N-term	NT=Phospho;AC=UNIMOD:21;MT=variable;TA=S,T,Y;PP=Anywhere	v3.0.0	ms-proteomics v1.1.0	human v1.1.0	cell-lines v1.1.0	50 ug	no EGF stimulation	Fe(III)-IMAC	input titration
HeLa_input_50ug_3	Homo sapiens	cervix	epithelial cell	cell	cervical adenocarcinoma	female	30Y6M	adult	HeLa	not available	study sample	50 ug	no EGF stimulation	Fe(III)-IMAC	input titration	not available	HeLa	CVCL_0030	HeLa	not available	not available	DMEM	OR10_20160321_HP_RP_HeLa_50ug_3	proteomic profiling by mass spectrometry	OR10_20160321_HP_RP_HeLa_50ug_3.raw	ftp://ftp.pride.ebi.ac.uk/pride/data/archive/2016/12/PXD005366/OR10_20160321_HP_RP_HeLa_50ug_3.raw	NT=label free sample;AC=MS:1002038	1	3	NT=Q Exactive Plus;AC=MS:1002634	NT=Data-dependent acquisition;AC=PRIDE:0000627	NT=Trypsin;AC=MS:1001251	NT=Lys-C;AC=MS:1001309	NT=beam-type collision-induced dissociation;AC=MS:1000422	25 NCE	375m/z-1600m/z	not available	not available	NT=Carbamidomethyl;AC=UNIMOD:4;MT=fixed;TA=C;PP=Anywhere	NT=Oxidation;AC=UNIMOD:35;MT=variable;TA=M;PP=Anywhere	NT=Acetyl;AC=UNIMOD:1;MT=variable;PP=Protein N-term	NT=Phospho;AC=UNIMOD:21;MT=variable;TA=S,T,Y;PP=Anywhere	v3.0.0	ms-proteomics v1.1.0	human v1.1.0	cell-lines v1.1.0	50 ug	no EGF stimulation	Fe(III)-IMAC	input titration
HeLa_input_5ug_1	Homo sapiens	cervix	epithelial cell	cell	cervical adenocarcinoma	female	30Y6M	adult	HeLa	not available	study sample	5 ug	no EGF stimulation	Fe(III)-IMAC	input titration	not available	HeLa	CVCL_0030	HeLa	not available	not available	DMEM	OR10_20160321_HP_RP_HeLa_5ug_1	proteomic profiling by mass spectrometry	OR10_20160321_HP_RP_HeLa_5ug_1.raw	ftp://ftp.pride.ebi.ac.uk/pride/data/archive/2016/12/PXD005366/OR10_20160321_HP_RP_HeLa_5ug_1.raw	NT=label free sample;AC=MS:1002038	1	1	NT=Q Exactive Plus;AC=MS:1002634	NT=Data-dependent acquisition;AC=PRIDE:0000627	NT=Trypsin;AC=MS:1001251	NT=Lys-C;AC=MS:1001309	NT=beam-type collision-induced dissociation;AC=MS:1000422	25 NCE	375m/z-1600m/z	not available	not available	NT=Carbamidomethyl;AC=UNIMOD:4;MT=fixed;TA=C;PP=Anywhere	NT=Oxidation;AC=UNIMOD:35;MT=variable;TA=M;PP=Anywhere	NT=Acetyl;AC=UNIMOD:1;MT=variable;PP=Protein N-term	NT=Phospho;AC=UNIMOD:21;MT=variable;TA=S,T,Y;PP=Anywhere	v3.0.0	ms-proteomics v1.1.0	human v1.1.0	cell-lines v1.1.0	5 ug	no EGF stimulation	Fe(III)-IMAC	input titration
HeLa_input_5ug_2	Homo sapiens	cervix	epithelial cell	cell	cervical adenocarcinoma	female	30Y6M	adult	HeLa	not available	study sample	5 ug	no EGF stimulation	Fe(III)-IMAC	input titration	not available	HeLa	CVCL_0030	HeLa	not available	not available	DMEM	OR10_20160321_HP_RP_HeLa_5ug_2	proteomic profiling by mass spectrometry	OR10_20160321_HP_RP_HeLa_5ug_2.raw	ftp://ftp.pride.ebi.ac.uk/pride/data/archive/2016/12/PXD005366/OR10_20160321_HP_RP_HeLa_5ug_2.raw	NT=label free sample;AC=MS:1002038	1	2	NT=Q Exactive Plus;AC=MS:1002634	NT=Data-dependent acquisition;AC=PRIDE:0000627	NT=Trypsin;AC=MS:1001251	NT=Lys-C;AC=MS:1001309	NT=beam-type collision-induced dissociation;AC=MS:1000422	25 NCE	375m/z-1600m/z	not available	not available	NT=Carbamidomethyl;AC=UNIMOD:4;MT=fixed;TA=C;PP=Anywhere	NT=Oxidation;AC=UNIMOD:35;MT=variable;TA=M;PP=Anywhere	NT=Acetyl;AC=UNIMOD:1;MT=variable;PP=Protein N-term	NT=Phospho;AC=UNIMOD:21;MT=variable;TA=S,T,Y;PP=Anywhere	v3.0.0	ms-proteomics v1.1.0	human v1.1.0	cell-lines v1.1.0	5 ug	no EGF stimulation	Fe(III)-IMAC	input titration
HeLa_input_5ug_3	Homo sapiens	cervix	epithelial cell	cell	cervical adenocarcinoma	female	30Y6M	adult	HeLa	not available	study sample	5 ug	no EGF stimulation	Fe(III)-IMAC	input titration	not available	HeLa	CVCL_0030	HeLa	not available	not available	DMEM	OR10_20160321_HP_RP_HeLa_5ug_3	proteomic profiling by mass spectrometry	OR10_20160321_HP_RP_HeLa_5ug_3.raw	ftp://ftp.pride.ebi.ac.uk/pride/data/archive/2016/12/PXD005366/OR10_20160321_HP_RP_HeLa_5ug_3.raw	NT=label free sample;AC=MS:1002038	1	3	NT=Q Exactive Plus;AC=MS:1002634	NT=Data-dependent acquisition;AC=PRIDE:0000627	NT=Trypsin;AC=MS:1001251	NT=Lys-C;AC=MS:1001309	NT=beam-type collision-induced dissociation;AC=MS:1000422	25 NCE	375m/z-1600m/z	not available	not available	NT=Carbamidomethyl;AC=UNIMOD:4;MT=fixed;TA=C;PP=Anywhere	NT=Oxidation;AC=UNIMOD:35;MT=variable;TA=M;PP=Anywhere	NT=Acetyl;AC=UNIMOD:1;MT=variable;PP=Protein N-term	NT=Phospho;AC=UNIMOD:21;MT=variable;TA=S,T,Y;PP=Anywhere	v3.0.0	ms-proteomics v1.1.0	human v1.1.0	cell-lines v1.1.0	5 ug	no EGF stimulation	Fe(III)-IMAC	input titration
