source name	characteristics[organism]	characteristics[organism part]	characteristics[cell type]	characteristics[material type]	characteristics[disease]	characteristics[sex]	characteristics[age]	characteristics[developmental stage]	characteristics[individual]	characteristics[pooled sample]	characteristics[sample type]	characteristics[sample amount]	characteristics[treatment]	characteristics[enrichment method]	characteristics[experiment component]	characteristics[biological replicate]	characteristics[strain or breed]	characteristics[embryonic age]	characteristics[culture age]	assay name	technology type	comment[data file]	comment[file uri]	comment[label]	comment[fraction identifier]	comment[technical replicate]	comment[instrument]	comment[proteomics data acquisition method]	comment[cleavage agent details]	comment[cleavage agent details]	comment[dissociation method]	comment[collision energy]	comment[ms1 scan range]	comment[precursor mass tolerance]	comment[fragment mass tolerance]	comment[modification parameters]	comment[modification parameters]	comment[modification parameters]	comment[modification parameters]	comment[sdrf version]	comment[sdrf template]	comment[sdrf template]	factor value[sample amount]	factor value[treatment]	factor value[enrichment method]	factor value[experiment component]
neuron_titration_pool_10ug_1	Rattus norvegicus	hippocampal formation	neuron	cell	not available	not available	not available	embryo	not available	pooled	study sample	10 ug	no EGF stimulation	Fe(III)-IMAC	input titration	1	not available	18D	14D-15D	OR10_20160321_HP_RP_neuron_10ug_1	proteomic profiling by mass spectrometry	OR10_20160321_HP_RP_neuron_10ug_1.raw	ftp://ftp.pride.ebi.ac.uk/pride/data/archive/2016/12/PXD005366/OR10_20160321_HP_RP_neuron_10ug_1.raw	NT=label free sample;AC=MS:1002038	1	1	NT=Q Exactive Plus;AC=MS:1002634	NT=Data-dependent acquisition;AC=PRIDE:0000627	NT=Trypsin;AC=MS:1001251	NT=Lys-C;AC=MS:1001309	NT=beam-type collision-induced dissociation;AC=MS:1000422	25 NCE	375m/z-1600m/z	not available	not available	NT=Carbamidomethyl;AC=UNIMOD:4;MT=fixed;TA=C;PP=Anywhere	NT=Oxidation;AC=UNIMOD:35;MT=variable;TA=M;PP=Anywhere	NT=Acetyl;AC=UNIMOD:1;MT=variable;PP=Protein N-term	NT=Phospho;AC=UNIMOD:21;MT=variable;TA=S,T,Y;PP=Anywhere	v3.0.0	ms-proteomics v1.1.0	vertebrates v1.1.0	10 ug	no EGF stimulation	Fe(III)-IMAC	input titration
neuron_titration_pool_10ug_2	Rattus norvegicus	hippocampal formation	neuron	cell	not available	not available	not available	embryo	not available	pooled	study sample	10 ug	no EGF stimulation	Fe(III)-IMAC	input titration	1	not available	18D	14D-15D	OR10_20160321_HP_RP_neuron_10ug_2	proteomic profiling by mass spectrometry	OR10_20160321_HP_RP_neuron_10ug_2.raw	ftp://ftp.pride.ebi.ac.uk/pride/data/archive/2016/12/PXD005366/OR10_20160321_HP_RP_neuron_10ug_2.raw	NT=label free sample;AC=MS:1002038	1	2	NT=Q Exactive Plus;AC=MS:1002634	NT=Data-dependent acquisition;AC=PRIDE:0000627	NT=Trypsin;AC=MS:1001251	NT=Lys-C;AC=MS:1001309	NT=beam-type collision-induced dissociation;AC=MS:1000422	25 NCE	375m/z-1600m/z	not available	not available	NT=Carbamidomethyl;AC=UNIMOD:4;MT=fixed;TA=C;PP=Anywhere	NT=Oxidation;AC=UNIMOD:35;MT=variable;TA=M;PP=Anywhere	NT=Acetyl;AC=UNIMOD:1;MT=variable;PP=Protein N-term	NT=Phospho;AC=UNIMOD:21;MT=variable;TA=S,T,Y;PP=Anywhere	v3.0.0	ms-proteomics v1.1.0	vertebrates v1.1.0	10 ug	no EGF stimulation	Fe(III)-IMAC	input titration
neuron_titration_pool_10ug_3	Rattus norvegicus	hippocampal formation	neuron	cell	not available	not available	not available	embryo	not available	pooled	study sample	10 ug	no EGF stimulation	Fe(III)-IMAC	input titration	1	not available	18D	14D-15D	OR10_20160321_HP_RP_neuron_10ug_3	proteomic profiling by mass spectrometry	OR10_20160321_HP_RP_neuron_10ug_3.raw	ftp://ftp.pride.ebi.ac.uk/pride/data/archive/2016/12/PXD005366/OR10_20160321_HP_RP_neuron_10ug_3.raw	NT=label free sample;AC=MS:1002038	1	3	NT=Q Exactive Plus;AC=MS:1002634	NT=Data-dependent acquisition;AC=PRIDE:0000627	NT=Trypsin;AC=MS:1001251	NT=Lys-C;AC=MS:1001309	NT=beam-type collision-induced dissociation;AC=MS:1000422	25 NCE	375m/z-1600m/z	not available	not available	NT=Carbamidomethyl;AC=UNIMOD:4;MT=fixed;TA=C;PP=Anywhere	NT=Oxidation;AC=UNIMOD:35;MT=variable;TA=M;PP=Anywhere	NT=Acetyl;AC=UNIMOD:1;MT=variable;PP=Protein N-term	NT=Phospho;AC=UNIMOD:21;MT=variable;TA=S,T,Y;PP=Anywhere	v3.0.0	ms-proteomics v1.1.0	vertebrates v1.1.0	10 ug	no EGF stimulation	Fe(III)-IMAC	input titration
neuron_titration_pool_10ug_4	Rattus norvegicus	hippocampal formation	neuron	cell	not available	not available	not available	embryo	not available	pooled	study sample	10 ug	no EGF stimulation	Fe(III)-IMAC	input titration	1	not available	18D	14D-15D	OR10_20160321_HP_RP_neuron_10ug_4	proteomic profiling by mass spectrometry	OR10_20160321_HP_RP_neuron_10ug_4.raw	ftp://ftp.pride.ebi.ac.uk/pride/data/archive/2016/12/PXD005366/OR10_20160321_HP_RP_neuron_10ug_4.raw	NT=label free sample;AC=MS:1002038	1	4	NT=Q Exactive Plus;AC=MS:1002634	NT=Data-dependent acquisition;AC=PRIDE:0000627	NT=Trypsin;AC=MS:1001251	NT=Lys-C;AC=MS:1001309	NT=beam-type collision-induced dissociation;AC=MS:1000422	25 NCE	375m/z-1600m/z	not available	not available	NT=Carbamidomethyl;AC=UNIMOD:4;MT=fixed;TA=C;PP=Anywhere	NT=Oxidation;AC=UNIMOD:35;MT=variable;TA=M;PP=Anywhere	NT=Acetyl;AC=UNIMOD:1;MT=variable;PP=Protein N-term	NT=Phospho;AC=UNIMOD:21;MT=variable;TA=S,T,Y;PP=Anywhere	v3.0.0	ms-proteomics v1.1.0	vertebrates v1.1.0	10 ug	no EGF stimulation	Fe(III)-IMAC	input titration
neuron_titration_pool_1ug_1	Rattus norvegicus	hippocampal formation	neuron	cell	not available	not available	not available	embryo	not available	pooled	study sample	1 ug	no EGF stimulation	Fe(III)-IMAC	input titration	1	not available	18D	14D-15D	OR10_20160321_HP_RP_neuron_1ug_1	proteomic profiling by mass spectrometry	OR10_20160321_HP_RP_neuron_1ug_1.raw	ftp://ftp.pride.ebi.ac.uk/pride/data/archive/2016/12/PXD005366/OR10_20160321_HP_RP_neuron_1ug_1.raw	NT=label free sample;AC=MS:1002038	1	1	NT=Q Exactive Plus;AC=MS:1002634	NT=Data-dependent acquisition;AC=PRIDE:0000627	NT=Trypsin;AC=MS:1001251	NT=Lys-C;AC=MS:1001309	NT=beam-type collision-induced dissociation;AC=MS:1000422	25 NCE	375m/z-1600m/z	not available	not available	NT=Carbamidomethyl;AC=UNIMOD:4;MT=fixed;TA=C;PP=Anywhere	NT=Oxidation;AC=UNIMOD:35;MT=variable;TA=M;PP=Anywhere	NT=Acetyl;AC=UNIMOD:1;MT=variable;PP=Protein N-term	NT=Phospho;AC=UNIMOD:21;MT=variable;TA=S,T,Y;PP=Anywhere	v3.0.0	ms-proteomics v1.1.0	vertebrates v1.1.0	1 ug	no EGF stimulation	Fe(III)-IMAC	input titration
neuron_titration_pool_1ug_2	Rattus norvegicus	hippocampal formation	neuron	cell	not available	not available	not available	embryo	not available	pooled	study sample	1 ug	no EGF stimulation	Fe(III)-IMAC	input titration	1	not available	18D	14D-15D	OR10_20160321_HP_RP_neuron_1ug_2	proteomic profiling by mass spectrometry	OR10_20160321_HP_RP_neuron_1ug_2.raw	ftp://ftp.pride.ebi.ac.uk/pride/data/archive/2016/12/PXD005366/OR10_20160321_HP_RP_neuron_1ug_2.raw	NT=label free sample;AC=MS:1002038	1	2	NT=Q Exactive Plus;AC=MS:1002634	NT=Data-dependent acquisition;AC=PRIDE:0000627	NT=Trypsin;AC=MS:1001251	NT=Lys-C;AC=MS:1001309	NT=beam-type collision-induced dissociation;AC=MS:1000422	25 NCE	375m/z-1600m/z	not available	not available	NT=Carbamidomethyl;AC=UNIMOD:4;MT=fixed;TA=C;PP=Anywhere	NT=Oxidation;AC=UNIMOD:35;MT=variable;TA=M;PP=Anywhere	NT=Acetyl;AC=UNIMOD:1;MT=variable;PP=Protein N-term	NT=Phospho;AC=UNIMOD:21;MT=variable;TA=S,T,Y;PP=Anywhere	v3.0.0	ms-proteomics v1.1.0	vertebrates v1.1.0	1 ug	no EGF stimulation	Fe(III)-IMAC	input titration
neuron_titration_pool_1ug_3	Rattus norvegicus	hippocampal formation	neuron	cell	not available	not available	not available	embryo	not available	pooled	study sample	1 ug	no EGF stimulation	Fe(III)-IMAC	input titration	1	not available	18D	14D-15D	OR10_20160321_HP_RP_neuron_1ug_3	proteomic profiling by mass spectrometry	OR10_20160321_HP_RP_neuron_1ug_3.raw	ftp://ftp.pride.ebi.ac.uk/pride/data/archive/2016/12/PXD005366/OR10_20160321_HP_RP_neuron_1ug_3.raw	NT=label free sample;AC=MS:1002038	1	3	NT=Q Exactive Plus;AC=MS:1002634	NT=Data-dependent acquisition;AC=PRIDE:0000627	NT=Trypsin;AC=MS:1001251	NT=Lys-C;AC=MS:1001309	NT=beam-type collision-induced dissociation;AC=MS:1000422	25 NCE	375m/z-1600m/z	not available	not available	NT=Carbamidomethyl;AC=UNIMOD:4;MT=fixed;TA=C;PP=Anywhere	NT=Oxidation;AC=UNIMOD:35;MT=variable;TA=M;PP=Anywhere	NT=Acetyl;AC=UNIMOD:1;MT=variable;PP=Protein N-term	NT=Phospho;AC=UNIMOD:21;MT=variable;TA=S,T,Y;PP=Anywhere	v3.0.0	ms-proteomics v1.1.0	vertebrates v1.1.0	1 ug	no EGF stimulation	Fe(III)-IMAC	input titration
neuron_titration_pool_1ug_4	Rattus norvegicus	hippocampal formation	neuron	cell	not available	not available	not available	embryo	not available	pooled	study sample	1 ug	no EGF stimulation	Fe(III)-IMAC	input titration	1	not available	18D	14D-15D	OR10_20160321_HP_RP_neuron_1ug_4	proteomic profiling by mass spectrometry	OR10_20160321_HP_RP_neuron_1ug_4.raw	ftp://ftp.pride.ebi.ac.uk/pride/data/archive/2016/12/PXD005366/OR10_20160321_HP_RP_neuron_1ug_4.raw	NT=label free sample;AC=MS:1002038	1	4	NT=Q Exactive Plus;AC=MS:1002634	NT=Data-dependent acquisition;AC=PRIDE:0000627	NT=Trypsin;AC=MS:1001251	NT=Lys-C;AC=MS:1001309	NT=beam-type collision-induced dissociation;AC=MS:1000422	25 NCE	375m/z-1600m/z	not available	not available	NT=Carbamidomethyl;AC=UNIMOD:4;MT=fixed;TA=C;PP=Anywhere	NT=Oxidation;AC=UNIMOD:35;MT=variable;TA=M;PP=Anywhere	NT=Acetyl;AC=UNIMOD:1;MT=variable;PP=Protein N-term	NT=Phospho;AC=UNIMOD:21;MT=variable;TA=S,T,Y;PP=Anywhere	v3.0.0	ms-proteomics v1.1.0	vertebrates v1.1.0	1 ug	no EGF stimulation	Fe(III)-IMAC	input titration
neuron_titration_pool_25ug_1	Rattus norvegicus	hippocampal formation	neuron	cell	not available	not available	not available	embryo	not available	pooled	study sample	25 ug	no EGF stimulation	Fe(III)-IMAC	input titration	1	not available	18D	14D-15D	OR10_20160321_HP_RP_neuron_25ug_1	proteomic profiling by mass spectrometry	OR10_20160321_HP_RP_neuron_25ug_1.raw	ftp://ftp.pride.ebi.ac.uk/pride/data/archive/2016/12/PXD005366/OR10_20160321_HP_RP_neuron_25ug_1.raw	NT=label free sample;AC=MS:1002038	1	1	NT=Q Exactive Plus;AC=MS:1002634	NT=Data-dependent acquisition;AC=PRIDE:0000627	NT=Trypsin;AC=MS:1001251	NT=Lys-C;AC=MS:1001309	NT=beam-type collision-induced dissociation;AC=MS:1000422	25 NCE	375m/z-1600m/z	not available	not available	NT=Carbamidomethyl;AC=UNIMOD:4;MT=fixed;TA=C;PP=Anywhere	NT=Oxidation;AC=UNIMOD:35;MT=variable;TA=M;PP=Anywhere	NT=Acetyl;AC=UNIMOD:1;MT=variable;PP=Protein N-term	NT=Phospho;AC=UNIMOD:21;MT=variable;TA=S,T,Y;PP=Anywhere	v3.0.0	ms-proteomics v1.1.0	vertebrates v1.1.0	25 ug	no EGF stimulation	Fe(III)-IMAC	input titration
neuron_titration_pool_25ug_2	Rattus norvegicus	hippocampal formation	neuron	cell	not available	not available	not available	embryo	not available	pooled	study sample	25 ug	no EGF stimulation	Fe(III)-IMAC	input titration	1	not available	18D	14D-15D	OR10_20160321_HP_RP_neuron_25ug_2	proteomic profiling by mass spectrometry	OR10_20160321_HP_RP_neuron_25ug_2.raw	ftp://ftp.pride.ebi.ac.uk/pride/data/archive/2016/12/PXD005366/OR10_20160321_HP_RP_neuron_25ug_2.raw	NT=label free sample;AC=MS:1002038	1	2	NT=Q Exactive Plus;AC=MS:1002634	NT=Data-dependent acquisition;AC=PRIDE:0000627	NT=Trypsin;AC=MS:1001251	NT=Lys-C;AC=MS:1001309	NT=beam-type collision-induced dissociation;AC=MS:1000422	25 NCE	375m/z-1600m/z	not available	not available	NT=Carbamidomethyl;AC=UNIMOD:4;MT=fixed;TA=C;PP=Anywhere	NT=Oxidation;AC=UNIMOD:35;MT=variable;TA=M;PP=Anywhere	NT=Acetyl;AC=UNIMOD:1;MT=variable;PP=Protein N-term	NT=Phospho;AC=UNIMOD:21;MT=variable;TA=S,T,Y;PP=Anywhere	v3.0.0	ms-proteomics v1.1.0	vertebrates v1.1.0	25 ug	no EGF stimulation	Fe(III)-IMAC	input titration
neuron_titration_pool_25ug_3	Rattus norvegicus	hippocampal formation	neuron	cell	not available	not available	not available	embryo	not available	pooled	study sample	25 ug	no EGF stimulation	Fe(III)-IMAC	input titration	1	not available	18D	14D-15D	OR10_20160321_HP_RP_neuron_25ug_3	proteomic profiling by mass spectrometry	OR10_20160321_HP_RP_neuron_25ug_3.raw	ftp://ftp.pride.ebi.ac.uk/pride/data/archive/2016/12/PXD005366/OR10_20160321_HP_RP_neuron_25ug_3.raw	NT=label free sample;AC=MS:1002038	1	3	NT=Q Exactive Plus;AC=MS:1002634	NT=Data-dependent acquisition;AC=PRIDE:0000627	NT=Trypsin;AC=MS:1001251	NT=Lys-C;AC=MS:1001309	NT=beam-type collision-induced dissociation;AC=MS:1000422	25 NCE	375m/z-1600m/z	not available	not available	NT=Carbamidomethyl;AC=UNIMOD:4;MT=fixed;TA=C;PP=Anywhere	NT=Oxidation;AC=UNIMOD:35;MT=variable;TA=M;PP=Anywhere	NT=Acetyl;AC=UNIMOD:1;MT=variable;PP=Protein N-term	NT=Phospho;AC=UNIMOD:21;MT=variable;TA=S,T,Y;PP=Anywhere	v3.0.0	ms-proteomics v1.1.0	vertebrates v1.1.0	25 ug	no EGF stimulation	Fe(III)-IMAC	input titration
neuron_titration_pool_25ug_4	Rattus norvegicus	hippocampal formation	neuron	cell	not available	not available	not available	embryo	not available	pooled	study sample	25 ug	no EGF stimulation	Fe(III)-IMAC	input titration	1	not available	18D	14D-15D	OR10_20160321_HP_RP_neuron_25ug_4	proteomic profiling by mass spectrometry	OR10_20160321_HP_RP_neuron_25ug_4.raw	ftp://ftp.pride.ebi.ac.uk/pride/data/archive/2016/12/PXD005366/OR10_20160321_HP_RP_neuron_25ug_4.raw	NT=label free sample;AC=MS:1002038	1	4	NT=Q Exactive Plus;AC=MS:1002634	NT=Data-dependent acquisition;AC=PRIDE:0000627	NT=Trypsin;AC=MS:1001251	NT=Lys-C;AC=MS:1001309	NT=beam-type collision-induced dissociation;AC=MS:1000422	25 NCE	375m/z-1600m/z	not available	not available	NT=Carbamidomethyl;AC=UNIMOD:4;MT=fixed;TA=C;PP=Anywhere	NT=Oxidation;AC=UNIMOD:35;MT=variable;TA=M;PP=Anywhere	NT=Acetyl;AC=UNIMOD:1;MT=variable;PP=Protein N-term	NT=Phospho;AC=UNIMOD:21;MT=variable;TA=S,T,Y;PP=Anywhere	v3.0.0	ms-proteomics v1.1.0	vertebrates v1.1.0	25 ug	no EGF stimulation	Fe(III)-IMAC	input titration
neuron_titration_pool_2.5ug_1	Rattus norvegicus	hippocampal formation	neuron	cell	not available	not available	not available	embryo	not available	pooled	study sample	2.5 ug	no EGF stimulation	Fe(III)-IMAC	input titration	1	not available	18D	14D-15D	OR10_20160321_HP_RP_neuron_2p5ug_1	proteomic profiling by mass spectrometry	OR10_20160321_HP_RP_neuron_2p5ug_1.raw	ftp://ftp.pride.ebi.ac.uk/pride/data/archive/2016/12/PXD005366/OR10_20160321_HP_RP_neuron_2p5ug_1.raw	NT=label free sample;AC=MS:1002038	1	1	NT=Q Exactive Plus;AC=MS:1002634	NT=Data-dependent acquisition;AC=PRIDE:0000627	NT=Trypsin;AC=MS:1001251	NT=Lys-C;AC=MS:1001309	NT=beam-type collision-induced dissociation;AC=MS:1000422	25 NCE	375m/z-1600m/z	not available	not available	NT=Carbamidomethyl;AC=UNIMOD:4;MT=fixed;TA=C;PP=Anywhere	NT=Oxidation;AC=UNIMOD:35;MT=variable;TA=M;PP=Anywhere	NT=Acetyl;AC=UNIMOD:1;MT=variable;PP=Protein N-term	NT=Phospho;AC=UNIMOD:21;MT=variable;TA=S,T,Y;PP=Anywhere	v3.0.0	ms-proteomics v1.1.0	vertebrates v1.1.0	2.5 ug	no EGF stimulation	Fe(III)-IMAC	input titration
neuron_titration_pool_2.5ug_2	Rattus norvegicus	hippocampal formation	neuron	cell	not available	not available	not available	embryo	not available	pooled	study sample	2.5 ug	no EGF stimulation	Fe(III)-IMAC	input titration	1	not available	18D	14D-15D	OR10_20160321_HP_RP_neuron_2p5ug_2	proteomic profiling by mass spectrometry	OR10_20160321_HP_RP_neuron_2p5ug_2.raw	ftp://ftp.pride.ebi.ac.uk/pride/data/archive/2016/12/PXD005366/OR10_20160321_HP_RP_neuron_2p5ug_2.raw	NT=label free sample;AC=MS:1002038	1	2	NT=Q Exactive Plus;AC=MS:1002634	NT=Data-dependent acquisition;AC=PRIDE:0000627	NT=Trypsin;AC=MS:1001251	NT=Lys-C;AC=MS:1001309	NT=beam-type collision-induced dissociation;AC=MS:1000422	25 NCE	375m/z-1600m/z	not available	not available	NT=Carbamidomethyl;AC=UNIMOD:4;MT=fixed;TA=C;PP=Anywhere	NT=Oxidation;AC=UNIMOD:35;MT=variable;TA=M;PP=Anywhere	NT=Acetyl;AC=UNIMOD:1;MT=variable;PP=Protein N-term	NT=Phospho;AC=UNIMOD:21;MT=variable;TA=S,T,Y;PP=Anywhere	v3.0.0	ms-proteomics v1.1.0	vertebrates v1.1.0	2.5 ug	no EGF stimulation	Fe(III)-IMAC	input titration
neuron_titration_pool_2.5ug_3	Rattus norvegicus	hippocampal formation	neuron	cell	not available	not available	not available	embryo	not available	pooled	study sample	2.5 ug	no EGF stimulation	Fe(III)-IMAC	input titration	1	not available	18D	14D-15D	OR10_20160321_HP_RP_neuron_2p5ug_3	proteomic profiling by mass spectrometry	OR10_20160321_HP_RP_neuron_2p5ug_3.raw	ftp://ftp.pride.ebi.ac.uk/pride/data/archive/2016/12/PXD005366/OR10_20160321_HP_RP_neuron_2p5ug_3.raw	NT=label free sample;AC=MS:1002038	1	3	NT=Q Exactive Plus;AC=MS:1002634	NT=Data-dependent acquisition;AC=PRIDE:0000627	NT=Trypsin;AC=MS:1001251	NT=Lys-C;AC=MS:1001309	NT=beam-type collision-induced dissociation;AC=MS:1000422	25 NCE	375m/z-1600m/z	not available	not available	NT=Carbamidomethyl;AC=UNIMOD:4;MT=fixed;TA=C;PP=Anywhere	NT=Oxidation;AC=UNIMOD:35;MT=variable;TA=M;PP=Anywhere	NT=Acetyl;AC=UNIMOD:1;MT=variable;PP=Protein N-term	NT=Phospho;AC=UNIMOD:21;MT=variable;TA=S,T,Y;PP=Anywhere	v3.0.0	ms-proteomics v1.1.0	vertebrates v1.1.0	2.5 ug	no EGF stimulation	Fe(III)-IMAC	input titration
neuron_titration_pool_2.5ug_4	Rattus norvegicus	hippocampal formation	neuron	cell	not available	not available	not available	embryo	not available	pooled	study sample	2.5 ug	no EGF stimulation	Fe(III)-IMAC	input titration	1	not available	18D	14D-15D	OR10_20160321_HP_RP_neuron_2p5ug_4	proteomic profiling by mass spectrometry	OR10_20160321_HP_RP_neuron_2p5ug_4.raw	ftp://ftp.pride.ebi.ac.uk/pride/data/archive/2016/12/PXD005366/OR10_20160321_HP_RP_neuron_2p5ug_4.raw	NT=label free sample;AC=MS:1002038	1	4	NT=Q Exactive Plus;AC=MS:1002634	NT=Data-dependent acquisition;AC=PRIDE:0000627	NT=Trypsin;AC=MS:1001251	NT=Lys-C;AC=MS:1001309	NT=beam-type collision-induced dissociation;AC=MS:1000422	25 NCE	375m/z-1600m/z	not available	not available	NT=Carbamidomethyl;AC=UNIMOD:4;MT=fixed;TA=C;PP=Anywhere	NT=Oxidation;AC=UNIMOD:35;MT=variable;TA=M;PP=Anywhere	NT=Acetyl;AC=UNIMOD:1;MT=variable;PP=Protein N-term	NT=Phospho;AC=UNIMOD:21;MT=variable;TA=S,T,Y;PP=Anywhere	v3.0.0	ms-proteomics v1.1.0	vertebrates v1.1.0	2.5 ug	no EGF stimulation	Fe(III)-IMAC	input titration
neuron_Control_1	Rattus norvegicus	hippocampal formation	neuron	cell	not available	not available	not available	embryo	not available	not available	study sample	50 ug	vehicle control	Fe(III)-IMAC	EGF stimulation	2	not available	18D	14D-15D	OR10_20160321_HP_RP_neuron_50ug_Control_1	proteomic profiling by mass spectrometry	OR10_20160321_HP_RP_neuron_50ug_Control_1.raw	ftp://ftp.pride.ebi.ac.uk/pride/data/archive/2016/12/PXD005366/OR10_20160321_HP_RP_neuron_50ug_Control_1.raw	NT=label free sample;AC=MS:1002038	1	1	NT=Q Exactive Plus;AC=MS:1002634	NT=Data-dependent acquisition;AC=PRIDE:0000627	NT=Trypsin;AC=MS:1001251	NT=Lys-C;AC=MS:1001309	NT=beam-type collision-induced dissociation;AC=MS:1000422	25 NCE	375m/z-1600m/z	not available	20 ppm	NT=Carbamidomethyl;AC=UNIMOD:4;MT=fixed;TA=C;PP=Anywhere	NT=Oxidation;AC=UNIMOD:35;MT=variable;TA=M;PP=Anywhere	NT=Acetyl;AC=UNIMOD:1;MT=variable;PP=Protein N-term	NT=Phospho;AC=UNIMOD:21;MT=variable;TA=S,T,Y;PP=Anywhere	v3.0.0	ms-proteomics v1.1.0	vertebrates v1.1.0	50 ug	vehicle control	Fe(III)-IMAC	EGF stimulation
neuron_Control_1	Rattus norvegicus	hippocampal formation	neuron	cell	not available	not available	not available	embryo	not available	not available	study sample	50 ug	vehicle control	Fe(III)-IMAC	EGF stimulation	2	not available	18D	14D-15D	OR10_20160321_HP_RP_neuron_50ug_Control_1p2	proteomic profiling by mass spectrometry	OR10_20160321_HP_RP_neuron_50ug_Control_1p2.raw	ftp://ftp.pride.ebi.ac.uk/pride/data/archive/2016/12/PXD005366/OR10_20160321_HP_RP_neuron_50ug_Control_1p2.raw	NT=label free sample;AC=MS:1002038	1	not available	NT=Q Exactive Plus;AC=MS:1002634	NT=Data-dependent acquisition;AC=PRIDE:0000627	NT=Trypsin;AC=MS:1001251	NT=Lys-C;AC=MS:1001309	NT=beam-type collision-induced dissociation;AC=MS:1000422	25 NCE	375m/z-1600m/z	not available	not available	NT=Carbamidomethyl;AC=UNIMOD:4;MT=fixed;TA=C;PP=Anywhere	NT=Oxidation;AC=UNIMOD:35;MT=variable;TA=M;PP=Anywhere	NT=Acetyl;AC=UNIMOD:1;MT=variable;PP=Protein N-term	NT=Phospho;AC=UNIMOD:21;MT=variable;TA=S,T,Y;PP=Anywhere	v3.0.0	ms-proteomics v1.1.0	vertebrates v1.1.0	50 ug	vehicle control	Fe(III)-IMAC	EGF stimulation
neuron_Control_2	Rattus norvegicus	hippocampal formation	neuron	cell	not available	not available	not available	embryo	not available	not available	study sample	50 ug	vehicle control	Fe(III)-IMAC	EGF stimulation	3	not available	18D	14D-15D	OR10_20160321_HP_RP_neuron_50ug_Control_2	proteomic profiling by mass spectrometry	OR10_20160321_HP_RP_neuron_50ug_Control_2.raw	ftp://ftp.pride.ebi.ac.uk/pride/data/archive/2016/12/PXD005366/OR10_20160321_HP_RP_neuron_50ug_Control_2.raw	NT=label free sample;AC=MS:1002038	1	1	NT=Q Exactive Plus;AC=MS:1002634	NT=Data-dependent acquisition;AC=PRIDE:0000627	NT=Trypsin;AC=MS:1001251	NT=Lys-C;AC=MS:1001309	NT=beam-type collision-induced dissociation;AC=MS:1000422	25 NCE	375m/z-1600m/z	not available	20 ppm	NT=Carbamidomethyl;AC=UNIMOD:4;MT=fixed;TA=C;PP=Anywhere	NT=Oxidation;AC=UNIMOD:35;MT=variable;TA=M;PP=Anywhere	NT=Acetyl;AC=UNIMOD:1;MT=variable;PP=Protein N-term	NT=Phospho;AC=UNIMOD:21;MT=variable;TA=S,T,Y;PP=Anywhere	v3.0.0	ms-proteomics v1.1.0	vertebrates v1.1.0	50 ug	vehicle control	Fe(III)-IMAC	EGF stimulation
neuron_Control_2	Rattus norvegicus	hippocampal formation	neuron	cell	not available	not available	not available	embryo	not available	not available	study sample	50 ug	vehicle control	Fe(III)-IMAC	EGF stimulation	3	not available	18D	14D-15D	OR10_20160321_HP_RP_neuron_50ug_Control_2p2	proteomic profiling by mass spectrometry	OR10_20160321_HP_RP_neuron_50ug_Control_2p2.raw	ftp://ftp.pride.ebi.ac.uk/pride/data/archive/2016/12/PXD005366/OR10_20160321_HP_RP_neuron_50ug_Control_2p2.raw	NT=label free sample;AC=MS:1002038	1	not available	NT=Q Exactive Plus;AC=MS:1002634	NT=Data-dependent acquisition;AC=PRIDE:0000627	NT=Trypsin;AC=MS:1001251	NT=Lys-C;AC=MS:1001309	NT=beam-type collision-induced dissociation;AC=MS:1000422	25 NCE	375m/z-1600m/z	not available	not available	NT=Carbamidomethyl;AC=UNIMOD:4;MT=fixed;TA=C;PP=Anywhere	NT=Oxidation;AC=UNIMOD:35;MT=variable;TA=M;PP=Anywhere	NT=Acetyl;AC=UNIMOD:1;MT=variable;PP=Protein N-term	NT=Phospho;AC=UNIMOD:21;MT=variable;TA=S,T,Y;PP=Anywhere	v3.0.0	ms-proteomics v1.1.0	vertebrates v1.1.0	50 ug	vehicle control	Fe(III)-IMAC	EGF stimulation
neuron_Control_3	Rattus norvegicus	hippocampal formation	neuron	cell	not available	not available	not available	embryo	not available	not available	study sample	50 ug	vehicle control	Fe(III)-IMAC	EGF stimulation	4	not available	18D	14D-15D	OR10_20160321_HP_RP_neuron_50ug_Control_3	proteomic profiling by mass spectrometry	OR10_20160321_HP_RP_neuron_50ug_Control_3.raw	ftp://ftp.pride.ebi.ac.uk/pride/data/archive/2016/12/PXD005366/OR10_20160321_HP_RP_neuron_50ug_Control_3.raw	NT=label free sample;AC=MS:1002038	1	1	NT=Q Exactive Plus;AC=MS:1002634	NT=Data-dependent acquisition;AC=PRIDE:0000627	NT=Trypsin;AC=MS:1001251	NT=Lys-C;AC=MS:1001309	NT=beam-type collision-induced dissociation;AC=MS:1000422	25 NCE	375m/z-1600m/z	not available	20 ppm	NT=Carbamidomethyl;AC=UNIMOD:4;MT=fixed;TA=C;PP=Anywhere	NT=Oxidation;AC=UNIMOD:35;MT=variable;TA=M;PP=Anywhere	NT=Acetyl;AC=UNIMOD:1;MT=variable;PP=Protein N-term	NT=Phospho;AC=UNIMOD:21;MT=variable;TA=S,T,Y;PP=Anywhere	v3.0.0	ms-proteomics v1.1.0	vertebrates v1.1.0	50 ug	vehicle control	Fe(III)-IMAC	EGF stimulation
neuron_EGF_1	Rattus norvegicus	hippocampal formation	neuron	cell	not available	not available	not available	embryo	not available	not available	study sample	50 ug	epidermal growth factor	Fe(III)-IMAC	EGF stimulation	5	not available	18D	14D-15D	OR10_20160321_HP_RP_neuron_50ug_EGF_1	proteomic profiling by mass spectrometry	OR10_20160321_HP_RP_neuron_50ug_EGF_1.raw	ftp://ftp.pride.ebi.ac.uk/pride/data/archive/2016/12/PXD005366/OR10_20160321_HP_RP_neuron_50ug_EGF_1.raw	NT=label free sample;AC=MS:1002038	1	1	NT=Q Exactive Plus;AC=MS:1002634	NT=Data-dependent acquisition;AC=PRIDE:0000627	NT=Trypsin;AC=MS:1001251	NT=Lys-C;AC=MS:1001309	NT=beam-type collision-induced dissociation;AC=MS:1000422	25 NCE	375m/z-1600m/z	not available	20 ppm	NT=Carbamidomethyl;AC=UNIMOD:4;MT=fixed;TA=C;PP=Anywhere	NT=Oxidation;AC=UNIMOD:35;MT=variable;TA=M;PP=Anywhere	NT=Acetyl;AC=UNIMOD:1;MT=variable;PP=Protein N-term	NT=Phospho;AC=UNIMOD:21;MT=variable;TA=S,T,Y;PP=Anywhere	v3.0.0	ms-proteomics v1.1.0	vertebrates v1.1.0	50 ug	epidermal growth factor	Fe(III)-IMAC	EGF stimulation
neuron_EGF_2	Rattus norvegicus	hippocampal formation	neuron	cell	not available	not available	not available	embryo	not available	not available	study sample	50 ug	epidermal growth factor	Fe(III)-IMAC	EGF stimulation	6	not available	18D	14D-15D	OR10_20160321_HP_RP_neuron_50ug_EGF_2	proteomic profiling by mass spectrometry	OR10_20160321_HP_RP_neuron_50ug_EGF_2.raw	ftp://ftp.pride.ebi.ac.uk/pride/data/archive/2016/12/PXD005366/OR10_20160321_HP_RP_neuron_50ug_EGF_2.raw	NT=label free sample;AC=MS:1002038	1	1	NT=Q Exactive Plus;AC=MS:1002634	NT=Data-dependent acquisition;AC=PRIDE:0000627	NT=Trypsin;AC=MS:1001251	NT=Lys-C;AC=MS:1001309	NT=beam-type collision-induced dissociation;AC=MS:1000422	25 NCE	375m/z-1600m/z	not available	20 ppm	NT=Carbamidomethyl;AC=UNIMOD:4;MT=fixed;TA=C;PP=Anywhere	NT=Oxidation;AC=UNIMOD:35;MT=variable;TA=M;PP=Anywhere	NT=Acetyl;AC=UNIMOD:1;MT=variable;PP=Protein N-term	NT=Phospho;AC=UNIMOD:21;MT=variable;TA=S,T,Y;PP=Anywhere	v3.0.0	ms-proteomics v1.1.0	vertebrates v1.1.0	50 ug	epidermal growth factor	Fe(III)-IMAC	EGF stimulation
neuron_EGF_3	Rattus norvegicus	hippocampal formation	neuron	cell	not available	not available	not available	embryo	not available	not available	study sample	50 ug	epidermal growth factor	Fe(III)-IMAC	EGF stimulation	7	not available	18D	14D-15D	OR10_20160321_HP_RP_neuron_50ug_EGF_3	proteomic profiling by mass spectrometry	OR10_20160321_HP_RP_neuron_50ug_EGF_3.raw	ftp://ftp.pride.ebi.ac.uk/pride/data/archive/2016/12/PXD005366/OR10_20160321_HP_RP_neuron_50ug_EGF_3.raw	NT=label free sample;AC=MS:1002038	1	1	NT=Q Exactive Plus;AC=MS:1002634	NT=Data-dependent acquisition;AC=PRIDE:0000627	NT=Trypsin;AC=MS:1001251	NT=Lys-C;AC=MS:1001309	NT=beam-type collision-induced dissociation;AC=MS:1000422	25 NCE	375m/z-1600m/z	not available	20 ppm	NT=Carbamidomethyl;AC=UNIMOD:4;MT=fixed;TA=C;PP=Anywhere	NT=Oxidation;AC=UNIMOD:35;MT=variable;TA=M;PP=Anywhere	NT=Acetyl;AC=UNIMOD:1;MT=variable;PP=Protein N-term	NT=Phospho;AC=UNIMOD:21;MT=variable;TA=S,T,Y;PP=Anywhere	v3.0.0	ms-proteomics v1.1.0	vertebrates v1.1.0	50 ug	epidermal growth factor	Fe(III)-IMAC	EGF stimulation
neuron_titration_pool_5ug_1	Rattus norvegicus	hippocampal formation	neuron	cell	not available	not available	not available	embryo	not available	pooled	study sample	5 ug	no EGF stimulation	Fe(III)-IMAC	input titration	1	not available	18D	14D-15D	OR10_20160321_HP_RP_neuron_5ug_1	proteomic profiling by mass spectrometry	OR10_20160321_HP_RP_neuron_5ug_1.raw	ftp://ftp.pride.ebi.ac.uk/pride/data/archive/2016/12/PXD005366/OR10_20160321_HP_RP_neuron_5ug_1.raw	NT=label free sample;AC=MS:1002038	1	1	NT=Q Exactive Plus;AC=MS:1002634	NT=Data-dependent acquisition;AC=PRIDE:0000627	NT=Trypsin;AC=MS:1001251	NT=Lys-C;AC=MS:1001309	NT=beam-type collision-induced dissociation;AC=MS:1000422	25 NCE	375m/z-1600m/z	not available	not available	NT=Carbamidomethyl;AC=UNIMOD:4;MT=fixed;TA=C;PP=Anywhere	NT=Oxidation;AC=UNIMOD:35;MT=variable;TA=M;PP=Anywhere	NT=Acetyl;AC=UNIMOD:1;MT=variable;PP=Protein N-term	NT=Phospho;AC=UNIMOD:21;MT=variable;TA=S,T,Y;PP=Anywhere	v3.0.0	ms-proteomics v1.1.0	vertebrates v1.1.0	5 ug	no EGF stimulation	Fe(III)-IMAC	input titration
neuron_titration_pool_5ug_2	Rattus norvegicus	hippocampal formation	neuron	cell	not available	not available	not available	embryo	not available	pooled	study sample	5 ug	no EGF stimulation	Fe(III)-IMAC	input titration	1	not available	18D	14D-15D	OR10_20160321_HP_RP_neuron_5ug_2	proteomic profiling by mass spectrometry	OR10_20160321_HP_RP_neuron_5ug_2.raw	ftp://ftp.pride.ebi.ac.uk/pride/data/archive/2016/12/PXD005366/OR10_20160321_HP_RP_neuron_5ug_2.raw	NT=label free sample;AC=MS:1002038	1	2	NT=Q Exactive Plus;AC=MS:1002634	NT=Data-dependent acquisition;AC=PRIDE:0000627	NT=Trypsin;AC=MS:1001251	NT=Lys-C;AC=MS:1001309	NT=beam-type collision-induced dissociation;AC=MS:1000422	25 NCE	375m/z-1600m/z	not available	not available	NT=Carbamidomethyl;AC=UNIMOD:4;MT=fixed;TA=C;PP=Anywhere	NT=Oxidation;AC=UNIMOD:35;MT=variable;TA=M;PP=Anywhere	NT=Acetyl;AC=UNIMOD:1;MT=variable;PP=Protein N-term	NT=Phospho;AC=UNIMOD:21;MT=variable;TA=S,T,Y;PP=Anywhere	v3.0.0	ms-proteomics v1.1.0	vertebrates v1.1.0	5 ug	no EGF stimulation	Fe(III)-IMAC	input titration
neuron_titration_pool_5ug_3	Rattus norvegicus	hippocampal formation	neuron	cell	not available	not available	not available	embryo	not available	pooled	study sample	5 ug	no EGF stimulation	Fe(III)-IMAC	input titration	1	not available	18D	14D-15D	OR10_20160321_HP_RP_neuron_5ug_3	proteomic profiling by mass spectrometry	OR10_20160321_HP_RP_neuron_5ug_3.raw	ftp://ftp.pride.ebi.ac.uk/pride/data/archive/2016/12/PXD005366/OR10_20160321_HP_RP_neuron_5ug_3.raw	NT=label free sample;AC=MS:1002038	1	3	NT=Q Exactive Plus;AC=MS:1002634	NT=Data-dependent acquisition;AC=PRIDE:0000627	NT=Trypsin;AC=MS:1001251	NT=Lys-C;AC=MS:1001309	NT=beam-type collision-induced dissociation;AC=MS:1000422	25 NCE	375m/z-1600m/z	not available	not available	NT=Carbamidomethyl;AC=UNIMOD:4;MT=fixed;TA=C;PP=Anywhere	NT=Oxidation;AC=UNIMOD:35;MT=variable;TA=M;PP=Anywhere	NT=Acetyl;AC=UNIMOD:1;MT=variable;PP=Protein N-term	NT=Phospho;AC=UNIMOD:21;MT=variable;TA=S,T,Y;PP=Anywhere	v3.0.0	ms-proteomics v1.1.0	vertebrates v1.1.0	5 ug	no EGF stimulation	Fe(III)-IMAC	input titration
neuron_titration_pool_5ug_4	Rattus norvegicus	hippocampal formation	neuron	cell	not available	not available	not available	embryo	not available	pooled	study sample	5 ug	no EGF stimulation	Fe(III)-IMAC	input titration	1	not available	18D	14D-15D	OR10_20160321_HP_RP_neuron_5ug_4	proteomic profiling by mass spectrometry	OR10_20160321_HP_RP_neuron_5ug_4.raw	ftp://ftp.pride.ebi.ac.uk/pride/data/archive/2016/12/PXD005366/OR10_20160321_HP_RP_neuron_5ug_4.raw	NT=label free sample;AC=MS:1002038	1	4	NT=Q Exactive Plus;AC=MS:1002634	NT=Data-dependent acquisition;AC=PRIDE:0000627	NT=Trypsin;AC=MS:1001251	NT=Lys-C;AC=MS:1001309	NT=beam-type collision-induced dissociation;AC=MS:1000422	25 NCE	375m/z-1600m/z	not available	not available	NT=Carbamidomethyl;AC=UNIMOD:4;MT=fixed;TA=C;PP=Anywhere	NT=Oxidation;AC=UNIMOD:35;MT=variable;TA=M;PP=Anywhere	NT=Acetyl;AC=UNIMOD:1;MT=variable;PP=Protein N-term	NT=Phospho;AC=UNIMOD:21;MT=variable;TA=S,T,Y;PP=Anywhere	v3.0.0	ms-proteomics v1.1.0	vertebrates v1.1.0	5 ug	no EGF stimulation	Fe(III)-IMAC	input titration
