source name	characteristics[organism]	characteristics[organism part]	characteristics[disease]	characteristics[cell type]	characteristics[material type]	characteristics[sample type]	characteristics[biological replicate]	characteristics[author sample class]	characteristics[spiked compound]	characteristics[material description]	assay name	technology type	comment[data file]	comment[file uri]	comment[label]	comment[technical replicate]	comment[fraction identifier]	comment[instrument]	comment[proteomics data acquisition method]	comment[cleavage agent details]	comment[precursor mass tolerance]	comment[fragment mass tolerance]	comment[modification parameters]	comment[modification parameters]	comment[sdrf version]	comment[sdrf template]	factor value[author sample class]
112015-Standard-UC-01	not available	not available	not available	not available	not available	not available	not available	UC	not available	Author-labelled UC control; source composition and preparation relationship remain unresolved	112015-Standard-UC-01	proteomic profiling by mass spectrometry	112015-Standard-UC-01.raw	ftp://ftp.pride.ebi.ac.uk/pride/data/archive/2018/09/PXD006447/112015-Standard-UC-01.raw	NT=label free sample;AC=MS:1002038	not available	1	NT=Q Exactive HF;AC=MS:1002523	NT=Data-dependent acquisition;AC=PRIDE:0000627	not available	25 ppm	not available	NT=Carbamidomethyl;AC=UNIMOD:4;MT=fixed;TA=C;PP=Anywhere	NT=Oxidation;AC=UNIMOD:35;MT=variable;TA=M;PP=Anywhere	v3.0.0	ms-proteomics v1.1.0	UC
112015-Standard-UC-02	not available	not available	not available	not available	not available	not available	not available	UC	not available	Author-labelled UC control; source composition and preparation relationship remain unresolved	112015-Standard-UC-02	proteomic profiling by mass spectrometry	112015-Standard-UC-02.raw	ftp://ftp.pride.ebi.ac.uk/pride/data/archive/2018/09/PXD006447/112015-Standard-UC-02.raw	NT=label free sample;AC=MS:1002038	not available	1	NT=Q Exactive HF;AC=MS:1002523	NT=Data-dependent acquisition;AC=PRIDE:0000627	not available	25 ppm	not available	NT=Carbamidomethyl;AC=UNIMOD:4;MT=fixed;TA=C;PP=Anywhere	NT=Oxidation;AC=UNIMOD:35;MT=variable;TA=M;PP=Anywhere	v3.0.0	ms-proteomics v1.1.0	UC
112015-Standard-UC-03	not available	not available	not available	not available	not available	not available	not available	UC	not available	Author-labelled UC control; source composition and preparation relationship remain unresolved	112015-Standard-UC-03	proteomic profiling by mass spectrometry	112015-Standard-UC-03.raw	ftp://ftp.pride.ebi.ac.uk/pride/data/archive/2018/09/PXD006447/112015-Standard-UC-03.raw	NT=label free sample;AC=MS:1002038	not available	1	NT=Q Exactive HF;AC=MS:1002523	NT=Data-dependent acquisition;AC=PRIDE:0000627	not available	25 ppm	not available	NT=Carbamidomethyl;AC=UNIMOD:4;MT=fixed;TA=C;PP=Anywhere	NT=Oxidation;AC=UNIMOD:35;MT=variable;TA=M;PP=Anywhere	v3.0.0	ms-proteomics v1.1.0	UC
112015-Standard-UC-04	not available	not available	not available	not available	not available	not available	not available	UC	not available	Author-labelled UC control; source composition and preparation relationship remain unresolved	112015-Standard-UC-04	proteomic profiling by mass spectrometry	112015-Standard-UC-04.raw	ftp://ftp.pride.ebi.ac.uk/pride/data/archive/2018/09/PXD006447/112015-Standard-UC-04.raw	NT=label free sample;AC=MS:1002038	not available	1	NT=Q Exactive HF;AC=MS:1002523	NT=Data-dependent acquisition;AC=PRIDE:0000627	not available	25 ppm	not available	NT=Carbamidomethyl;AC=UNIMOD:4;MT=fixed;TA=C;PP=Anywhere	NT=Oxidation;AC=UNIMOD:35;MT=variable;TA=M;PP=Anywhere	v3.0.0	ms-proteomics v1.1.0	UC
112015-Standard-UC-05	not available	not available	not available	not available	not available	not available	not available	UC	not available	Author-labelled UC control; source composition and preparation relationship remain unresolved	112015-Standard-UC-05	proteomic profiling by mass spectrometry	112015-Standard-UC-05.raw	ftp://ftp.pride.ebi.ac.uk/pride/data/archive/2018/09/PXD006447/112015-Standard-UC-05.raw	NT=label free sample;AC=MS:1002038	not available	1	NT=Q Exactive HF;AC=MS:1002523	NT=Data-dependent acquisition;AC=PRIDE:0000627	not available	25 ppm	not available	NT=Carbamidomethyl;AC=UNIMOD:4;MT=fixed;TA=C;PP=Anywhere	NT=Oxidation;AC=UNIMOD:35;MT=variable;TA=M;PP=Anywhere	v3.0.0	ms-proteomics v1.1.0	UC
112015-Standard-UC-06	not available	not available	not available	not available	not available	not available	not available	UC	not available	Author-labelled UC control; source composition and preparation relationship remain unresolved	112015-Standard-UC-06	proteomic profiling by mass spectrometry	112015-Standard-UC-06.raw	ftp://ftp.pride.ebi.ac.uk/pride/data/archive/2018/09/PXD006447/112015-Standard-UC-06.raw	NT=label free sample;AC=MS:1002038	not available	1	NT=Q Exactive HF;AC=MS:1002523	NT=Data-dependent acquisition;AC=PRIDE:0000627	not available	25 ppm	not available	NT=Carbamidomethyl;AC=UNIMOD:4;MT=fixed;TA=C;PP=Anywhere	NT=Oxidation;AC=UNIMOD:35;MT=variable;TA=M;PP=Anywhere	v3.0.0	ms-proteomics v1.1.0	UC
112015-Standard-UC-07	not available	not available	not available	not available	not available	not available	not available	UC	not available	Author-labelled UC control; source composition and preparation relationship remain unresolved	112015-Standard-UC-07	proteomic profiling by mass spectrometry	112015-Standard-UC-07.raw	ftp://ftp.pride.ebi.ac.uk/pride/data/archive/2018/09/PXD006447/112015-Standard-UC-07.raw	NT=label free sample;AC=MS:1002038	not available	1	NT=Q Exactive HF;AC=MS:1002523	NT=Data-dependent acquisition;AC=PRIDE:0000627	not available	25 ppm	not available	NT=Carbamidomethyl;AC=UNIMOD:4;MT=fixed;TA=C;PP=Anywhere	NT=Oxidation;AC=UNIMOD:35;MT=variable;TA=M;PP=Anywhere	v3.0.0	ms-proteomics v1.1.0	UC
112015-Standard-UC-08	not available	not available	not available	not available	not available	not available	not available	UC	not available	Author-labelled UC control; source composition and preparation relationship remain unresolved	112015-Standard-UC-08	proteomic profiling by mass spectrometry	112015-Standard-UC-08.raw	ftp://ftp.pride.ebi.ac.uk/pride/data/archive/2018/09/PXD006447/112015-Standard-UC-08.raw	NT=label free sample;AC=MS:1002038	not available	1	NT=Q Exactive HF;AC=MS:1002523	NT=Data-dependent acquisition;AC=PRIDE:0000627	not available	25 ppm	not available	NT=Carbamidomethyl;AC=UNIMOD:4;MT=fixed;TA=C;PP=Anywhere	NT=Oxidation;AC=UNIMOD:35;MT=variable;TA=M;PP=Anywhere	v3.0.0	ms-proteomics v1.1.0	UC
112015-Standard-UC-09	not available	not available	not available	not available	not available	not available	not available	UC	not available	Author-labelled UC control; source composition and preparation relationship remain unresolved	112015-Standard-UC-09	proteomic profiling by mass spectrometry	112015-Standard-UC-09.raw	ftp://ftp.pride.ebi.ac.uk/pride/data/archive/2018/09/PXD006447/112015-Standard-UC-09.raw	NT=label free sample;AC=MS:1002038	not available	1	NT=Q Exactive HF;AC=MS:1002523	NT=Data-dependent acquisition;AC=PRIDE:0000627	not available	25 ppm	not available	NT=Carbamidomethyl;AC=UNIMOD:4;MT=fixed;TA=C;PP=Anywhere	NT=Oxidation;AC=UNIMOD:35;MT=variable;TA=M;PP=Anywhere	v3.0.0	ms-proteomics v1.1.0	UC
112015-Standard-UC-10	not available	not available	not available	not available	not available	not available	not available	UC	not available	Author-labelled UC control; source composition and preparation relationship remain unresolved	112015-Standard-UC-10	proteomic profiling by mass spectrometry	112015-Standard-UC-10.raw	ftp://ftp.pride.ebi.ac.uk/pride/data/archive/2018/09/PXD006447/112015-Standard-UC-10.raw	NT=label free sample;AC=MS:1002038	not available	1	NT=Q Exactive HF;AC=MS:1002523	NT=Data-dependent acquisition;AC=PRIDE:0000627	not available	25 ppm	not available	NT=Carbamidomethyl;AC=UNIMOD:4;MT=fixed;TA=C;PP=Anywhere	NT=Oxidation;AC=UNIMOD:35;MT=variable;TA=M;PP=Anywhere	v3.0.0	ms-proteomics v1.1.0	UC
112015-Standard-UC-11	not available	not available	not available	not available	not available	not available	not available	UC	not available	Author-labelled UC control; source composition and preparation relationship remain unresolved	112015-Standard-UC-11	proteomic profiling by mass spectrometry	112015-Standard-UC-11.raw	ftp://ftp.pride.ebi.ac.uk/pride/data/archive/2018/09/PXD006447/112015-Standard-UC-11.raw	NT=label free sample;AC=MS:1002038	not available	1	NT=Q Exactive HF;AC=MS:1002523	NT=Data-dependent acquisition;AC=PRIDE:0000627	not available	25 ppm	not available	NT=Carbamidomethyl;AC=UNIMOD:4;MT=fixed;TA=C;PP=Anywhere	NT=Oxidation;AC=UNIMOD:35;MT=variable;TA=M;PP=Anywhere	v3.0.0	ms-proteomics v1.1.0	UC
112015-Standard-UC-12	not available	not available	not available	not available	not available	not available	not available	UC	not available	Author-labelled UC control; source composition and preparation relationship remain unresolved	112015-Standard-UC-12	proteomic profiling by mass spectrometry	112015-Standard-UC-12.raw	ftp://ftp.pride.ebi.ac.uk/pride/data/archive/2018/09/PXD006447/112015-Standard-UC-12.raw	NT=label free sample;AC=MS:1002038	not available	1	NT=Q Exactive HF;AC=MS:1002523	NT=Data-dependent acquisition;AC=PRIDE:0000627	not available	25 ppm	not available	NT=Carbamidomethyl;AC=UNIMOD:4;MT=fixed;TA=C;PP=Anywhere	NT=Oxidation;AC=UNIMOD:35;MT=variable;TA=M;PP=Anywhere	v3.0.0	ms-proteomics v1.1.0	UC
