source name	characteristics[organism]	characteristics[organism part]	characteristics[biological replicate]	characteristics[disease]	characteristics[biosample accession number]	characteristics[sample name]	characteristics[environmental medium]	characteristics[project name]	characteristics[geographic location]	characteristics[collection date]	characteristics[sample storage]	characteristics[microbiome source]	characteristics[host organism]	characteristics[host subject id]	characteristics[host disease status]	characteristics[host body site]	characteristics[host body product]	characteristics[individual]	assay name	technology type	comment[technical replicate]	comment[data file]	comment[file uri]	comment[sdrf version]	comment[sdrf template]	comment[sdrf template]	comment[sdrf template]	comment[sdrf template]	comment[sdrf annotation tool]	comment[proteomics data acquisition method]	comment[instrument]	comment[cleavage agent details]	comment[label]	comment[fraction identifier]	comment[dissociation method]	comment[collision energy]	comment[precursor mass tolerance]	comment[fragment mass tolerance]	comment[reduction reagent]	comment[alkylation reagent]	comment[modification parameters]	comment[modification parameters]	comment[ms2 mass analyzer]	comment[ms1 scan range]	comment[ms2 scan range]	comment[scan window lower limit]	comment[scan window upper limit]	comment[isolation window width]	comment[metagenome accession]	comment[contaminant database]	comment[miscellaneous parameter]
BHC15	human gut metagenome	feces	1	normal	SAMEA120485505	BHC15	feces	PRJEB97797	Germany	2022-02-16	flash frozen in liquid nitrogen, stored at -80 °C	gut microbiome	Homo sapiens	BHC15	normal	feces	feces	BHC15	20250530_Expobiome_Healthy_Pellet_MED_Astral_Easy60_DIA_Training_2ug_BHC15	proteomic profiling by mass spectrometry	1	20250530_Expobiome_Healthy_Pellet_MED_Astral_Easy60_DIA_Training_2ug_BHC15.raw	ftp://massive-ftp.ucsd.edu/v11/MSV000099334/raw/20250530_Expobiome_Healthy_Pellet_MED_Astral_Easy60_DIA_Training_2ug_BHC15.raw	v1.1.0	NT=ms-proteomics;VV=v1.1.0	NT=dia-acquisition;VV=v1.1.0	NT=metaproteomics;VV=v1.0.0	NT=human-gut;VV=v1.0.0	NT=sdrf-skills;VV=v0.2.0	Data-independent acquisition	NT=Orbitrap Astral;AC=MS:1003378	NT=Trypsin;AC=MS:1001251	label free sample	1	NT=beam-type collision-induced dissociation;AC=MS:1000422	27% NCE	not available	not available	NT=Dithiothreitol (DTT);AC=PRIDE:0000608	NT=Iodoacetamide (IAA);AC=PRIDE:0000599	NT=Carbamidomethyl;AC=UNIMOD:4;TA=C;MT=Fixed	NT=Oxidation;AC=UNIMOD:35;TA=M;MT=Variable	NT=asymmetric track lossless time-of-flight analyzer;AC=MS:1003379	380m/z-980m/z	150m/z-2000m/z	380	980	2	PRJEB97797	cRAP (version 2025-06-14)	search database: per-sample IMP metagenome/metatranscriptome-predicted proteins plus predicted smORF-encoded proteins (PRJEB97797), with NCBI human reference proteome GRCh38.p14 and cRAP; Proteome Discoverer 3.2 with CHIMERYS; Vanquish Neo UHPLC, Easy-Spray PepMap Neo C18 75 um x 150 mm, 60 min gradient, 2 ug load; DIA quantification by MS2 Apex
BHC19	human gut metagenome	feces	1	normal	SAMEA120485508	BHC19	feces	PRJEB97797	Germany	2022-02-14	flash frozen in liquid nitrogen, stored at -80 °C	gut microbiome	Homo sapiens	BHC19	normal	feces	feces	BHC19	20250530_Expobiome_Healthy_Pellet_MED_Astral_Easy60_DIA_Training_2ug_BHC19	proteomic profiling by mass spectrometry	1	20250530_Expobiome_Healthy_Pellet_MED_Astral_Easy60_DIA_Training_2ug_BHC19.raw	ftp://massive-ftp.ucsd.edu/v11/MSV000099334/raw/20250530_Expobiome_Healthy_Pellet_MED_Astral_Easy60_DIA_Training_2ug_BHC19.raw	v1.1.0	NT=ms-proteomics;VV=v1.1.0	NT=dia-acquisition;VV=v1.1.0	NT=metaproteomics;VV=v1.0.0	NT=human-gut;VV=v1.0.0	NT=sdrf-skills;VV=v0.2.0	Data-independent acquisition	NT=Orbitrap Astral;AC=MS:1003378	NT=Trypsin;AC=MS:1001251	label free sample	1	NT=beam-type collision-induced dissociation;AC=MS:1000422	27% NCE	not available	not available	NT=Dithiothreitol (DTT);AC=PRIDE:0000608	NT=Iodoacetamide (IAA);AC=PRIDE:0000599	NT=Carbamidomethyl;AC=UNIMOD:4;TA=C;MT=Fixed	NT=Oxidation;AC=UNIMOD:35;TA=M;MT=Variable	NT=asymmetric track lossless time-of-flight analyzer;AC=MS:1003379	380m/z-980m/z	150m/z-2000m/z	380	980	2	PRJEB97797	cRAP (version 2025-06-14)	search database: per-sample IMP metagenome/metatranscriptome-predicted proteins plus predicted smORF-encoded proteins (PRJEB97797), with NCBI human reference proteome GRCh38.p14 and cRAP; Proteome Discoverer 3.2 with CHIMERYS; Vanquish Neo UHPLC, Easy-Spray PepMap Neo C18 75 um x 150 mm, 60 min gradient, 2 ug load; DIA quantification by MS2 Apex
KHC14	human gut metagenome	feces	1	normal	SAMEA120485528	KHC14	feces	PRJEB97797	Germany	2022-08-04	flash frozen in liquid nitrogen, stored at -80 °C	gut microbiome	Homo sapiens	KHC14	normal	feces	feces	KHC14	20250530_Expobiome_Healthy_Pellet_MED_Astral_Easy60_DIA_Training_2ug_KHC14	proteomic profiling by mass spectrometry	1	20250530_Expobiome_Healthy_Pellet_MED_Astral_Easy60_DIA_Training_2ug_KHC14.raw	ftp://massive-ftp.ucsd.edu/v11/MSV000099334/raw/20250530_Expobiome_Healthy_Pellet_MED_Astral_Easy60_DIA_Training_2ug_KHC14.raw	v1.1.0	NT=ms-proteomics;VV=v1.1.0	NT=dia-acquisition;VV=v1.1.0	NT=metaproteomics;VV=v1.0.0	NT=human-gut;VV=v1.0.0	NT=sdrf-skills;VV=v0.2.0	Data-independent acquisition	NT=Orbitrap Astral;AC=MS:1003378	NT=Trypsin;AC=MS:1001251	label free sample	1	NT=beam-type collision-induced dissociation;AC=MS:1000422	27% NCE	not available	not available	NT=Dithiothreitol (DTT);AC=PRIDE:0000608	NT=Iodoacetamide (IAA);AC=PRIDE:0000599	NT=Carbamidomethyl;AC=UNIMOD:4;TA=C;MT=Fixed	NT=Oxidation;AC=UNIMOD:35;TA=M;MT=Variable	NT=asymmetric track lossless time-of-flight analyzer;AC=MS:1003379	380m/z-980m/z	150m/z-2000m/z	380	980	2	PRJEB97797	cRAP (version 2025-06-14)	search database: per-sample IMP metagenome/metatranscriptome-predicted proteins plus predicted smORF-encoded proteins (PRJEB97797), with NCBI human reference proteome GRCh38.p14 and cRAP; Proteome Discoverer 3.2 with CHIMERYS; Vanquish Neo UHPLC, Easy-Spray PepMap Neo C18 75 um x 150 mm, 60 min gradient, 2 ug load; DIA quantification by MS2 Apex
KHC18	human gut metagenome	feces	1	normal	SAMEA120485531	KHC18	feces	PRJEB97797	Germany	2022	flash frozen in liquid nitrogen, stored at -80 °C	gut microbiome	Homo sapiens	KHC18	normal	feces	feces	KHC18	20250530_Expobiome_Healthy_Pellet_MED_Astral_Easy60_DIA_Training_2ug_KHC18	proteomic profiling by mass spectrometry	1	20250530_Expobiome_Healthy_Pellet_MED_Astral_Easy60_DIA_Training_2ug_KHC18.raw	ftp://massive-ftp.ucsd.edu/v11/MSV000099334/raw/20250530_Expobiome_Healthy_Pellet_MED_Astral_Easy60_DIA_Training_2ug_KHC18.raw	v1.1.0	NT=ms-proteomics;VV=v1.1.0	NT=dia-acquisition;VV=v1.1.0	NT=metaproteomics;VV=v1.0.0	NT=human-gut;VV=v1.0.0	NT=sdrf-skills;VV=v0.2.0	Data-independent acquisition	NT=Orbitrap Astral;AC=MS:1003378	NT=Trypsin;AC=MS:1001251	label free sample	1	NT=beam-type collision-induced dissociation;AC=MS:1000422	27% NCE	not available	not available	NT=Dithiothreitol (DTT);AC=PRIDE:0000608	NT=Iodoacetamide (IAA);AC=PRIDE:0000599	NT=Carbamidomethyl;AC=UNIMOD:4;TA=C;MT=Fixed	NT=Oxidation;AC=UNIMOD:35;TA=M;MT=Variable	NT=asymmetric track lossless time-of-flight analyzer;AC=MS:1003379	380m/z-980m/z	150m/z-2000m/z	380	980	2	PRJEB97797	cRAP (version 2025-06-14)	search database: per-sample IMP metagenome/metatranscriptome-predicted proteins plus predicted smORF-encoded proteins (PRJEB97797), with NCBI human reference proteome GRCh38.p14 and cRAP; Proteome Discoverer 3.2 with CHIMERYS; Vanquish Neo UHPLC, Easy-Spray PepMap Neo C18 75 um x 150 mm, 60 min gradient, 2 ug load; DIA quantification by MS2 Apex
KHC19	human gut metagenome	feces	1	normal	SAMEA120485532	KHC19	feces	PRJEB97797	Germany	2022	flash frozen in liquid nitrogen, stored at -80 °C	gut microbiome	Homo sapiens	KHC19	normal	feces	feces	KHC19	20250530_Expobiome_Healthy_Pellet_MED_Astral_Easy60_DIA_Training_2ug_KHC19	proteomic profiling by mass spectrometry	1	20250530_Expobiome_Healthy_Pellet_MED_Astral_Easy60_DIA_Training_2ug_KHC19.raw	ftp://massive-ftp.ucsd.edu/v11/MSV000099334/raw/20250530_Expobiome_Healthy_Pellet_MED_Astral_Easy60_DIA_Training_2ug_KHC19.raw	v1.1.0	NT=ms-proteomics;VV=v1.1.0	NT=dia-acquisition;VV=v1.1.0	NT=metaproteomics;VV=v1.0.0	NT=human-gut;VV=v1.0.0	NT=sdrf-skills;VV=v0.2.0	Data-independent acquisition	NT=Orbitrap Astral;AC=MS:1003378	NT=Trypsin;AC=MS:1001251	label free sample	1	NT=beam-type collision-induced dissociation;AC=MS:1000422	27% NCE	not available	not available	NT=Dithiothreitol (DTT);AC=PRIDE:0000608	NT=Iodoacetamide (IAA);AC=PRIDE:0000599	NT=Carbamidomethyl;AC=UNIMOD:4;TA=C;MT=Fixed	NT=Oxidation;AC=UNIMOD:35;TA=M;MT=Variable	NT=asymmetric track lossless time-of-flight analyzer;AC=MS:1003379	380m/z-980m/z	150m/z-2000m/z	380	980	2	PRJEB97797	cRAP (version 2025-06-14)	search database: per-sample IMP metagenome/metatranscriptome-predicted proteins plus predicted smORF-encoded proteins (PRJEB97797), with NCBI human reference proteome GRCh38.p14 and cRAP; Proteome Discoverer 3.2 with CHIMERYS; Vanquish Neo UHPLC, Easy-Spray PepMap Neo C18 75 um x 150 mm, 60 min gradient, 2 ug load; DIA quantification by MS2 Apex
KHC20	human gut metagenome	feces	1	normal	SAMEA120485533	KHC20	feces	PRJEB97797	Germany	2022-05-20	flash frozen in liquid nitrogen, stored at -80 °C	gut microbiome	Homo sapiens	KHC20	normal	feces	feces	KHC20	20250530_Expobiome_Healthy_Pellet_MED_Astral_Easy60_DIA_Training_2ug_KHC20	proteomic profiling by mass spectrometry	1	20250530_Expobiome_Healthy_Pellet_MED_Astral_Easy60_DIA_Training_2ug_KHC20.raw	ftp://massive-ftp.ucsd.edu/v11/MSV000099334/raw/20250530_Expobiome_Healthy_Pellet_MED_Astral_Easy60_DIA_Training_2ug_KHC20.raw	v1.1.0	NT=ms-proteomics;VV=v1.1.0	NT=dia-acquisition;VV=v1.1.0	NT=metaproteomics;VV=v1.0.0	NT=human-gut;VV=v1.0.0	NT=sdrf-skills;VV=v0.2.0	Data-independent acquisition	NT=Orbitrap Astral;AC=MS:1003378	NT=Trypsin;AC=MS:1001251	label free sample	1	NT=beam-type collision-induced dissociation;AC=MS:1000422	27% NCE	not available	not available	NT=Dithiothreitol (DTT);AC=PRIDE:0000608	NT=Iodoacetamide (IAA);AC=PRIDE:0000599	NT=Carbamidomethyl;AC=UNIMOD:4;TA=C;MT=Fixed	NT=Oxidation;AC=UNIMOD:35;TA=M;MT=Variable	NT=asymmetric track lossless time-of-flight analyzer;AC=MS:1003379	380m/z-980m/z	150m/z-2000m/z	380	980	2	PRJEB97797	cRAP (version 2025-06-14)	search database: per-sample IMP metagenome/metatranscriptome-predicted proteins plus predicted smORF-encoded proteins (PRJEB97797), with NCBI human reference proteome GRCh38.p14 and cRAP; Proteome Discoverer 3.2 with CHIMERYS; Vanquish Neo UHPLC, Easy-Spray PepMap Neo C18 75 um x 150 mm, 60 min gradient, 2 ug load; DIA quantification by MS2 Apex
KHC25	human gut metagenome	feces	1	normal	SAMEA120485537	KHC25	feces	PRJEB97797	Germany	2022-07-15	flash frozen in liquid nitrogen, stored at -80 °C	gut microbiome	Homo sapiens	KHC25	normal	feces	feces	KHC25	20250530_Expobiome_Healthy_Pellet_MED_Astral_Easy60_DIA_Training_2ug_KHC25	proteomic profiling by mass spectrometry	1	20250530_Expobiome_Healthy_Pellet_MED_Astral_Easy60_DIA_Training_2ug_KHC25.raw	ftp://massive-ftp.ucsd.edu/v11/MSV000099334/raw/20250530_Expobiome_Healthy_Pellet_MED_Astral_Easy60_DIA_Training_2ug_KHC25.raw	v1.1.0	NT=ms-proteomics;VV=v1.1.0	NT=dia-acquisition;VV=v1.1.0	NT=metaproteomics;VV=v1.0.0	NT=human-gut;VV=v1.0.0	NT=sdrf-skills;VV=v0.2.0	Data-independent acquisition	NT=Orbitrap Astral;AC=MS:1003378	NT=Trypsin;AC=MS:1001251	label free sample	1	NT=beam-type collision-induced dissociation;AC=MS:1000422	27% NCE	not available	not available	NT=Dithiothreitol (DTT);AC=PRIDE:0000608	NT=Iodoacetamide (IAA);AC=PRIDE:0000599	NT=Carbamidomethyl;AC=UNIMOD:4;TA=C;MT=Fixed	NT=Oxidation;AC=UNIMOD:35;TA=M;MT=Variable	NT=asymmetric track lossless time-of-flight analyzer;AC=MS:1003379	380m/z-980m/z	150m/z-2000m/z	380	980	2	PRJEB97797	cRAP (version 2025-06-14)	search database: per-sample IMP metagenome/metatranscriptome-predicted proteins plus predicted smORF-encoded proteins (PRJEB97797), with NCBI human reference proteome GRCh38.p14 and cRAP; Proteome Discoverer 3.2 with CHIMERYS; Vanquish Neo UHPLC, Easy-Spray PepMap Neo C18 75 um x 150 mm, 60 min gradient, 2 ug load; DIA quantification by MS2 Apex
KHC27	human gut metagenome	feces	1	normal	SAMEA120485539	KHC27	feces	PRJEB97797	Germany	2022-08-04	flash frozen in liquid nitrogen, stored at -80 °C	gut microbiome	Homo sapiens	KHC27	normal	feces	feces	KHC27	20250530_Expobiome_Healthy_Pellet_MED_Astral_Easy60_DIA_Training_2ug_KHC27	proteomic profiling by mass spectrometry	1	20250530_Expobiome_Healthy_Pellet_MED_Astral_Easy60_DIA_Training_2ug_KHC27.raw	ftp://massive-ftp.ucsd.edu/v11/MSV000099334/raw/20250530_Expobiome_Healthy_Pellet_MED_Astral_Easy60_DIA_Training_2ug_KHC27.raw	v1.1.0	NT=ms-proteomics;VV=v1.1.0	NT=dia-acquisition;VV=v1.1.0	NT=metaproteomics;VV=v1.0.0	NT=human-gut;VV=v1.0.0	NT=sdrf-skills;VV=v0.2.0	Data-independent acquisition	NT=Orbitrap Astral;AC=MS:1003378	NT=Trypsin;AC=MS:1001251	label free sample	1	NT=beam-type collision-induced dissociation;AC=MS:1000422	27% NCE	not available	not available	NT=Dithiothreitol (DTT);AC=PRIDE:0000608	NT=Iodoacetamide (IAA);AC=PRIDE:0000599	NT=Carbamidomethyl;AC=UNIMOD:4;TA=C;MT=Fixed	NT=Oxidation;AC=UNIMOD:35;TA=M;MT=Variable	NT=asymmetric track lossless time-of-flight analyzer;AC=MS:1003379	380m/z-980m/z	150m/z-2000m/z	380	980	2	PRJEB97797	cRAP (version 2025-06-14)	search database: per-sample IMP metagenome/metatranscriptome-predicted proteins plus predicted smORF-encoded proteins (PRJEB97797), with NCBI human reference proteome GRCh38.p14 and cRAP; Proteome Discoverer 3.2 with CHIMERYS; Vanquish Neo UHPLC, Easy-Spray PepMap Neo C18 75 um x 150 mm, 60 min gradient, 2 ug load; DIA quantification by MS2 Apex
BHC18	human gut metagenome	feces	1	normal	SAMEA120485507	BHC18	feces	PRJEB97797	Germany	2022-02-15	flash frozen in liquid nitrogen, stored at -80 °C	gut microbiome	Homo sapiens	BHC18	normal	feces	feces	BHC18	20250530_Expobiome_Healthy_Pellet_MED_Astral_Easy60_DIA_Training_2ug_BHC18	proteomic profiling by mass spectrometry	1	20250530_Expobiome_Healthy_Pellet_MED_Astral_Easy60_DIA_Training_2ug_BHC18.raw	ftp://massive-ftp.ucsd.edu/v11/MSV000099334/raw/20250530_Expobiome_Healthy_Pellet_MED_Astral_Easy60_DIA_Training_2ug_BHC18.raw	v1.1.0	NT=ms-proteomics;VV=v1.1.0	NT=dia-acquisition;VV=v1.1.0	NT=metaproteomics;VV=v1.0.0	NT=human-gut;VV=v1.0.0	NT=sdrf-skills;VV=v0.2.0	Data-independent acquisition	NT=Orbitrap Astral;AC=MS:1003378	NT=Trypsin;AC=MS:1001251	label free sample	1	NT=beam-type collision-induced dissociation;AC=MS:1000422	27% NCE	not available	not available	NT=Dithiothreitol (DTT);AC=PRIDE:0000608	NT=Iodoacetamide (IAA);AC=PRIDE:0000599	NT=Carbamidomethyl;AC=UNIMOD:4;TA=C;MT=Fixed	NT=Oxidation;AC=UNIMOD:35;TA=M;MT=Variable	NT=asymmetric track lossless time-of-flight analyzer;AC=MS:1003379	380m/z-980m/z	150m/z-2000m/z	380	980	2	PRJEB97797	cRAP (version 2025-06-14)	search database: per-sample IMP metagenome/metatranscriptome-predicted proteins plus predicted smORF-encoded proteins (PRJEB97797), with NCBI human reference proteome GRCh38.p14 and cRAP; Proteome Discoverer 3.2 with CHIMERYS; Vanquish Neo UHPLC, Easy-Spray PepMap Neo C18 75 um x 150 mm, 60 min gradient, 2 ug load; DIA quantification by MS2 Apex
BHC25	human gut metagenome	feces	1	normal	SAMEA120485510	BHC25	feces	PRJEB97797	Germany	2022-06-21	flash frozen in liquid nitrogen, stored at -80 °C	gut microbiome	Homo sapiens	BHC25	normal	feces	feces	BHC25	20250530_Expobiome_Healthy_Pellet_MED_Astral_Easy60_DIA_Training_2ug_BHC25	proteomic profiling by mass spectrometry	1	20250530_Expobiome_Healthy_Pellet_MED_Astral_Easy60_DIA_Training_2ug_BHC25.raw	ftp://massive-ftp.ucsd.edu/v11/MSV000099334/raw/20250530_Expobiome_Healthy_Pellet_MED_Astral_Easy60_DIA_Training_2ug_BHC25.raw	v1.1.0	NT=ms-proteomics;VV=v1.1.0	NT=dia-acquisition;VV=v1.1.0	NT=metaproteomics;VV=v1.0.0	NT=human-gut;VV=v1.0.0	NT=sdrf-skills;VV=v0.2.0	Data-independent acquisition	NT=Orbitrap Astral;AC=MS:1003378	NT=Trypsin;AC=MS:1001251	label free sample	1	NT=beam-type collision-induced dissociation;AC=MS:1000422	27% NCE	not available	not available	NT=Dithiothreitol (DTT);AC=PRIDE:0000608	NT=Iodoacetamide (IAA);AC=PRIDE:0000599	NT=Carbamidomethyl;AC=UNIMOD:4;TA=C;MT=Fixed	NT=Oxidation;AC=UNIMOD:35;TA=M;MT=Variable	NT=asymmetric track lossless time-of-flight analyzer;AC=MS:1003379	380m/z-980m/z	150m/z-2000m/z	380	980	2	PRJEB97797	cRAP (version 2025-06-14)	search database: per-sample IMP metagenome/metatranscriptome-predicted proteins plus predicted smORF-encoded proteins (PRJEB97797), with NCBI human reference proteome GRCh38.p14 and cRAP; Proteome Discoverer 3.2 with CHIMERYS; Vanquish Neo UHPLC, Easy-Spray PepMap Neo C18 75 um x 150 mm, 60 min gradient, 2 ug load; DIA quantification by MS2 Apex
BHC27	human gut metagenome	feces	1	normal	SAMEA120485511	BHC27	feces	PRJEB97797	Germany	2022-04-12	flash frozen in liquid nitrogen, stored at -80 °C	gut microbiome	Homo sapiens	BHC27	normal	feces	feces	BHC27	20250530_Expobiome_Healthy_Pellet_MED_Astral_Easy60_DIA_Training_2ug_BHC27	proteomic profiling by mass spectrometry	1	20250530_Expobiome_Healthy_Pellet_MED_Astral_Easy60_DIA_Training_2ug_BHC27.raw	ftp://massive-ftp.ucsd.edu/v11/MSV000099334/raw/20250530_Expobiome_Healthy_Pellet_MED_Astral_Easy60_DIA_Training_2ug_BHC27.raw	v1.1.0	NT=ms-proteomics;VV=v1.1.0	NT=dia-acquisition;VV=v1.1.0	NT=metaproteomics;VV=v1.0.0	NT=human-gut;VV=v1.0.0	NT=sdrf-skills;VV=v0.2.0	Data-independent acquisition	NT=Orbitrap Astral;AC=MS:1003378	NT=Trypsin;AC=MS:1001251	label free sample	1	NT=beam-type collision-induced dissociation;AC=MS:1000422	27% NCE	not available	not available	NT=Dithiothreitol (DTT);AC=PRIDE:0000608	NT=Iodoacetamide (IAA);AC=PRIDE:0000599	NT=Carbamidomethyl;AC=UNIMOD:4;TA=C;MT=Fixed	NT=Oxidation;AC=UNIMOD:35;TA=M;MT=Variable	NT=asymmetric track lossless time-of-flight analyzer;AC=MS:1003379	380m/z-980m/z	150m/z-2000m/z	380	980	2	PRJEB97797	cRAP (version 2025-06-14)	search database: per-sample IMP metagenome/metatranscriptome-predicted proteins plus predicted smORF-encoded proteins (PRJEB97797), with NCBI human reference proteome GRCh38.p14 and cRAP; Proteome Discoverer 3.2 with CHIMERYS; Vanquish Neo UHPLC, Easy-Spray PepMap Neo C18 75 um x 150 mm, 60 min gradient, 2 ug load; DIA quantification by MS2 Apex
BHC28	human gut metagenome	feces	1	normal	SAMEA120485512	BHC28	feces	PRJEB97797	Germany	2022-06-20	flash frozen in liquid nitrogen, stored at -80 °C	gut microbiome	Homo sapiens	BHC28	normal	feces	feces	BHC28	20250530_Expobiome_Healthy_Pellet_MED_Astral_Easy60_DIA_Training_2ug_BHC28	proteomic profiling by mass spectrometry	1	20250530_Expobiome_Healthy_Pellet_MED_Astral_Easy60_DIA_Training_2ug_BHC28.raw	ftp://massive-ftp.ucsd.edu/v11/MSV000099334/raw/20250530_Expobiome_Healthy_Pellet_MED_Astral_Easy60_DIA_Training_2ug_BHC28.raw	v1.1.0	NT=ms-proteomics;VV=v1.1.0	NT=dia-acquisition;VV=v1.1.0	NT=metaproteomics;VV=v1.0.0	NT=human-gut;VV=v1.0.0	NT=sdrf-skills;VV=v0.2.0	Data-independent acquisition	NT=Orbitrap Astral;AC=MS:1003378	NT=Trypsin;AC=MS:1001251	label free sample	1	NT=beam-type collision-induced dissociation;AC=MS:1000422	27% NCE	not available	not available	NT=Dithiothreitol (DTT);AC=PRIDE:0000608	NT=Iodoacetamide (IAA);AC=PRIDE:0000599	NT=Carbamidomethyl;AC=UNIMOD:4;TA=C;MT=Fixed	NT=Oxidation;AC=UNIMOD:35;TA=M;MT=Variable	NT=asymmetric track lossless time-of-flight analyzer;AC=MS:1003379	380m/z-980m/z	150m/z-2000m/z	380	980	2	PRJEB97797	cRAP (version 2025-06-14)	search database: per-sample IMP metagenome/metatranscriptome-predicted proteins plus predicted smORF-encoded proteins (PRJEB97797), with NCBI human reference proteome GRCh38.p14 and cRAP; Proteome Discoverer 3.2 with CHIMERYS; Vanquish Neo UHPLC, Easy-Spray PepMap Neo C18 75 um x 150 mm, 60 min gradient, 2 ug load; DIA quantification by MS2 Apex
BHC29	human gut metagenome	feces	1	normal	SAMEA120485513	BHC29	feces	PRJEB97797	Germany	2022-04-12	flash frozen in liquid nitrogen, stored at -80 °C	gut microbiome	Homo sapiens	BHC29	normal	feces	feces	BHC29	20250530_Expobiome_Healthy_Pellet_MED_Astral_Easy60_DIA_Training_2ug_BHC29	proteomic profiling by mass spectrometry	1	20250530_Expobiome_Healthy_Pellet_MED_Astral_Easy60_DIA_Training_2ug_BHC29.raw	ftp://massive-ftp.ucsd.edu/v11/MSV000099334/raw/20250530_Expobiome_Healthy_Pellet_MED_Astral_Easy60_DIA_Training_2ug_BHC29.raw	v1.1.0	NT=ms-proteomics;VV=v1.1.0	NT=dia-acquisition;VV=v1.1.0	NT=metaproteomics;VV=v1.0.0	NT=human-gut;VV=v1.0.0	NT=sdrf-skills;VV=v0.2.0	Data-independent acquisition	NT=Orbitrap Astral;AC=MS:1003378	NT=Trypsin;AC=MS:1001251	label free sample	1	NT=beam-type collision-induced dissociation;AC=MS:1000422	27% NCE	not available	not available	NT=Dithiothreitol (DTT);AC=PRIDE:0000608	NT=Iodoacetamide (IAA);AC=PRIDE:0000599	NT=Carbamidomethyl;AC=UNIMOD:4;TA=C;MT=Fixed	NT=Oxidation;AC=UNIMOD:35;TA=M;MT=Variable	NT=asymmetric track lossless time-of-flight analyzer;AC=MS:1003379	380m/z-980m/z	150m/z-2000m/z	380	980	2	PRJEB97797	cRAP (version 2025-06-14)	search database: per-sample IMP metagenome/metatranscriptome-predicted proteins plus predicted smORF-encoded proteins (PRJEB97797), with NCBI human reference proteome GRCh38.p14 and cRAP; Proteome Discoverer 3.2 with CHIMERYS; Vanquish Neo UHPLC, Easy-Spray PepMap Neo C18 75 um x 150 mm, 60 min gradient, 2 ug load; DIA quantification by MS2 Apex
KHC02	human gut metagenome	feces	1	normal	SAMEA120485517	KHC02	feces	PRJEB97797	Germany	2021-04-27	flash frozen in liquid nitrogen, stored at -80 °C	gut microbiome	Homo sapiens	KHC02	normal	feces	feces	KHC02	20250530_Expobiome_Healthy_Pellet_MED_Astral_Easy60_DIA_Training_2ug_KHC02	proteomic profiling by mass spectrometry	1	20250530_Expobiome_Healthy_Pellet_MED_Astral_Easy60_DIA_Training_2ug_KHC02.raw	ftp://massive-ftp.ucsd.edu/v11/MSV000099334/raw/20250530_Expobiome_Healthy_Pellet_MED_Astral_Easy60_DIA_Training_2ug_KHC02.raw	v1.1.0	NT=ms-proteomics;VV=v1.1.0	NT=dia-acquisition;VV=v1.1.0	NT=metaproteomics;VV=v1.0.0	NT=human-gut;VV=v1.0.0	NT=sdrf-skills;VV=v0.2.0	Data-independent acquisition	NT=Orbitrap Astral;AC=MS:1003378	NT=Trypsin;AC=MS:1001251	label free sample	1	NT=beam-type collision-induced dissociation;AC=MS:1000422	27% NCE	not available	not available	NT=Dithiothreitol (DTT);AC=PRIDE:0000608	NT=Iodoacetamide (IAA);AC=PRIDE:0000599	NT=Carbamidomethyl;AC=UNIMOD:4;TA=C;MT=Fixed	NT=Oxidation;AC=UNIMOD:35;TA=M;MT=Variable	NT=asymmetric track lossless time-of-flight analyzer;AC=MS:1003379	380m/z-980m/z	150m/z-2000m/z	380	980	2	PRJEB97797	cRAP (version 2025-06-14)	search database: per-sample IMP metagenome/metatranscriptome-predicted proteins plus predicted smORF-encoded proteins (PRJEB97797), with NCBI human reference proteome GRCh38.p14 and cRAP; Proteome Discoverer 3.2 with CHIMERYS; Vanquish Neo UHPLC, Easy-Spray PepMap Neo C18 75 um x 150 mm, 60 min gradient, 2 ug load; DIA quantification by MS2 Apex
KHC04	human gut metagenome	feces	1	normal	SAMEA120485519	KHC04	feces	PRJEB97797	Germany	2021-05-26	flash frozen in liquid nitrogen, stored at -80 °C	gut microbiome	Homo sapiens	KHC04	normal	feces	feces	KHC04	20250530_Expobiome_Healthy_Pellet_MED_Astral_Easy60_DIA_Training_2ug_KHC04	proteomic profiling by mass spectrometry	1	20250530_Expobiome_Healthy_Pellet_MED_Astral_Easy60_DIA_Training_2ug_KHC04.raw	ftp://massive-ftp.ucsd.edu/v11/MSV000099334/raw/20250530_Expobiome_Healthy_Pellet_MED_Astral_Easy60_DIA_Training_2ug_KHC04.raw	v1.1.0	NT=ms-proteomics;VV=v1.1.0	NT=dia-acquisition;VV=v1.1.0	NT=metaproteomics;VV=v1.0.0	NT=human-gut;VV=v1.0.0	NT=sdrf-skills;VV=v0.2.0	Data-independent acquisition	NT=Orbitrap Astral;AC=MS:1003378	NT=Trypsin;AC=MS:1001251	label free sample	1	NT=beam-type collision-induced dissociation;AC=MS:1000422	27% NCE	not available	not available	NT=Dithiothreitol (DTT);AC=PRIDE:0000608	NT=Iodoacetamide (IAA);AC=PRIDE:0000599	NT=Carbamidomethyl;AC=UNIMOD:4;TA=C;MT=Fixed	NT=Oxidation;AC=UNIMOD:35;TA=M;MT=Variable	NT=asymmetric track lossless time-of-flight analyzer;AC=MS:1003379	380m/z-980m/z	150m/z-2000m/z	380	980	2	PRJEB97797	cRAP (version 2025-06-14)	search database: per-sample IMP metagenome/metatranscriptome-predicted proteins plus predicted smORF-encoded proteins (PRJEB97797), with NCBI human reference proteome GRCh38.p14 and cRAP; Proteome Discoverer 3.2 with CHIMERYS; Vanquish Neo UHPLC, Easy-Spray PepMap Neo C18 75 um x 150 mm, 60 min gradient, 2 ug load; DIA quantification by MS2 Apex
KHC06	human gut metagenome	feces	1	normal	SAMEA120485520	KHC06	feces	PRJEB97797	Germany	2021-05-28	flash frozen in liquid nitrogen, stored at -80 °C	gut microbiome	Homo sapiens	KHC06	normal	feces	feces	KHC06	20250530_Expobiome_Healthy_Pellet_MED_Astral_Easy60_DIA_Training_2ug_KHC06	proteomic profiling by mass spectrometry	1	20250530_Expobiome_Healthy_Pellet_MED_Astral_Easy60_DIA_Training_2ug_KHC06.raw	ftp://massive-ftp.ucsd.edu/v11/MSV000099334/raw/20250530_Expobiome_Healthy_Pellet_MED_Astral_Easy60_DIA_Training_2ug_KHC06.raw	v1.1.0	NT=ms-proteomics;VV=v1.1.0	NT=dia-acquisition;VV=v1.1.0	NT=metaproteomics;VV=v1.0.0	NT=human-gut;VV=v1.0.0	NT=sdrf-skills;VV=v0.2.0	Data-independent acquisition	NT=Orbitrap Astral;AC=MS:1003378	NT=Trypsin;AC=MS:1001251	label free sample	1	NT=beam-type collision-induced dissociation;AC=MS:1000422	27% NCE	not available	not available	NT=Dithiothreitol (DTT);AC=PRIDE:0000608	NT=Iodoacetamide (IAA);AC=PRIDE:0000599	NT=Carbamidomethyl;AC=UNIMOD:4;TA=C;MT=Fixed	NT=Oxidation;AC=UNIMOD:35;TA=M;MT=Variable	NT=asymmetric track lossless time-of-flight analyzer;AC=MS:1003379	380m/z-980m/z	150m/z-2000m/z	380	980	2	PRJEB97797	cRAP (version 2025-06-14)	search database: per-sample IMP metagenome/metatranscriptome-predicted proteins plus predicted smORF-encoded proteins (PRJEB97797), with NCBI human reference proteome GRCh38.p14 and cRAP; Proteome Discoverer 3.2 with CHIMERYS; Vanquish Neo UHPLC, Easy-Spray PepMap Neo C18 75 um x 150 mm, 60 min gradient, 2 ug load; DIA quantification by MS2 Apex
KHC08	human gut metagenome	feces	1	normal	SAMEA120485522	KHC08	feces	PRJEB97797	Germany	2021-09-28	flash frozen in liquid nitrogen, stored at -80 °C	gut microbiome	Homo sapiens	KHC08	normal	feces	feces	KHC08	20250530_Expobiome_Healthy_Pellet_MED_Astral_Easy60_DIA_Training_2ug_KHC08	proteomic profiling by mass spectrometry	1	20250530_Expobiome_Healthy_Pellet_MED_Astral_Easy60_DIA_Training_2ug_KHC08.raw	ftp://massive-ftp.ucsd.edu/v11/MSV000099334/raw/20250530_Expobiome_Healthy_Pellet_MED_Astral_Easy60_DIA_Training_2ug_KHC08.raw	v1.1.0	NT=ms-proteomics;VV=v1.1.0	NT=dia-acquisition;VV=v1.1.0	NT=metaproteomics;VV=v1.0.0	NT=human-gut;VV=v1.0.0	NT=sdrf-skills;VV=v0.2.0	Data-independent acquisition	NT=Orbitrap Astral;AC=MS:1003378	NT=Trypsin;AC=MS:1001251	label free sample	1	NT=beam-type collision-induced dissociation;AC=MS:1000422	27% NCE	not available	not available	NT=Dithiothreitol (DTT);AC=PRIDE:0000608	NT=Iodoacetamide (IAA);AC=PRIDE:0000599	NT=Carbamidomethyl;AC=UNIMOD:4;TA=C;MT=Fixed	NT=Oxidation;AC=UNIMOD:35;TA=M;MT=Variable	NT=asymmetric track lossless time-of-flight analyzer;AC=MS:1003379	380m/z-980m/z	150m/z-2000m/z	380	980	2	PRJEB97797	cRAP (version 2025-06-14)	search database: per-sample IMP metagenome/metatranscriptome-predicted proteins plus predicted smORF-encoded proteins (PRJEB97797), with NCBI human reference proteome GRCh38.p14 and cRAP; Proteome Discoverer 3.2 with CHIMERYS; Vanquish Neo UHPLC, Easy-Spray PepMap Neo C18 75 um x 150 mm, 60 min gradient, 2 ug load; DIA quantification by MS2 Apex
KHC09	human gut metagenome	feces	1	normal	SAMEA120485523	KHC09	feces	PRJEB97797	Germany	2021-09-29	flash frozen in liquid nitrogen, stored at -80 °C	gut microbiome	Homo sapiens	KHC09	normal	feces	feces	KHC09	20250530_Expobiome_Healthy_Pellet_MED_Astral_Easy60_DIA_Training_2ug_KHC09	proteomic profiling by mass spectrometry	1	20250530_Expobiome_Healthy_Pellet_MED_Astral_Easy60_DIA_Training_2ug_KHC09.raw	ftp://massive-ftp.ucsd.edu/v11/MSV000099334/raw/20250530_Expobiome_Healthy_Pellet_MED_Astral_Easy60_DIA_Training_2ug_KHC09.raw	v1.1.0	NT=ms-proteomics;VV=v1.1.0	NT=dia-acquisition;VV=v1.1.0	NT=metaproteomics;VV=v1.0.0	NT=human-gut;VV=v1.0.0	NT=sdrf-skills;VV=v0.2.0	Data-independent acquisition	NT=Orbitrap Astral;AC=MS:1003378	NT=Trypsin;AC=MS:1001251	label free sample	1	NT=beam-type collision-induced dissociation;AC=MS:1000422	27% NCE	not available	not available	NT=Dithiothreitol (DTT);AC=PRIDE:0000608	NT=Iodoacetamide (IAA);AC=PRIDE:0000599	NT=Carbamidomethyl;AC=UNIMOD:4;TA=C;MT=Fixed	NT=Oxidation;AC=UNIMOD:35;TA=M;MT=Variable	NT=asymmetric track lossless time-of-flight analyzer;AC=MS:1003379	380m/z-980m/z	150m/z-2000m/z	380	980	2	PRJEB97797	cRAP (version 2025-06-14)	search database: per-sample IMP metagenome/metatranscriptome-predicted proteins plus predicted smORF-encoded proteins (PRJEB97797), with NCBI human reference proteome GRCh38.p14 and cRAP; Proteome Discoverer 3.2 with CHIMERYS; Vanquish Neo UHPLC, Easy-Spray PepMap Neo C18 75 um x 150 mm, 60 min gradient, 2 ug load; DIA quantification by MS2 Apex
KHC13	human gut metagenome	feces	1	normal	SAMEA120485527	KHC13	feces	PRJEB97797	Germany	2021-10-28	flash frozen in liquid nitrogen, stored at -80 °C	gut microbiome	Homo sapiens	KHC13	normal	feces	feces	KHC13	20250530_Expobiome_Healthy_Pellet_MED_Astral_Easy60_DIA_Training_2ug_KHC13	proteomic profiling by mass spectrometry	1	20250530_Expobiome_Healthy_Pellet_MED_Astral_Easy60_DIA_Training_2ug_KHC13.raw	ftp://massive-ftp.ucsd.edu/v11/MSV000099334/raw/20250530_Expobiome_Healthy_Pellet_MED_Astral_Easy60_DIA_Training_2ug_KHC13.raw	v1.1.0	NT=ms-proteomics;VV=v1.1.0	NT=dia-acquisition;VV=v1.1.0	NT=metaproteomics;VV=v1.0.0	NT=human-gut;VV=v1.0.0	NT=sdrf-skills;VV=v0.2.0	Data-independent acquisition	NT=Orbitrap Astral;AC=MS:1003378	NT=Trypsin;AC=MS:1001251	label free sample	1	NT=beam-type collision-induced dissociation;AC=MS:1000422	27% NCE	not available	not available	NT=Dithiothreitol (DTT);AC=PRIDE:0000608	NT=Iodoacetamide (IAA);AC=PRIDE:0000599	NT=Carbamidomethyl;AC=UNIMOD:4;TA=C;MT=Fixed	NT=Oxidation;AC=UNIMOD:35;TA=M;MT=Variable	NT=asymmetric track lossless time-of-flight analyzer;AC=MS:1003379	380m/z-980m/z	150m/z-2000m/z	380	980	2	PRJEB97797	cRAP (version 2025-06-14)	search database: per-sample IMP metagenome/metatranscriptome-predicted proteins plus predicted smORF-encoded proteins (PRJEB97797), with NCBI human reference proteome GRCh38.p14 and cRAP; Proteome Discoverer 3.2 with CHIMERYS; Vanquish Neo UHPLC, Easy-Spray PepMap Neo C18 75 um x 150 mm, 60 min gradient, 2 ug load; DIA quantification by MS2 Apex
KHC21	human gut metagenome	feces	1	normal	SAMEA120485534	KHC21	feces	PRJEB97797	Germany	2022-07-12	flash frozen in liquid nitrogen, stored at -80 °C	gut microbiome	Homo sapiens	KHC21	normal	feces	feces	KHC21	20250530_Expobiome_Healthy_Pellet_MED_Astral_Easy60_DIA_Training_2ug_KHC21	proteomic profiling by mass spectrometry	1	20250530_Expobiome_Healthy_Pellet_MED_Astral_Easy60_DIA_Training_2ug_KHC21.raw	ftp://massive-ftp.ucsd.edu/v11/MSV000099334/raw/20250530_Expobiome_Healthy_Pellet_MED_Astral_Easy60_DIA_Training_2ug_KHC21.raw	v1.1.0	NT=ms-proteomics;VV=v1.1.0	NT=dia-acquisition;VV=v1.1.0	NT=metaproteomics;VV=v1.0.0	NT=human-gut;VV=v1.0.0	NT=sdrf-skills;VV=v0.2.0	Data-independent acquisition	NT=Orbitrap Astral;AC=MS:1003378	NT=Trypsin;AC=MS:1001251	label free sample	1	NT=beam-type collision-induced dissociation;AC=MS:1000422	27% NCE	not available	not available	NT=Dithiothreitol (DTT);AC=PRIDE:0000608	NT=Iodoacetamide (IAA);AC=PRIDE:0000599	NT=Carbamidomethyl;AC=UNIMOD:4;TA=C;MT=Fixed	NT=Oxidation;AC=UNIMOD:35;TA=M;MT=Variable	NT=asymmetric track lossless time-of-flight analyzer;AC=MS:1003379	380m/z-980m/z	150m/z-2000m/z	380	980	2	PRJEB97797	cRAP (version 2025-06-14)	search database: per-sample IMP metagenome/metatranscriptome-predicted proteins plus predicted smORF-encoded proteins (PRJEB97797), with NCBI human reference proteome GRCh38.p14 and cRAP; Proteome Discoverer 3.2 with CHIMERYS; Vanquish Neo UHPLC, Easy-Spray PepMap Neo C18 75 um x 150 mm, 60 min gradient, 2 ug load; DIA quantification by MS2 Apex
KHC23	human gut metagenome	feces	1	normal	SAMEA120485535	KHC23	feces	PRJEB97797	Germany	2022-07-13	flash frozen in liquid nitrogen, stored at -80 °C	gut microbiome	Homo sapiens	KHC23	normal	feces	feces	KHC23	20250530_Expobiome_Healthy_Pellet_MED_Astral_Easy60_DIA_Training_2ug_KHC23	proteomic profiling by mass spectrometry	1	20250530_Expobiome_Healthy_Pellet_MED_Astral_Easy60_DIA_Training_2ug_KHC23.raw	ftp://massive-ftp.ucsd.edu/v11/MSV000099334/raw/20250530_Expobiome_Healthy_Pellet_MED_Astral_Easy60_DIA_Training_2ug_KHC23.raw	v1.1.0	NT=ms-proteomics;VV=v1.1.0	NT=dia-acquisition;VV=v1.1.0	NT=metaproteomics;VV=v1.0.0	NT=human-gut;VV=v1.0.0	NT=sdrf-skills;VV=v0.2.0	Data-independent acquisition	NT=Orbitrap Astral;AC=MS:1003378	NT=Trypsin;AC=MS:1001251	label free sample	1	NT=beam-type collision-induced dissociation;AC=MS:1000422	27% NCE	not available	not available	NT=Dithiothreitol (DTT);AC=PRIDE:0000608	NT=Iodoacetamide (IAA);AC=PRIDE:0000599	NT=Carbamidomethyl;AC=UNIMOD:4;TA=C;MT=Fixed	NT=Oxidation;AC=UNIMOD:35;TA=M;MT=Variable	NT=asymmetric track lossless time-of-flight analyzer;AC=MS:1003379	380m/z-980m/z	150m/z-2000m/z	380	980	2	PRJEB97797	cRAP (version 2025-06-14)	search database: per-sample IMP metagenome/metatranscriptome-predicted proteins plus predicted smORF-encoded proteins (PRJEB97797), with NCBI human reference proteome GRCh38.p14 and cRAP; Proteome Discoverer 3.2 with CHIMERYS; Vanquish Neo UHPLC, Easy-Spray PepMap Neo C18 75 um x 150 mm, 60 min gradient, 2 ug load; DIA quantification by MS2 Apex
KHC24	human gut metagenome	feces	1	normal	SAMEA120485536	KHC24	feces	PRJEB97797	Germany	2022-07-14	flash frozen in liquid nitrogen, stored at -80 °C	gut microbiome	Homo sapiens	KHC24	normal	feces	feces	KHC24	20250530_Expobiome_Healthy_Pellet_MED_Astral_Easy60_DIA_Training_2ug_KHC24	proteomic profiling by mass spectrometry	1	20250530_Expobiome_Healthy_Pellet_MED_Astral_Easy60_DIA_Training_2ug_KHC24.raw	ftp://massive-ftp.ucsd.edu/v11/MSV000099334/raw/20250530_Expobiome_Healthy_Pellet_MED_Astral_Easy60_DIA_Training_2ug_KHC24.raw	v1.1.0	NT=ms-proteomics;VV=v1.1.0	NT=dia-acquisition;VV=v1.1.0	NT=metaproteomics;VV=v1.0.0	NT=human-gut;VV=v1.0.0	NT=sdrf-skills;VV=v0.2.0	Data-independent acquisition	NT=Orbitrap Astral;AC=MS:1003378	NT=Trypsin;AC=MS:1001251	label free sample	1	NT=beam-type collision-induced dissociation;AC=MS:1000422	27% NCE	not available	not available	NT=Dithiothreitol (DTT);AC=PRIDE:0000608	NT=Iodoacetamide (IAA);AC=PRIDE:0000599	NT=Carbamidomethyl;AC=UNIMOD:4;TA=C;MT=Fixed	NT=Oxidation;AC=UNIMOD:35;TA=M;MT=Variable	NT=asymmetric track lossless time-of-flight analyzer;AC=MS:1003379	380m/z-980m/z	150m/z-2000m/z	380	980	2	PRJEB97797	cRAP (version 2025-06-14)	search database: per-sample IMP metagenome/metatranscriptome-predicted proteins plus predicted smORF-encoded proteins (PRJEB97797), with NCBI human reference proteome GRCh38.p14 and cRAP; Proteome Discoverer 3.2 with CHIMERYS; Vanquish Neo UHPLC, Easy-Spray PepMap Neo C18 75 um x 150 mm, 60 min gradient, 2 ug load; DIA quantification by MS2 Apex
KHC26	human gut metagenome	feces	1	normal	SAMEA120485538	KHC26	feces	PRJEB97797	Germany	2022-07-15	flash frozen in liquid nitrogen, stored at -80 °C	gut microbiome	Homo sapiens	KHC26	normal	feces	feces	KHC26	20250530_Expobiome_Healthy_Pellet_MED_Astral_Easy60_DIA_Training_2ug_KHC26	proteomic profiling by mass spectrometry	1	20250530_Expobiome_Healthy_Pellet_MED_Astral_Easy60_DIA_Training_2ug_KHC26.raw	ftp://massive-ftp.ucsd.edu/v11/MSV000099334/raw/20250530_Expobiome_Healthy_Pellet_MED_Astral_Easy60_DIA_Training_2ug_KHC26.raw	v1.1.0	NT=ms-proteomics;VV=v1.1.0	NT=dia-acquisition;VV=v1.1.0	NT=metaproteomics;VV=v1.0.0	NT=human-gut;VV=v1.0.0	NT=sdrf-skills;VV=v0.2.0	Data-independent acquisition	NT=Orbitrap Astral;AC=MS:1003378	NT=Trypsin;AC=MS:1001251	label free sample	1	NT=beam-type collision-induced dissociation;AC=MS:1000422	27% NCE	not available	not available	NT=Dithiothreitol (DTT);AC=PRIDE:0000608	NT=Iodoacetamide (IAA);AC=PRIDE:0000599	NT=Carbamidomethyl;AC=UNIMOD:4;TA=C;MT=Fixed	NT=Oxidation;AC=UNIMOD:35;TA=M;MT=Variable	NT=asymmetric track lossless time-of-flight analyzer;AC=MS:1003379	380m/z-980m/z	150m/z-2000m/z	380	980	2	PRJEB97797	cRAP (version 2025-06-14)	search database: per-sample IMP metagenome/metatranscriptome-predicted proteins plus predicted smORF-encoded proteins (PRJEB97797), with NCBI human reference proteome GRCh38.p14 and cRAP; Proteome Discoverer 3.2 with CHIMERYS; Vanquish Neo UHPLC, Easy-Spray PepMap Neo C18 75 um x 150 mm, 60 min gradient, 2 ug load; DIA quantification by MS2 Apex
KHC28	human gut metagenome	feces	1	normal	SAMEA120485540	KHC28	feces	PRJEB97797	Germany	2022-08-02	flash frozen in liquid nitrogen, stored at -80 °C	gut microbiome	Homo sapiens	KHC28	normal	feces	feces	KHC28	20250530_Expobiome_Healthy_Pellet_MED_Astral_Easy60_DIA_Training_2ug_KHC28	proteomic profiling by mass spectrometry	1	20250530_Expobiome_Healthy_Pellet_MED_Astral_Easy60_DIA_Training_2ug_KHC28.raw	ftp://massive-ftp.ucsd.edu/v11/MSV000099334/raw/20250530_Expobiome_Healthy_Pellet_MED_Astral_Easy60_DIA_Training_2ug_KHC28.raw	v1.1.0	NT=ms-proteomics;VV=v1.1.0	NT=dia-acquisition;VV=v1.1.0	NT=metaproteomics;VV=v1.0.0	NT=human-gut;VV=v1.0.0	NT=sdrf-skills;VV=v0.2.0	Data-independent acquisition	NT=Orbitrap Astral;AC=MS:1003378	NT=Trypsin;AC=MS:1001251	label free sample	1	NT=beam-type collision-induced dissociation;AC=MS:1000422	27% NCE	not available	not available	NT=Dithiothreitol (DTT);AC=PRIDE:0000608	NT=Iodoacetamide (IAA);AC=PRIDE:0000599	NT=Carbamidomethyl;AC=UNIMOD:4;TA=C;MT=Fixed	NT=Oxidation;AC=UNIMOD:35;TA=M;MT=Variable	NT=asymmetric track lossless time-of-flight analyzer;AC=MS:1003379	380m/z-980m/z	150m/z-2000m/z	380	980	2	PRJEB97797	cRAP (version 2025-06-14)	search database: per-sample IMP metagenome/metatranscriptome-predicted proteins plus predicted smORF-encoded proteins (PRJEB97797), with NCBI human reference proteome GRCh38.p14 and cRAP; Proteome Discoverer 3.2 with CHIMERYS; Vanquish Neo UHPLC, Easy-Spray PepMap Neo C18 75 um x 150 mm, 60 min gradient, 2 ug load; DIA quantification by MS2 Apex
BHC02	human gut metagenome	feces	1	normal	SAMEA120485501	BHC02	feces	PRJEB97797	Germany	2021-08-09	flash frozen in liquid nitrogen, stored at -80 °C	gut microbiome	Homo sapiens	BHC02	normal	feces	feces	BHC02	20250530_Expobiome_Healthy_Pellet_MED_Astral_Easy60_DIA_Training_2ug_BHC02	proteomic profiling by mass spectrometry	1	20250530_Expobiome_Healthy_Pellet_MED_Astral_Easy60_DIA_Training_2ug_BHC02.raw	ftp://massive-ftp.ucsd.edu/v11/MSV000099334/raw/20250530_Expobiome_Healthy_Pellet_MED_Astral_Easy60_DIA_Training_2ug_BHC02.raw	v1.1.0	NT=ms-proteomics;VV=v1.1.0	NT=dia-acquisition;VV=v1.1.0	NT=metaproteomics;VV=v1.0.0	NT=human-gut;VV=v1.0.0	NT=sdrf-skills;VV=v0.2.0	Data-independent acquisition	NT=Orbitrap Astral;AC=MS:1003378	NT=Trypsin;AC=MS:1001251	label free sample	1	NT=beam-type collision-induced dissociation;AC=MS:1000422	27% NCE	not available	not available	NT=Dithiothreitol (DTT);AC=PRIDE:0000608	NT=Iodoacetamide (IAA);AC=PRIDE:0000599	NT=Carbamidomethyl;AC=UNIMOD:4;TA=C;MT=Fixed	NT=Oxidation;AC=UNIMOD:35;TA=M;MT=Variable	NT=asymmetric track lossless time-of-flight analyzer;AC=MS:1003379	380m/z-980m/z	150m/z-2000m/z	380	980	2	PRJEB97797	cRAP (version 2025-06-14)	search database: per-sample IMP metagenome/metatranscriptome-predicted proteins plus predicted smORF-encoded proteins (PRJEB97797), with NCBI human reference proteome GRCh38.p14 and cRAP; Proteome Discoverer 3.2 with CHIMERYS; Vanquish Neo UHPLC, Easy-Spray PepMap Neo C18 75 um x 150 mm, 60 min gradient, 2 ug load; DIA quantification by MS2 Apex
BHC31	human gut metagenome	feces	1	normal	SAMEA120485514	BHC31	feces	PRJEB97797	Germany	2022-06-21	flash frozen in liquid nitrogen, stored at -80 °C	gut microbiome	Homo sapiens	BHC31	normal	feces	feces	BHC31	20250530_Expobiome_Healthy_Pellet_MED_Astral_Easy60_DIA_Training_2ug_BHC31	proteomic profiling by mass spectrometry	1	20250530_Expobiome_Healthy_Pellet_MED_Astral_Easy60_DIA_Training_2ug_BHC31.raw	ftp://massive-ftp.ucsd.edu/v11/MSV000099334/raw/20250530_Expobiome_Healthy_Pellet_MED_Astral_Easy60_DIA_Training_2ug_BHC31.raw	v1.1.0	NT=ms-proteomics;VV=v1.1.0	NT=dia-acquisition;VV=v1.1.0	NT=metaproteomics;VV=v1.0.0	NT=human-gut;VV=v1.0.0	NT=sdrf-skills;VV=v0.2.0	Data-independent acquisition	NT=Orbitrap Astral;AC=MS:1003378	NT=Trypsin;AC=MS:1001251	label free sample	1	NT=beam-type collision-induced dissociation;AC=MS:1000422	27% NCE	not available	not available	NT=Dithiothreitol (DTT);AC=PRIDE:0000608	NT=Iodoacetamide (IAA);AC=PRIDE:0000599	NT=Carbamidomethyl;AC=UNIMOD:4;TA=C;MT=Fixed	NT=Oxidation;AC=UNIMOD:35;TA=M;MT=Variable	NT=asymmetric track lossless time-of-flight analyzer;AC=MS:1003379	380m/z-980m/z	150m/z-2000m/z	380	980	2	PRJEB97797	cRAP (version 2025-06-14)	search database: per-sample IMP metagenome/metatranscriptome-predicted proteins plus predicted smORF-encoded proteins (PRJEB97797), with NCBI human reference proteome GRCh38.p14 and cRAP; Proteome Discoverer 3.2 with CHIMERYS; Vanquish Neo UHPLC, Easy-Spray PepMap Neo C18 75 um x 150 mm, 60 min gradient, 2 ug load; DIA quantification by MS2 Apex
KHC01	human gut metagenome	feces	1	normal	SAMEA120485516	KHC01	feces	PRJEB97797	Germany	2022	flash frozen in liquid nitrogen, stored at -80 °C	gut microbiome	Homo sapiens	KHC01	normal	feces	feces	KHC01	20250530_Expobiome_Healthy_Pellet_MED_Astral_Easy60_DIA_Training_2ug_KHC01	proteomic profiling by mass spectrometry	1	20250530_Expobiome_Healthy_Pellet_MED_Astral_Easy60_DIA_Training_2ug_KHC01.raw	ftp://massive-ftp.ucsd.edu/v11/MSV000099334/raw/20250530_Expobiome_Healthy_Pellet_MED_Astral_Easy60_DIA_Training_2ug_KHC01.raw	v1.1.0	NT=ms-proteomics;VV=v1.1.0	NT=dia-acquisition;VV=v1.1.0	NT=metaproteomics;VV=v1.0.0	NT=human-gut;VV=v1.0.0	NT=sdrf-skills;VV=v0.2.0	Data-independent acquisition	NT=Orbitrap Astral;AC=MS:1003378	NT=Trypsin;AC=MS:1001251	label free sample	1	NT=beam-type collision-induced dissociation;AC=MS:1000422	27% NCE	not available	not available	NT=Dithiothreitol (DTT);AC=PRIDE:0000608	NT=Iodoacetamide (IAA);AC=PRIDE:0000599	NT=Carbamidomethyl;AC=UNIMOD:4;TA=C;MT=Fixed	NT=Oxidation;AC=UNIMOD:35;TA=M;MT=Variable	NT=asymmetric track lossless time-of-flight analyzer;AC=MS:1003379	380m/z-980m/z	150m/z-2000m/z	380	980	2	PRJEB97797	cRAP (version 2025-06-14)	search database: per-sample IMP metagenome/metatranscriptome-predicted proteins plus predicted smORF-encoded proteins (PRJEB97797), with NCBI human reference proteome GRCh38.p14 and cRAP; Proteome Discoverer 3.2 with CHIMERYS; Vanquish Neo UHPLC, Easy-Spray PepMap Neo C18 75 um x 150 mm, 60 min gradient, 2 ug load; DIA quantification by MS2 Apex
KHC12	human gut metagenome	feces	1	normal	SAMEA120485526	KHC12	feces	PRJEB97797	Germany	2021-10-01	flash frozen in liquid nitrogen, stored at -80 °C	gut microbiome	Homo sapiens	KHC12	normal	feces	feces	KHC12	20250530_Expobiome_Healthy_Pellet_MED_Astral_Easy60_DIA_Training_2ug_KHC12	proteomic profiling by mass spectrometry	1	20250530_Expobiome_Healthy_Pellet_MED_Astral_Easy60_DIA_Training_2ug_KHC12.raw	ftp://massive-ftp.ucsd.edu/v11/MSV000099334/raw/20250530_Expobiome_Healthy_Pellet_MED_Astral_Easy60_DIA_Training_2ug_KHC12.raw	v1.1.0	NT=ms-proteomics;VV=v1.1.0	NT=dia-acquisition;VV=v1.1.0	NT=metaproteomics;VV=v1.0.0	NT=human-gut;VV=v1.0.0	NT=sdrf-skills;VV=v0.2.0	Data-independent acquisition	NT=Orbitrap Astral;AC=MS:1003378	NT=Trypsin;AC=MS:1001251	label free sample	1	NT=beam-type collision-induced dissociation;AC=MS:1000422	27% NCE	not available	not available	NT=Dithiothreitol (DTT);AC=PRIDE:0000608	NT=Iodoacetamide (IAA);AC=PRIDE:0000599	NT=Carbamidomethyl;AC=UNIMOD:4;TA=C;MT=Fixed	NT=Oxidation;AC=UNIMOD:35;TA=M;MT=Variable	NT=asymmetric track lossless time-of-flight analyzer;AC=MS:1003379	380m/z-980m/z	150m/z-2000m/z	380	980	2	PRJEB97797	cRAP (version 2025-06-14)	search database: per-sample IMP metagenome/metatranscriptome-predicted proteins plus predicted smORF-encoded proteins (PRJEB97797), with NCBI human reference proteome GRCh38.p14 and cRAP; Proteome Discoverer 3.2 with CHIMERYS; Vanquish Neo UHPLC, Easy-Spray PepMap Neo C18 75 um x 150 mm, 60 min gradient, 2 ug load; DIA quantification by MS2 Apex
KHC30	human gut metagenome	feces	1	normal	SAMEA120485541	KHC30	feces	PRJEB97797	Germany	2022-08-03	flash frozen in liquid nitrogen, stored at -80 °C	gut microbiome	Homo sapiens	KHC30	normal	feces	feces	KHC30	20250530_Expobiome_Healthy_Pellet_MED_Astral_Easy60_DIA_Training_2ug_KHC30	proteomic profiling by mass spectrometry	1	20250530_Expobiome_Healthy_Pellet_MED_Astral_Easy60_DIA_Training_2ug_KHC30.raw	ftp://massive-ftp.ucsd.edu/v11/MSV000099334/raw/20250530_Expobiome_Healthy_Pellet_MED_Astral_Easy60_DIA_Training_2ug_KHC30.raw	v1.1.0	NT=ms-proteomics;VV=v1.1.0	NT=dia-acquisition;VV=v1.1.0	NT=metaproteomics;VV=v1.0.0	NT=human-gut;VV=v1.0.0	NT=sdrf-skills;VV=v0.2.0	Data-independent acquisition	NT=Orbitrap Astral;AC=MS:1003378	NT=Trypsin;AC=MS:1001251	label free sample	1	NT=beam-type collision-induced dissociation;AC=MS:1000422	27% NCE	not available	not available	NT=Dithiothreitol (DTT);AC=PRIDE:0000608	NT=Iodoacetamide (IAA);AC=PRIDE:0000599	NT=Carbamidomethyl;AC=UNIMOD:4;TA=C;MT=Fixed	NT=Oxidation;AC=UNIMOD:35;TA=M;MT=Variable	NT=asymmetric track lossless time-of-flight analyzer;AC=MS:1003379	380m/z-980m/z	150m/z-2000m/z	380	980	2	PRJEB97797	cRAP (version 2025-06-14)	search database: per-sample IMP metagenome/metatranscriptome-predicted proteins plus predicted smORF-encoded proteins (PRJEB97797), with NCBI human reference proteome GRCh38.p14 and cRAP; Proteome Discoverer 3.2 with CHIMERYS; Vanquish Neo UHPLC, Easy-Spray PepMap Neo C18 75 um x 150 mm, 60 min gradient, 2 ug load; DIA quantification by MS2 Apex
BHC03	human gut metagenome	feces	1	normal	SAMEA120485502	BHC03	feces	PRJEB97797	Germany	2022-02-15	flash frozen in liquid nitrogen, stored at -80 °C	gut microbiome	Homo sapiens	BHC03	normal	feces	feces	BHC03	20250530_Expobiome_Healthy_Pellet_MED_Astral_Easy60_DIA_Training_2ug_BHC03	proteomic profiling by mass spectrometry	1	20250530_Expobiome_Healthy_Pellet_MED_Astral_Easy60_DIA_Training_2ug_BHC03.raw	ftp://massive-ftp.ucsd.edu/v11/MSV000099334/raw/20250530_Expobiome_Healthy_Pellet_MED_Astral_Easy60_DIA_Training_2ug_BHC03.raw	v1.1.0	NT=ms-proteomics;VV=v1.1.0	NT=dia-acquisition;VV=v1.1.0	NT=metaproteomics;VV=v1.0.0	NT=human-gut;VV=v1.0.0	NT=sdrf-skills;VV=v0.2.0	Data-independent acquisition	NT=Orbitrap Astral;AC=MS:1003378	NT=Trypsin;AC=MS:1001251	label free sample	1	NT=beam-type collision-induced dissociation;AC=MS:1000422	27% NCE	not available	not available	NT=Dithiothreitol (DTT);AC=PRIDE:0000608	NT=Iodoacetamide (IAA);AC=PRIDE:0000599	NT=Carbamidomethyl;AC=UNIMOD:4;TA=C;MT=Fixed	NT=Oxidation;AC=UNIMOD:35;TA=M;MT=Variable	NT=asymmetric track lossless time-of-flight analyzer;AC=MS:1003379	380m/z-980m/z	150m/z-2000m/z	380	980	2	PRJEB97797	cRAP (version 2025-06-14)	search database: per-sample IMP metagenome/metatranscriptome-predicted proteins plus predicted smORF-encoded proteins (PRJEB97797), with NCBI human reference proteome GRCh38.p14 and cRAP; Proteome Discoverer 3.2 with CHIMERYS; Vanquish Neo UHPLC, Easy-Spray PepMap Neo C18 75 um x 150 mm, 60 min gradient, 2 ug load; DIA quantification by MS2 Apex
BHC12	human gut metagenome	feces	1	normal	SAMEA120485503	BHC12	feces	PRJEB97797	Germany	2022-02-16	flash frozen in liquid nitrogen, stored at -80 °C	gut microbiome	Homo sapiens	BHC12	normal	feces	feces	BHC12	20250530_Expobiome_Healthy_Pellet_MED_Astral_Easy60_DIA_Training_2ug_BHC12	proteomic profiling by mass spectrometry	1	20250530_Expobiome_Healthy_Pellet_MED_Astral_Easy60_DIA_Training_2ug_BHC12.raw	ftp://massive-ftp.ucsd.edu/v11/MSV000099334/raw/20250530_Expobiome_Healthy_Pellet_MED_Astral_Easy60_DIA_Training_2ug_BHC12.raw	v1.1.0	NT=ms-proteomics;VV=v1.1.0	NT=dia-acquisition;VV=v1.1.0	NT=metaproteomics;VV=v1.0.0	NT=human-gut;VV=v1.0.0	NT=sdrf-skills;VV=v0.2.0	Data-independent acquisition	NT=Orbitrap Astral;AC=MS:1003378	NT=Trypsin;AC=MS:1001251	label free sample	1	NT=beam-type collision-induced dissociation;AC=MS:1000422	27% NCE	not available	not available	NT=Dithiothreitol (DTT);AC=PRIDE:0000608	NT=Iodoacetamide (IAA);AC=PRIDE:0000599	NT=Carbamidomethyl;AC=UNIMOD:4;TA=C;MT=Fixed	NT=Oxidation;AC=UNIMOD:35;TA=M;MT=Variable	NT=asymmetric track lossless time-of-flight analyzer;AC=MS:1003379	380m/z-980m/z	150m/z-2000m/z	380	980	2	PRJEB97797	cRAP (version 2025-06-14)	search database: per-sample IMP metagenome/metatranscriptome-predicted proteins plus predicted smORF-encoded proteins (PRJEB97797), with NCBI human reference proteome GRCh38.p14 and cRAP; Proteome Discoverer 3.2 with CHIMERYS; Vanquish Neo UHPLC, Easy-Spray PepMap Neo C18 75 um x 150 mm, 60 min gradient, 2 ug load; DIA quantification by MS2 Apex
BHC32	human gut metagenome	feces	1	normal	SAMEA120485515	BHC32	feces	PRJEB97797	Germany	2022-06-22	flash frozen in liquid nitrogen, stored at -80 °C	gut microbiome	Homo sapiens	BHC32	normal	feces	feces	BHC32	20250530_Expobiome_Healthy_Pellet_MED_Astral_Easy60_DIA_Training_2ug_BHC32	proteomic profiling by mass spectrometry	1	20250530_Expobiome_Healthy_Pellet_MED_Astral_Easy60_DIA_Training_2ug_BHC32.raw	ftp://massive-ftp.ucsd.edu/v11/MSV000099334/raw/20250530_Expobiome_Healthy_Pellet_MED_Astral_Easy60_DIA_Training_2ug_BHC32.raw	v1.1.0	NT=ms-proteomics;VV=v1.1.0	NT=dia-acquisition;VV=v1.1.0	NT=metaproteomics;VV=v1.0.0	NT=human-gut;VV=v1.0.0	NT=sdrf-skills;VV=v0.2.0	Data-independent acquisition	NT=Orbitrap Astral;AC=MS:1003378	NT=Trypsin;AC=MS:1001251	label free sample	1	NT=beam-type collision-induced dissociation;AC=MS:1000422	27% NCE	not available	not available	NT=Dithiothreitol (DTT);AC=PRIDE:0000608	NT=Iodoacetamide (IAA);AC=PRIDE:0000599	NT=Carbamidomethyl;AC=UNIMOD:4;TA=C;MT=Fixed	NT=Oxidation;AC=UNIMOD:35;TA=M;MT=Variable	NT=asymmetric track lossless time-of-flight analyzer;AC=MS:1003379	380m/z-980m/z	150m/z-2000m/z	380	980	2	PRJEB97797	cRAP (version 2025-06-14)	search database: per-sample IMP metagenome/metatranscriptome-predicted proteins plus predicted smORF-encoded proteins (PRJEB97797), with NCBI human reference proteome GRCh38.p14 and cRAP; Proteome Discoverer 3.2 with CHIMERYS; Vanquish Neo UHPLC, Easy-Spray PepMap Neo C18 75 um x 150 mm, 60 min gradient, 2 ug load; DIA quantification by MS2 Apex
KHC03	human gut metagenome	feces	1	normal	SAMEA120485518	KHC03	feces	PRJEB97797	Germany	2022	flash frozen in liquid nitrogen, stored at -80 °C	gut microbiome	Homo sapiens	KHC03	normal	feces	feces	KHC03	20250530_Expobiome_Healthy_Pellet_MED_Astral_Easy60_DIA_Training_2ug_KHC03	proteomic profiling by mass spectrometry	1	20250530_Expobiome_Healthy_Pellet_MED_Astral_Easy60_DIA_Training_2ug_KHC03.raw	ftp://massive-ftp.ucsd.edu/v11/MSV000099334/raw/20250530_Expobiome_Healthy_Pellet_MED_Astral_Easy60_DIA_Training_2ug_KHC03.raw	v1.1.0	NT=ms-proteomics;VV=v1.1.0	NT=dia-acquisition;VV=v1.1.0	NT=metaproteomics;VV=v1.0.0	NT=human-gut;VV=v1.0.0	NT=sdrf-skills;VV=v0.2.0	Data-independent acquisition	NT=Orbitrap Astral;AC=MS:1003378	NT=Trypsin;AC=MS:1001251	label free sample	1	NT=beam-type collision-induced dissociation;AC=MS:1000422	27% NCE	not available	not available	NT=Dithiothreitol (DTT);AC=PRIDE:0000608	NT=Iodoacetamide (IAA);AC=PRIDE:0000599	NT=Carbamidomethyl;AC=UNIMOD:4;TA=C;MT=Fixed	NT=Oxidation;AC=UNIMOD:35;TA=M;MT=Variable	NT=asymmetric track lossless time-of-flight analyzer;AC=MS:1003379	380m/z-980m/z	150m/z-2000m/z	380	980	2	PRJEB97797	cRAP (version 2025-06-14)	search database: per-sample IMP metagenome/metatranscriptome-predicted proteins plus predicted smORF-encoded proteins (PRJEB97797), with NCBI human reference proteome GRCh38.p14 and cRAP; Proteome Discoverer 3.2 with CHIMERYS; Vanquish Neo UHPLC, Easy-Spray PepMap Neo C18 75 um x 150 mm, 60 min gradient, 2 ug load; DIA quantification by MS2 Apex
KHC10	human gut metagenome	feces	1	normal	SAMEA120485524	KHC10	feces	PRJEB97797	Germany	2021-09-30	flash frozen in liquid nitrogen, stored at -80 °C	gut microbiome	Homo sapiens	KHC10	normal	feces	feces	KHC10	20250530_Expobiome_Healthy_Pellet_MED_Astral_Easy60_DIA_Training_2ug_KHC10	proteomic profiling by mass spectrometry	1	20250530_Expobiome_Healthy_Pellet_MED_Astral_Easy60_DIA_Training_2ug_KHC10.raw	ftp://massive-ftp.ucsd.edu/v11/MSV000099334/raw/20250530_Expobiome_Healthy_Pellet_MED_Astral_Easy60_DIA_Training_2ug_KHC10.raw	v1.1.0	NT=ms-proteomics;VV=v1.1.0	NT=dia-acquisition;VV=v1.1.0	NT=metaproteomics;VV=v1.0.0	NT=human-gut;VV=v1.0.0	NT=sdrf-skills;VV=v0.2.0	Data-independent acquisition	NT=Orbitrap Astral;AC=MS:1003378	NT=Trypsin;AC=MS:1001251	label free sample	1	NT=beam-type collision-induced dissociation;AC=MS:1000422	27% NCE	not available	not available	NT=Dithiothreitol (DTT);AC=PRIDE:0000608	NT=Iodoacetamide (IAA);AC=PRIDE:0000599	NT=Carbamidomethyl;AC=UNIMOD:4;TA=C;MT=Fixed	NT=Oxidation;AC=UNIMOD:35;TA=M;MT=Variable	NT=asymmetric track lossless time-of-flight analyzer;AC=MS:1003379	380m/z-980m/z	150m/z-2000m/z	380	980	2	PRJEB97797	cRAP (version 2025-06-14)	search database: per-sample IMP metagenome/metatranscriptome-predicted proteins plus predicted smORF-encoded proteins (PRJEB97797), with NCBI human reference proteome GRCh38.p14 and cRAP; Proteome Discoverer 3.2 with CHIMERYS; Vanquish Neo UHPLC, Easy-Spray PepMap Neo C18 75 um x 150 mm, 60 min gradient, 2 ug load; DIA quantification by MS2 Apex
BHC13	human gut metagenome	feces	1	normal	SAMEA120485504	BHC13	feces	PRJEB97797	Germany	2021-11-24	flash frozen in liquid nitrogen, stored at -80 °C	gut microbiome	Homo sapiens	BHC13	normal	feces	feces	BHC13	20250530_Expobiome_Healthy_Pellet_MED_Astral_Easy60_DIA_Training_2ug_BHC13	proteomic profiling by mass spectrometry	1	20250530_Expobiome_Healthy_Pellet_MED_Astral_Easy60_DIA_Training_2ug_BHC13.raw	ftp://massive-ftp.ucsd.edu/v11/MSV000099334/raw/20250530_Expobiome_Healthy_Pellet_MED_Astral_Easy60_DIA_Training_2ug_BHC13.raw	v1.1.0	NT=ms-proteomics;VV=v1.1.0	NT=dia-acquisition;VV=v1.1.0	NT=metaproteomics;VV=v1.0.0	NT=human-gut;VV=v1.0.0	NT=sdrf-skills;VV=v0.2.0	Data-independent acquisition	NT=Orbitrap Astral;AC=MS:1003378	NT=Trypsin;AC=MS:1001251	label free sample	1	NT=beam-type collision-induced dissociation;AC=MS:1000422	27% NCE	not available	not available	NT=Dithiothreitol (DTT);AC=PRIDE:0000608	NT=Iodoacetamide (IAA);AC=PRIDE:0000599	NT=Carbamidomethyl;AC=UNIMOD:4;TA=C;MT=Fixed	NT=Oxidation;AC=UNIMOD:35;TA=M;MT=Variable	NT=asymmetric track lossless time-of-flight analyzer;AC=MS:1003379	380m/z-980m/z	150m/z-2000m/z	380	980	2	PRJEB97797	cRAP (version 2025-06-14)	search database: per-sample IMP metagenome/metatranscriptome-predicted proteins plus predicted smORF-encoded proteins (PRJEB97797), with NCBI human reference proteome GRCh38.p14 and cRAP; Proteome Discoverer 3.2 with CHIMERYS; Vanquish Neo UHPLC, Easy-Spray PepMap Neo C18 75 um x 150 mm, 60 min gradient, 2 ug load; DIA quantification by MS2 Apex
BHC17	human gut metagenome	feces	1	normal	SAMEA120485506	BHC17	feces	PRJEB97797	Germany	2021-11-24	flash frozen in liquid nitrogen, stored at -80 °C	gut microbiome	Homo sapiens	BHC17	normal	feces	feces	BHC17	20250530_Expobiome_Healthy_Pellet_MED_Astral_Easy60_DIA_Training_2ug_BHC17	proteomic profiling by mass spectrometry	1	20250530_Expobiome_Healthy_Pellet_MED_Astral_Easy60_DIA_Training_2ug_BHC17.raw	ftp://massive-ftp.ucsd.edu/v11/MSV000099334/raw/20250530_Expobiome_Healthy_Pellet_MED_Astral_Easy60_DIA_Training_2ug_BHC17.raw	v1.1.0	NT=ms-proteomics;VV=v1.1.0	NT=dia-acquisition;VV=v1.1.0	NT=metaproteomics;VV=v1.0.0	NT=human-gut;VV=v1.0.0	NT=sdrf-skills;VV=v0.2.0	Data-independent acquisition	NT=Orbitrap Astral;AC=MS:1003378	NT=Trypsin;AC=MS:1001251	label free sample	1	NT=beam-type collision-induced dissociation;AC=MS:1000422	27% NCE	not available	not available	NT=Dithiothreitol (DTT);AC=PRIDE:0000608	NT=Iodoacetamide (IAA);AC=PRIDE:0000599	NT=Carbamidomethyl;AC=UNIMOD:4;TA=C;MT=Fixed	NT=Oxidation;AC=UNIMOD:35;TA=M;MT=Variable	NT=asymmetric track lossless time-of-flight analyzer;AC=MS:1003379	380m/z-980m/z	150m/z-2000m/z	380	980	2	PRJEB97797	cRAP (version 2025-06-14)	search database: per-sample IMP metagenome/metatranscriptome-predicted proteins plus predicted smORF-encoded proteins (PRJEB97797), with NCBI human reference proteome GRCh38.p14 and cRAP; Proteome Discoverer 3.2 with CHIMERYS; Vanquish Neo UHPLC, Easy-Spray PepMap Neo C18 75 um x 150 mm, 60 min gradient, 2 ug load; DIA quantification by MS2 Apex
BHC20	human gut metagenome	feces	1	normal	SAMEA120485509	BHC20	feces	PRJEB97797	Germany	2022-04-11	flash frozen in liquid nitrogen, stored at -80 °C	gut microbiome	Homo sapiens	BHC20	normal	feces	feces	BHC20	20250530_Expobiome_Healthy_Pellet_MED_Astral_Easy60_DIA_Training_2ug_BHC20	proteomic profiling by mass spectrometry	1	20250530_Expobiome_Healthy_Pellet_MED_Astral_Easy60_DIA_Training_2ug_BHC20.raw	ftp://massive-ftp.ucsd.edu/v11/MSV000099334/raw/20250530_Expobiome_Healthy_Pellet_MED_Astral_Easy60_DIA_Training_2ug_BHC20.raw	v1.1.0	NT=ms-proteomics;VV=v1.1.0	NT=dia-acquisition;VV=v1.1.0	NT=metaproteomics;VV=v1.0.0	NT=human-gut;VV=v1.0.0	NT=sdrf-skills;VV=v0.2.0	Data-independent acquisition	NT=Orbitrap Astral;AC=MS:1003378	NT=Trypsin;AC=MS:1001251	label free sample	1	NT=beam-type collision-induced dissociation;AC=MS:1000422	27% NCE	not available	not available	NT=Dithiothreitol (DTT);AC=PRIDE:0000608	NT=Iodoacetamide (IAA);AC=PRIDE:0000599	NT=Carbamidomethyl;AC=UNIMOD:4;TA=C;MT=Fixed	NT=Oxidation;AC=UNIMOD:35;TA=M;MT=Variable	NT=asymmetric track lossless time-of-flight analyzer;AC=MS:1003379	380m/z-980m/z	150m/z-2000m/z	380	980	2	PRJEB97797	cRAP (version 2025-06-14)	search database: per-sample IMP metagenome/metatranscriptome-predicted proteins plus predicted smORF-encoded proteins (PRJEB97797), with NCBI human reference proteome GRCh38.p14 and cRAP; Proteome Discoverer 3.2 with CHIMERYS; Vanquish Neo UHPLC, Easy-Spray PepMap Neo C18 75 um x 150 mm, 60 min gradient, 2 ug load; DIA quantification by MS2 Apex
KHC07	human gut metagenome	feces	1	normal	SAMEA120485521	KHC07	feces	PRJEB97797	Germany	2021-09-27	flash frozen in liquid nitrogen, stored at -80 °C	gut microbiome	Homo sapiens	KHC07	normal	feces	feces	KHC07	20250530_Expobiome_Healthy_Pellet_MED_Astral_Easy60_DIA_Training_2ug_KHC07	proteomic profiling by mass spectrometry	1	20250530_Expobiome_Healthy_Pellet_MED_Astral_Easy60_DIA_Training_2ug_KHC07.raw	ftp://massive-ftp.ucsd.edu/v11/MSV000099334/raw/20250530_Expobiome_Healthy_Pellet_MED_Astral_Easy60_DIA_Training_2ug_KHC07.raw	v1.1.0	NT=ms-proteomics;VV=v1.1.0	NT=dia-acquisition;VV=v1.1.0	NT=metaproteomics;VV=v1.0.0	NT=human-gut;VV=v1.0.0	NT=sdrf-skills;VV=v0.2.0	Data-independent acquisition	NT=Orbitrap Astral;AC=MS:1003378	NT=Trypsin;AC=MS:1001251	label free sample	1	NT=beam-type collision-induced dissociation;AC=MS:1000422	27% NCE	not available	not available	NT=Dithiothreitol (DTT);AC=PRIDE:0000608	NT=Iodoacetamide (IAA);AC=PRIDE:0000599	NT=Carbamidomethyl;AC=UNIMOD:4;TA=C;MT=Fixed	NT=Oxidation;AC=UNIMOD:35;TA=M;MT=Variable	NT=asymmetric track lossless time-of-flight analyzer;AC=MS:1003379	380m/z-980m/z	150m/z-2000m/z	380	980	2	PRJEB97797	cRAP (version 2025-06-14)	search database: per-sample IMP metagenome/metatranscriptome-predicted proteins plus predicted smORF-encoded proteins (PRJEB97797), with NCBI human reference proteome GRCh38.p14 and cRAP; Proteome Discoverer 3.2 with CHIMERYS; Vanquish Neo UHPLC, Easy-Spray PepMap Neo C18 75 um x 150 mm, 60 min gradient, 2 ug load; DIA quantification by MS2 Apex
KHC11	human gut metagenome	feces	1	normal	SAMEA120485525	KHC11	feces	PRJEB97797	Germany	2021-10-01	flash frozen in liquid nitrogen, stored at -80 °C	gut microbiome	Homo sapiens	KHC11	normal	feces	feces	KHC11	20250530_Expobiome_Healthy_Pellet_MED_Astral_Easy60_DIA_Training_2ug_KHC11	proteomic profiling by mass spectrometry	1	20250530_Expobiome_Healthy_Pellet_MED_Astral_Easy60_DIA_Training_2ug_KHC11.raw	ftp://massive-ftp.ucsd.edu/v11/MSV000099334/raw/20250530_Expobiome_Healthy_Pellet_MED_Astral_Easy60_DIA_Training_2ug_KHC11.raw	v1.1.0	NT=ms-proteomics;VV=v1.1.0	NT=dia-acquisition;VV=v1.1.0	NT=metaproteomics;VV=v1.0.0	NT=human-gut;VV=v1.0.0	NT=sdrf-skills;VV=v0.2.0	Data-independent acquisition	NT=Orbitrap Astral;AC=MS:1003378	NT=Trypsin;AC=MS:1001251	label free sample	1	NT=beam-type collision-induced dissociation;AC=MS:1000422	27% NCE	not available	not available	NT=Dithiothreitol (DTT);AC=PRIDE:0000608	NT=Iodoacetamide (IAA);AC=PRIDE:0000599	NT=Carbamidomethyl;AC=UNIMOD:4;TA=C;MT=Fixed	NT=Oxidation;AC=UNIMOD:35;TA=M;MT=Variable	NT=asymmetric track lossless time-of-flight analyzer;AC=MS:1003379	380m/z-980m/z	150m/z-2000m/z	380	980	2	PRJEB97797	cRAP (version 2025-06-14)	search database: per-sample IMP metagenome/metatranscriptome-predicted proteins plus predicted smORF-encoded proteins (PRJEB97797), with NCBI human reference proteome GRCh38.p14 and cRAP; Proteome Discoverer 3.2 with CHIMERYS; Vanquish Neo UHPLC, Easy-Spray PepMap Neo C18 75 um x 150 mm, 60 min gradient, 2 ug load; DIA quantification by MS2 Apex
KHC15	human gut metagenome	feces	1	normal	SAMEA120485529	KHC15	feces	PRJEB97797	Germany	2022-01-18	flash frozen in liquid nitrogen, stored at -80 °C	gut microbiome	Homo sapiens	KHC15	normal	feces	feces	KHC15	20250530_Expobiome_Healthy_Pellet_MED_Astral_Easy60_DIA_Training_2ug_KHC15	proteomic profiling by mass spectrometry	1	20250530_Expobiome_Healthy_Pellet_MED_Astral_Easy60_DIA_Training_2ug_KHC15.raw	ftp://massive-ftp.ucsd.edu/v11/MSV000099334/raw/20250530_Expobiome_Healthy_Pellet_MED_Astral_Easy60_DIA_Training_2ug_KHC15.raw	v1.1.0	NT=ms-proteomics;VV=v1.1.0	NT=dia-acquisition;VV=v1.1.0	NT=metaproteomics;VV=v1.0.0	NT=human-gut;VV=v1.0.0	NT=sdrf-skills;VV=v0.2.0	Data-independent acquisition	NT=Orbitrap Astral;AC=MS:1003378	NT=Trypsin;AC=MS:1001251	label free sample	1	NT=beam-type collision-induced dissociation;AC=MS:1000422	27% NCE	not available	not available	NT=Dithiothreitol (DTT);AC=PRIDE:0000608	NT=Iodoacetamide (IAA);AC=PRIDE:0000599	NT=Carbamidomethyl;AC=UNIMOD:4;TA=C;MT=Fixed	NT=Oxidation;AC=UNIMOD:35;TA=M;MT=Variable	NT=asymmetric track lossless time-of-flight analyzer;AC=MS:1003379	380m/z-980m/z	150m/z-2000m/z	380	980	2	PRJEB97797	cRAP (version 2025-06-14)	search database: per-sample IMP metagenome/metatranscriptome-predicted proteins plus predicted smORF-encoded proteins (PRJEB97797), with NCBI human reference proteome GRCh38.p14 and cRAP; Proteome Discoverer 3.2 with CHIMERYS; Vanquish Neo UHPLC, Easy-Spray PepMap Neo C18 75 um x 150 mm, 60 min gradient, 2 ug load; DIA quantification by MS2 Apex
KHC17	human gut metagenome	feces	1	normal	SAMEA120485530	KHC17	feces	PRJEB97797	Germany	2022-02-09	flash frozen in liquid nitrogen, stored at -80 °C	gut microbiome	Homo sapiens	KHC17	normal	feces	feces	KHC17	20250530_Expobiome_Healthy_Pellet_MED_Astral_Easy60_DIA_Training_2ug_KHC17	proteomic profiling by mass spectrometry	1	20250530_Expobiome_Healthy_Pellet_MED_Astral_Easy60_DIA_Training_2ug_KHC17.raw	ftp://massive-ftp.ucsd.edu/v11/MSV000099334/raw/20250530_Expobiome_Healthy_Pellet_MED_Astral_Easy60_DIA_Training_2ug_KHC17.raw	v1.1.0	NT=ms-proteomics;VV=v1.1.0	NT=dia-acquisition;VV=v1.1.0	NT=metaproteomics;VV=v1.0.0	NT=human-gut;VV=v1.0.0	NT=sdrf-skills;VV=v0.2.0	Data-independent acquisition	NT=Orbitrap Astral;AC=MS:1003378	NT=Trypsin;AC=MS:1001251	label free sample	1	NT=beam-type collision-induced dissociation;AC=MS:1000422	27% NCE	not available	not available	NT=Dithiothreitol (DTT);AC=PRIDE:0000608	NT=Iodoacetamide (IAA);AC=PRIDE:0000599	NT=Carbamidomethyl;AC=UNIMOD:4;TA=C;MT=Fixed	NT=Oxidation;AC=UNIMOD:35;TA=M;MT=Variable	NT=asymmetric track lossless time-of-flight analyzer;AC=MS:1003379	380m/z-980m/z	150m/z-2000m/z	380	980	2	PRJEB97797	cRAP (version 2025-06-14)	search database: per-sample IMP metagenome/metatranscriptome-predicted proteins plus predicted smORF-encoded proteins (PRJEB97797), with NCBI human reference proteome GRCh38.p14 and cRAP; Proteome Discoverer 3.2 with CHIMERYS; Vanquish Neo UHPLC, Easy-Spray PepMap Neo C18 75 um x 150 mm, 60 min gradient, 2 ug load; DIA quantification by MS2 Apex
