source name	characteristics[organism]	characteristics[organism part]	characteristics[biological replicate]	characteristics[disease]	characteristics[material type]	characteristics[developmental stage]	characteristics[sex]	characteristics[pooled sample]	assay name	technology type	comment[technical replicate]	comment[data file]	comment[sdrf version]	comment[sdrf template]	comment[proteomics data acquisition method]	comment[instrument]	comment[cleavage agent details]	comment[label]	comment[fraction identifier]	comment[dissociation method]	comment[fractionation method]	comment[collision energy]	comment[precursor mass tolerance]	comment[fragment mass tolerance]	comment[reduction reagent]	comment[alkylation reagent]	comment[modification parameters]	comment[ms2 mass analyzer]	factor value[organism part]
piglet1_mandib_sublingual_saliva	sus scrofa domesticus	sublingual gland	1	not available	not available	not available	female	not pooled	Gland-specificsaliva-Orbitrap-fraction1and2.raw	proteomic profiling by mass spectrometry	1	ftp://ftp.pride.ebi.ac.uk/pride/data/archive/2019/02/PXD008853/Gland-specificsaliva-Orbitrap-fraction1and2.raw	v1.1.0	vertebrates v1.1.0	NT=Data-dependent acquisition;AC=PRIDE:0000627	NT=Q Exactive Plus;AC=MS:1002634	NT=Trypsin;AC=MS:1001251	iTRAQ8plex-113	1	NT=HCD;AC=PRIDE:0000590	NT=Strong cation-exchange chromatography (SCX);AC=PRIDE:0000561	33 NCE	8 ppm	0.8 Da	NT=Tris(2-carboxyethyl)phosphine (TCEP);AC=PRIDE:0000609	NT=Methyl methanethiosulfonate (MMTS);AC=PRIDE:0000605	NT=iTRAQ8plex;AC=UNIMOD:730;MT=variable;TA=Y;PP=Anywhere	NT=orbitrap;AC=MS:1000484	submandibular gland
piglet1_parotid_saliva	sus scrofa domesticus	not applicable	1	not available	not available	not available	female	not pooled	Gland-specificsaliva-Orbitrap-fraction1and2.raw	proteomic profiling by mass spectrometry	1	ftp://ftp.pride.ebi.ac.uk/pride/data/archive/2019/02/PXD008853/Gland-specificsaliva-Orbitrap-fraction1and2.raw	v1.1.0	vertebrates v1.1.0	NT=Data-dependent acquisition;AC=PRIDE:0000627	NT=Q Exactive Plus;AC=MS:1002634	NT=Trypsin;AC=MS:1001251	iTRAQ8plex-114	1	NT=HCD;AC=PRIDE:0000590	NT=Strong cation-exchange chromatography (SCX);AC=PRIDE:0000561	33 NCE	8 ppm	0.8 Da	NT=Tris(2-carboxyethyl)phosphine (TCEP);AC=PRIDE:0000609	NT=Methyl methanethiosulfonate (MMTS);AC=PRIDE:0000605	NT=iTRAQ8plex;AC=UNIMOD:730;MT=variable;TA=Y;PP=Anywhere	NT=orbitrap;AC=MS:1000484	parotid gland
piglet2_mandib_sublingual_saliva	sus scrofa domesticus	sublingual gland	2	not available	not available	not available	female	not pooled	Gland-specificsaliva-Orbitrap-fraction1and2.raw	proteomic profiling by mass spectrometry	1	ftp://ftp.pride.ebi.ac.uk/pride/data/archive/2019/02/PXD008853/Gland-specificsaliva-Orbitrap-fraction1and2.raw	v1.1.0	vertebrates v1.1.0	NT=Data-dependent acquisition;AC=PRIDE:0000627	NT=Q Exactive Plus;AC=MS:1002634	NT=Trypsin;AC=MS:1001251	iTRAQ8plex-115	1	NT=HCD;AC=PRIDE:0000590	NT=Strong cation-exchange chromatography (SCX);AC=PRIDE:0000561	33 NCE	8 ppm	0.8 Da	NT=Tris(2-carboxyethyl)phosphine (TCEP);AC=PRIDE:0000609	NT=Methyl methanethiosulfonate (MMTS);AC=PRIDE:0000605	NT=iTRAQ8plex;AC=UNIMOD:730;MT=variable;TA=Y;PP=Anywhere	NT=orbitrap;AC=MS:1000484	submandibular gland
piglet3_parotid_saliva	sus scrofa domesticus	not applicable	3	not available	not available	not available	male	not pooled	Gland-specificsaliva-Orbitrap-fraction1and2.raw	proteomic profiling by mass spectrometry	1	ftp://ftp.pride.ebi.ac.uk/pride/data/archive/2019/02/PXD008853/Gland-specificsaliva-Orbitrap-fraction1and2.raw	v1.1.0	vertebrates v1.1.0	NT=Data-dependent acquisition;AC=PRIDE:0000627	NT=Q Exactive Plus;AC=MS:1002634	NT=Trypsin;AC=MS:1001251	iTRAQ8plex-118	1	NT=HCD;AC=PRIDE:0000590	NT=Strong cation-exchange chromatography (SCX);AC=PRIDE:0000561	33 NCE	8 ppm	0.8 Da	NT=Tris(2-carboxyethyl)phosphine (TCEP);AC=PRIDE:0000609	NT=Methyl methanethiosulfonate (MMTS);AC=PRIDE:0000605	NT=iTRAQ8plex;AC=UNIMOD:730;MT=variable;TA=Y;PP=Anywhere	NT=orbitrap;AC=MS:1000484	parotid gland
piglet4_mandib_sublingual_saliva	sus scrofa domesticus	sublingual gland	4	not available	not available	not available	male	not pooled	Gland-specificsaliva-Orbitrap-fraction1and2.raw	proteomic profiling by mass spectrometry	1	ftp://ftp.pride.ebi.ac.uk/pride/data/archive/2019/02/PXD008853/Gland-specificsaliva-Orbitrap-fraction1and2.raw	v1.1.0	vertebrates v1.1.0	NT=Data-dependent acquisition;AC=PRIDE:0000627	NT=Q Exactive Plus;AC=MS:1002634	NT=Trypsin;AC=MS:1001251	iTRAQ8plex-119	1	NT=HCD;AC=PRIDE:0000590	NT=Strong cation-exchange chromatography (SCX);AC=PRIDE:0000561	33 NCE	8 ppm	0.8 Da	NT=Tris(2-carboxyethyl)phosphine (TCEP);AC=PRIDE:0000609	NT=Methyl methanethiosulfonate (MMTS);AC=PRIDE:0000605	NT=iTRAQ8plex;AC=UNIMOD:730;MT=variable;TA=Y;PP=Anywhere	NT=orbitrap;AC=MS:1000484	submandibular gland
piglet4_parotid_saliva	sus scrofa domesticus	not applicable	4	not available	not available	not available	male	not pooled	Gland-specificsaliva-Orbitrap-fraction1and2.raw	proteomic profiling by mass spectrometry	1	ftp://ftp.pride.ebi.ac.uk/pride/data/archive/2019/02/PXD008853/Gland-specificsaliva-Orbitrap-fraction1and2.raw	v1.1.0	vertebrates v1.1.0	NT=Data-dependent acquisition;AC=PRIDE:0000627	NT=Q Exactive Plus;AC=MS:1002634	NT=Trypsin;AC=MS:1001251	iTRAQ8plex-121	1	NT=HCD;AC=PRIDE:0000590	NT=Strong cation-exchange chromatography (SCX);AC=PRIDE:0000561	33 NCE	8 ppm	0.8 Da	NT=Tris(2-carboxyethyl)phosphine (TCEP);AC=PRIDE:0000609	NT=Methyl methanethiosulfonate (MMTS);AC=PRIDE:0000605	NT=iTRAQ8plex;AC=UNIMOD:730;MT=variable;TA=Y;PP=Anywhere	NT=orbitrap;AC=MS:1000484	parotid gland
piglet1_mandib_sublingual_saliva	sus scrofa domesticus	sublingual gland	1	not available	not available	not available	female	not pooled	Gland-specificsaliva-Orbitrap-fraction3and4.raw	proteomic profiling by mass spectrometry	1	ftp://ftp.pride.ebi.ac.uk/pride/data/archive/2019/02/PXD008853/Gland-specificsaliva-Orbitrap-fraction3and4.raw	v1.1.0	vertebrates v1.1.0	NT=Data-dependent acquisition;AC=PRIDE:0000627	NT=Q Exactive Plus;AC=MS:1002634	NT=Trypsin;AC=MS:1001251	iTRAQ8plex-113	2	NT=HCD;AC=PRIDE:0000590	NT=Strong cation-exchange chromatography (SCX);AC=PRIDE:0000561	33 NCE	8 ppm	0.8 Da	NT=Tris(2-carboxyethyl)phosphine (TCEP);AC=PRIDE:0000609	NT=Methyl methanethiosulfonate (MMTS);AC=PRIDE:0000605	NT=iTRAQ8plex;AC=UNIMOD:730;MT=variable;TA=Y;PP=Anywhere	NT=orbitrap;AC=MS:1000484	submandibular gland
piglet1_parotid_saliva	sus scrofa domesticus	not applicable	1	not available	not available	not available	female	not pooled	Gland-specificsaliva-Orbitrap-fraction3and4.raw	proteomic profiling by mass spectrometry	1	ftp://ftp.pride.ebi.ac.uk/pride/data/archive/2019/02/PXD008853/Gland-specificsaliva-Orbitrap-fraction3and4.raw	v1.1.0	vertebrates v1.1.0	NT=Data-dependent acquisition;AC=PRIDE:0000627	NT=Q Exactive Plus;AC=MS:1002634	NT=Trypsin;AC=MS:1001251	iTRAQ8plex-114	2	NT=HCD;AC=PRIDE:0000590	NT=Strong cation-exchange chromatography (SCX);AC=PRIDE:0000561	33 NCE	8 ppm	0.8 Da	NT=Tris(2-carboxyethyl)phosphine (TCEP);AC=PRIDE:0000609	NT=Methyl methanethiosulfonate (MMTS);AC=PRIDE:0000605	NT=iTRAQ8plex;AC=UNIMOD:730;MT=variable;TA=Y;PP=Anywhere	NT=orbitrap;AC=MS:1000484	parotid gland
piglet2_mandib_sublingual_saliva	sus scrofa domesticus	sublingual gland	2	not available	not available	not available	female	not pooled	Gland-specificsaliva-Orbitrap-fraction3and4.raw	proteomic profiling by mass spectrometry	1	ftp://ftp.pride.ebi.ac.uk/pride/data/archive/2019/02/PXD008853/Gland-specificsaliva-Orbitrap-fraction3and4.raw	v1.1.0	vertebrates v1.1.0	NT=Data-dependent acquisition;AC=PRIDE:0000627	NT=Q Exactive Plus;AC=MS:1002634	NT=Trypsin;AC=MS:1001251	iTRAQ8plex-115	2	NT=HCD;AC=PRIDE:0000590	NT=Strong cation-exchange chromatography (SCX);AC=PRIDE:0000561	33 NCE	8 ppm	0.8 Da	NT=Tris(2-carboxyethyl)phosphine (TCEP);AC=PRIDE:0000609	NT=Methyl methanethiosulfonate (MMTS);AC=PRIDE:0000605	NT=iTRAQ8plex;AC=UNIMOD:730;MT=variable;TA=Y;PP=Anywhere	NT=orbitrap;AC=MS:1000484	submandibular gland
piglet3_parotid_saliva	sus scrofa domesticus	not applicable	3	not available	not available	not available	male	not pooled	Gland-specificsaliva-Orbitrap-fraction3and4.raw	proteomic profiling by mass spectrometry	1	ftp://ftp.pride.ebi.ac.uk/pride/data/archive/2019/02/PXD008853/Gland-specificsaliva-Orbitrap-fraction3and4.raw	v1.1.0	vertebrates v1.1.0	NT=Data-dependent acquisition;AC=PRIDE:0000627	NT=Q Exactive Plus;AC=MS:1002634	NT=Trypsin;AC=MS:1001251	iTRAQ8plex-118	2	NT=HCD;AC=PRIDE:0000590	NT=Strong cation-exchange chromatography (SCX);AC=PRIDE:0000561	33 NCE	8 ppm	0.8 Da	NT=Tris(2-carboxyethyl)phosphine (TCEP);AC=PRIDE:0000609	NT=Methyl methanethiosulfonate (MMTS);AC=PRIDE:0000605	NT=iTRAQ8plex;AC=UNIMOD:730;MT=variable;TA=Y;PP=Anywhere	NT=orbitrap;AC=MS:1000484	parotid gland
piglet4_mandib_sublingual_saliva	sus scrofa domesticus	sublingual gland	4	not available	not available	not available	male	not pooled	Gland-specificsaliva-Orbitrap-fraction3and4.raw	proteomic profiling by mass spectrometry	1	ftp://ftp.pride.ebi.ac.uk/pride/data/archive/2019/02/PXD008853/Gland-specificsaliva-Orbitrap-fraction3and4.raw	v1.1.0	vertebrates v1.1.0	NT=Data-dependent acquisition;AC=PRIDE:0000627	NT=Q Exactive Plus;AC=MS:1002634	NT=Trypsin;AC=MS:1001251	iTRAQ8plex-119	2	NT=HCD;AC=PRIDE:0000590	NT=Strong cation-exchange chromatography (SCX);AC=PRIDE:0000561	33 NCE	8 ppm	0.8 Da	NT=Tris(2-carboxyethyl)phosphine (TCEP);AC=PRIDE:0000609	NT=Methyl methanethiosulfonate (MMTS);AC=PRIDE:0000605	NT=iTRAQ8plex;AC=UNIMOD:730;MT=variable;TA=Y;PP=Anywhere	NT=orbitrap;AC=MS:1000484	submandibular gland
piglet4_parotid_saliva	sus scrofa domesticus	not applicable	4	not available	not available	not available	male	not pooled	Gland-specificsaliva-Orbitrap-fraction3and4.raw	proteomic profiling by mass spectrometry	1	ftp://ftp.pride.ebi.ac.uk/pride/data/archive/2019/02/PXD008853/Gland-specificsaliva-Orbitrap-fraction3and4.raw	v1.1.0	vertebrates v1.1.0	NT=Data-dependent acquisition;AC=PRIDE:0000627	NT=Q Exactive Plus;AC=MS:1002634	NT=Trypsin;AC=MS:1001251	iTRAQ8plex-121	2	NT=HCD;AC=PRIDE:0000590	NT=Strong cation-exchange chromatography (SCX);AC=PRIDE:0000561	33 NCE	8 ppm	0.8 Da	NT=Tris(2-carboxyethyl)phosphine (TCEP);AC=PRIDE:0000609	NT=Methyl methanethiosulfonate (MMTS);AC=PRIDE:0000605	NT=iTRAQ8plex;AC=UNIMOD:730;MT=variable;TA=Y;PP=Anywhere	NT=orbitrap;AC=MS:1000484	parotid gland
piglet1_mandib_sublingual_saliva	sus scrofa domesticus	sublingual gland	1	not available	not available	not available	female	not pooled	Gland-specificsaliva-Orbitrap-fraction5and6.raw	proteomic profiling by mass spectrometry	1	ftp://ftp.pride.ebi.ac.uk/pride/data/archive/2019/02/PXD008853/Gland-specificsaliva-Orbitrap-fraction5and6.raw	v1.1.0	vertebrates v1.1.0	NT=Data-dependent acquisition;AC=PRIDE:0000627	NT=Q Exactive Plus;AC=MS:1002634	NT=Trypsin;AC=MS:1001251	iTRAQ8plex-113	3	NT=HCD;AC=PRIDE:0000590	NT=Strong cation-exchange chromatography (SCX);AC=PRIDE:0000561	33 NCE	8 ppm	0.8 Da	NT=Tris(2-carboxyethyl)phosphine (TCEP);AC=PRIDE:0000609	NT=Methyl methanethiosulfonate (MMTS);AC=PRIDE:0000605	NT=iTRAQ8plex;AC=UNIMOD:730;MT=variable;TA=Y;PP=Anywhere	NT=orbitrap;AC=MS:1000484	submandibular gland
piglet1_parotid_saliva	sus scrofa domesticus	not applicable	1	not available	not available	not available	female	not pooled	Gland-specificsaliva-Orbitrap-fraction5and6.raw	proteomic profiling by mass spectrometry	1	ftp://ftp.pride.ebi.ac.uk/pride/data/archive/2019/02/PXD008853/Gland-specificsaliva-Orbitrap-fraction5and6.raw	v1.1.0	vertebrates v1.1.0	NT=Data-dependent acquisition;AC=PRIDE:0000627	NT=Q Exactive Plus;AC=MS:1002634	NT=Trypsin;AC=MS:1001251	iTRAQ8plex-114	3	NT=HCD;AC=PRIDE:0000590	NT=Strong cation-exchange chromatography (SCX);AC=PRIDE:0000561	33 NCE	8 ppm	0.8 Da	NT=Tris(2-carboxyethyl)phosphine (TCEP);AC=PRIDE:0000609	NT=Methyl methanethiosulfonate (MMTS);AC=PRIDE:0000605	NT=iTRAQ8plex;AC=UNIMOD:730;MT=variable;TA=Y;PP=Anywhere	NT=orbitrap;AC=MS:1000484	parotid gland
piglet2_mandib_sublingual_saliva	sus scrofa domesticus	sublingual gland	2	not available	not available	not available	female	not pooled	Gland-specificsaliva-Orbitrap-fraction5and6.raw	proteomic profiling by mass spectrometry	1	ftp://ftp.pride.ebi.ac.uk/pride/data/archive/2019/02/PXD008853/Gland-specificsaliva-Orbitrap-fraction5and6.raw	v1.1.0	vertebrates v1.1.0	NT=Data-dependent acquisition;AC=PRIDE:0000627	NT=Q Exactive Plus;AC=MS:1002634	NT=Trypsin;AC=MS:1001251	iTRAQ8plex-115	3	NT=HCD;AC=PRIDE:0000590	NT=Strong cation-exchange chromatography (SCX);AC=PRIDE:0000561	33 NCE	8 ppm	0.8 Da	NT=Tris(2-carboxyethyl)phosphine (TCEP);AC=PRIDE:0000609	NT=Methyl methanethiosulfonate (MMTS);AC=PRIDE:0000605	NT=iTRAQ8plex;AC=UNIMOD:730;MT=variable;TA=Y;PP=Anywhere	NT=orbitrap;AC=MS:1000484	submandibular gland
piglet3_parotid_saliva	sus scrofa domesticus	not applicable	3	not available	not available	not available	male	not pooled	Gland-specificsaliva-Orbitrap-fraction5and6.raw	proteomic profiling by mass spectrometry	1	ftp://ftp.pride.ebi.ac.uk/pride/data/archive/2019/02/PXD008853/Gland-specificsaliva-Orbitrap-fraction5and6.raw	v1.1.0	vertebrates v1.1.0	NT=Data-dependent acquisition;AC=PRIDE:0000627	NT=Q Exactive Plus;AC=MS:1002634	NT=Trypsin;AC=MS:1001251	iTRAQ8plex-118	3	NT=HCD;AC=PRIDE:0000590	NT=Strong cation-exchange chromatography (SCX);AC=PRIDE:0000561	33 NCE	8 ppm	0.8 Da	NT=Tris(2-carboxyethyl)phosphine (TCEP);AC=PRIDE:0000609	NT=Methyl methanethiosulfonate (MMTS);AC=PRIDE:0000605	NT=iTRAQ8plex;AC=UNIMOD:730;MT=variable;TA=Y;PP=Anywhere	NT=orbitrap;AC=MS:1000484	parotid gland
piglet4_mandib_sublingual_saliva	sus scrofa domesticus	sublingual gland	4	not available	not available	not available	male	not pooled	Gland-specificsaliva-Orbitrap-fraction5and6.raw	proteomic profiling by mass spectrometry	1	ftp://ftp.pride.ebi.ac.uk/pride/data/archive/2019/02/PXD008853/Gland-specificsaliva-Orbitrap-fraction5and6.raw	v1.1.0	vertebrates v1.1.0	NT=Data-dependent acquisition;AC=PRIDE:0000627	NT=Q Exactive Plus;AC=MS:1002634	NT=Trypsin;AC=MS:1001251	iTRAQ8plex-119	3	NT=HCD;AC=PRIDE:0000590	NT=Strong cation-exchange chromatography (SCX);AC=PRIDE:0000561	33 NCE	8 ppm	0.8 Da	NT=Tris(2-carboxyethyl)phosphine (TCEP);AC=PRIDE:0000609	NT=Methyl methanethiosulfonate (MMTS);AC=PRIDE:0000605	NT=iTRAQ8plex;AC=UNIMOD:730;MT=variable;TA=Y;PP=Anywhere	NT=orbitrap;AC=MS:1000484	submandibular gland
piglet4_parotid_saliva	sus scrofa domesticus	not applicable	4	not available	not available	not available	male	not pooled	Gland-specificsaliva-Orbitrap-fraction5and6.raw	proteomic profiling by mass spectrometry	1	ftp://ftp.pride.ebi.ac.uk/pride/data/archive/2019/02/PXD008853/Gland-specificsaliva-Orbitrap-fraction5and6.raw	v1.1.0	vertebrates v1.1.0	NT=Data-dependent acquisition;AC=PRIDE:0000627	NT=Q Exactive Plus;AC=MS:1002634	NT=Trypsin;AC=MS:1001251	iTRAQ8plex-121	3	NT=HCD;AC=PRIDE:0000590	NT=Strong cation-exchange chromatography (SCX);AC=PRIDE:0000561	33 NCE	8 ppm	0.8 Da	NT=Tris(2-carboxyethyl)phosphine (TCEP);AC=PRIDE:0000609	NT=Methyl methanethiosulfonate (MMTS);AC=PRIDE:0000605	NT=iTRAQ8plex;AC=UNIMOD:730;MT=variable;TA=Y;PP=Anywhere	NT=orbitrap;AC=MS:1000484	parotid gland
piglet1_mandib_sublingual_saliva	sus scrofa domesticus	sublingual gland	1	not available	not available	not available	female	not pooled	Gland-specificsaliva-Orbitrap-fraction7and8.raw	proteomic profiling by mass spectrometry	1	ftp://ftp.pride.ebi.ac.uk/pride/data/archive/2019/02/PXD008853/Gland-specificsaliva-Orbitrap-fraction7and8.raw	v1.1.0	vertebrates v1.1.0	NT=Data-dependent acquisition;AC=PRIDE:0000627	NT=Q Exactive Plus;AC=MS:1002634	NT=Trypsin;AC=MS:1001251	iTRAQ8plex-113	4	NT=HCD;AC=PRIDE:0000590	NT=Strong cation-exchange chromatography (SCX);AC=PRIDE:0000561	33 NCE	8 ppm	0.8 Da	NT=Tris(2-carboxyethyl)phosphine (TCEP);AC=PRIDE:0000609	NT=Methyl methanethiosulfonate (MMTS);AC=PRIDE:0000605	NT=iTRAQ8plex;AC=UNIMOD:730;MT=variable;TA=Y;PP=Anywhere	NT=orbitrap;AC=MS:1000484	submandibular gland
piglet1_parotid_saliva	sus scrofa domesticus	not applicable	1	not available	not available	not available	female	not pooled	Gland-specificsaliva-Orbitrap-fraction7and8.raw	proteomic profiling by mass spectrometry	1	ftp://ftp.pride.ebi.ac.uk/pride/data/archive/2019/02/PXD008853/Gland-specificsaliva-Orbitrap-fraction7and8.raw	v1.1.0	vertebrates v1.1.0	NT=Data-dependent acquisition;AC=PRIDE:0000627	NT=Q Exactive Plus;AC=MS:1002634	NT=Trypsin;AC=MS:1001251	iTRAQ8plex-114	4	NT=HCD;AC=PRIDE:0000590	NT=Strong cation-exchange chromatography (SCX);AC=PRIDE:0000561	33 NCE	8 ppm	0.8 Da	NT=Tris(2-carboxyethyl)phosphine (TCEP);AC=PRIDE:0000609	NT=Methyl methanethiosulfonate (MMTS);AC=PRIDE:0000605	NT=iTRAQ8plex;AC=UNIMOD:730;MT=variable;TA=Y;PP=Anywhere	NT=orbitrap;AC=MS:1000484	parotid gland
piglet2_mandib_sublingual_saliva	sus scrofa domesticus	sublingual gland	2	not available	not available	not available	female	not pooled	Gland-specificsaliva-Orbitrap-fraction7and8.raw	proteomic profiling by mass spectrometry	1	ftp://ftp.pride.ebi.ac.uk/pride/data/archive/2019/02/PXD008853/Gland-specificsaliva-Orbitrap-fraction7and8.raw	v1.1.0	vertebrates v1.1.0	NT=Data-dependent acquisition;AC=PRIDE:0000627	NT=Q Exactive Plus;AC=MS:1002634	NT=Trypsin;AC=MS:1001251	iTRAQ8plex-115	4	NT=HCD;AC=PRIDE:0000590	NT=Strong cation-exchange chromatography (SCX);AC=PRIDE:0000561	33 NCE	8 ppm	0.8 Da	NT=Tris(2-carboxyethyl)phosphine (TCEP);AC=PRIDE:0000609	NT=Methyl methanethiosulfonate (MMTS);AC=PRIDE:0000605	NT=iTRAQ8plex;AC=UNIMOD:730;MT=variable;TA=Y;PP=Anywhere	NT=orbitrap;AC=MS:1000484	submandibular gland
piglet3_parotid_saliva	sus scrofa domesticus	not applicable	3	not available	not available	not available	male	not pooled	Gland-specificsaliva-Orbitrap-fraction7and8.raw	proteomic profiling by mass spectrometry	1	ftp://ftp.pride.ebi.ac.uk/pride/data/archive/2019/02/PXD008853/Gland-specificsaliva-Orbitrap-fraction7and8.raw	v1.1.0	vertebrates v1.1.0	NT=Data-dependent acquisition;AC=PRIDE:0000627	NT=Q Exactive Plus;AC=MS:1002634	NT=Trypsin;AC=MS:1001251	iTRAQ8plex-118	4	NT=HCD;AC=PRIDE:0000590	NT=Strong cation-exchange chromatography (SCX);AC=PRIDE:0000561	33 NCE	8 ppm	0.8 Da	NT=Tris(2-carboxyethyl)phosphine (TCEP);AC=PRIDE:0000609	NT=Methyl methanethiosulfonate (MMTS);AC=PRIDE:0000605	NT=iTRAQ8plex;AC=UNIMOD:730;MT=variable;TA=Y;PP=Anywhere	NT=orbitrap;AC=MS:1000484	parotid gland
piglet4_mandib_sublingual_saliva	sus scrofa domesticus	sublingual gland	4	not available	not available	not available	male	not pooled	Gland-specificsaliva-Orbitrap-fraction7and8.raw	proteomic profiling by mass spectrometry	1	ftp://ftp.pride.ebi.ac.uk/pride/data/archive/2019/02/PXD008853/Gland-specificsaliva-Orbitrap-fraction7and8.raw	v1.1.0	vertebrates v1.1.0	NT=Data-dependent acquisition;AC=PRIDE:0000627	NT=Q Exactive Plus;AC=MS:1002634	NT=Trypsin;AC=MS:1001251	iTRAQ8plex-119	4	NT=HCD;AC=PRIDE:0000590	NT=Strong cation-exchange chromatography (SCX);AC=PRIDE:0000561	33 NCE	8 ppm	0.8 Da	NT=Tris(2-carboxyethyl)phosphine (TCEP);AC=PRIDE:0000609	NT=Methyl methanethiosulfonate (MMTS);AC=PRIDE:0000605	NT=iTRAQ8plex;AC=UNIMOD:730;MT=variable;TA=Y;PP=Anywhere	NT=orbitrap;AC=MS:1000484	submandibular gland
piglet4_parotid_saliva	sus scrofa domesticus	not applicable	4	not available	not available	not available	male	not pooled	Gland-specificsaliva-Orbitrap-fraction7and8.raw	proteomic profiling by mass spectrometry	1	ftp://ftp.pride.ebi.ac.uk/pride/data/archive/2019/02/PXD008853/Gland-specificsaliva-Orbitrap-fraction7and8.raw	v1.1.0	vertebrates v1.1.0	NT=Data-dependent acquisition;AC=PRIDE:0000627	NT=Q Exactive Plus;AC=MS:1002634	NT=Trypsin;AC=MS:1001251	iTRAQ8plex-121	4	NT=HCD;AC=PRIDE:0000590	NT=Strong cation-exchange chromatography (SCX);AC=PRIDE:0000561	33 NCE	8 ppm	0.8 Da	NT=Tris(2-carboxyethyl)phosphine (TCEP);AC=PRIDE:0000609	NT=Methyl methanethiosulfonate (MMTS);AC=PRIDE:0000605	NT=iTRAQ8plex;AC=UNIMOD:730;MT=variable;TA=Y;PP=Anywhere	NT=orbitrap;AC=MS:1000484	parotid gland
piglet1_mandib_sublingual_saliva	sus scrofa domesticus	sublingual gland	1	not available	not available	not available	female	not pooled	Gland-specificsaliva-Orbitrap-fraction9and10.raw	proteomic profiling by mass spectrometry	1	ftp://ftp.pride.ebi.ac.uk/pride/data/archive/2019/02/PXD008853/Gland-specificsaliva-Orbitrap-fraction9and10.raw	v1.1.0	vertebrates v1.1.0	NT=Data-dependent acquisition;AC=PRIDE:0000627	NT=Q Exactive Plus;AC=MS:1002634	NT=Trypsin;AC=MS:1001251	iTRAQ8plex-113	5	NT=HCD;AC=PRIDE:0000590	NT=Strong cation-exchange chromatography (SCX);AC=PRIDE:0000561	33 NCE	8 ppm	0.8 Da	NT=Tris(2-carboxyethyl)phosphine (TCEP);AC=PRIDE:0000609	NT=Methyl methanethiosulfonate (MMTS);AC=PRIDE:0000605	NT=iTRAQ8plex;AC=UNIMOD:730;MT=variable;TA=Y;PP=Anywhere	NT=orbitrap;AC=MS:1000484	submandibular gland
piglet1_parotid_saliva	sus scrofa domesticus	not applicable	1	not available	not available	not available	female	not pooled	Gland-specificsaliva-Orbitrap-fraction9and10.raw	proteomic profiling by mass spectrometry	1	ftp://ftp.pride.ebi.ac.uk/pride/data/archive/2019/02/PXD008853/Gland-specificsaliva-Orbitrap-fraction9and10.raw	v1.1.0	vertebrates v1.1.0	NT=Data-dependent acquisition;AC=PRIDE:0000627	NT=Q Exactive Plus;AC=MS:1002634	NT=Trypsin;AC=MS:1001251	iTRAQ8plex-114	5	NT=HCD;AC=PRIDE:0000590	NT=Strong cation-exchange chromatography (SCX);AC=PRIDE:0000561	33 NCE	8 ppm	0.8 Da	NT=Tris(2-carboxyethyl)phosphine (TCEP);AC=PRIDE:0000609	NT=Methyl methanethiosulfonate (MMTS);AC=PRIDE:0000605	NT=iTRAQ8plex;AC=UNIMOD:730;MT=variable;TA=Y;PP=Anywhere	NT=orbitrap;AC=MS:1000484	parotid gland
piglet2_mandib_sublingual_saliva	sus scrofa domesticus	sublingual gland	2	not available	not available	not available	female	not pooled	Gland-specificsaliva-Orbitrap-fraction9and10.raw	proteomic profiling by mass spectrometry	1	ftp://ftp.pride.ebi.ac.uk/pride/data/archive/2019/02/PXD008853/Gland-specificsaliva-Orbitrap-fraction9and10.raw	v1.1.0	vertebrates v1.1.0	NT=Data-dependent acquisition;AC=PRIDE:0000627	NT=Q Exactive Plus;AC=MS:1002634	NT=Trypsin;AC=MS:1001251	iTRAQ8plex-115	5	NT=HCD;AC=PRIDE:0000590	NT=Strong cation-exchange chromatography (SCX);AC=PRIDE:0000561	33 NCE	8 ppm	0.8 Da	NT=Tris(2-carboxyethyl)phosphine (TCEP);AC=PRIDE:0000609	NT=Methyl methanethiosulfonate (MMTS);AC=PRIDE:0000605	NT=iTRAQ8plex;AC=UNIMOD:730;MT=variable;TA=Y;PP=Anywhere	NT=orbitrap;AC=MS:1000484	submandibular gland
piglet3_parotid_saliva	sus scrofa domesticus	not applicable	3	not available	not available	not available	male	not pooled	Gland-specificsaliva-Orbitrap-fraction9and10.raw	proteomic profiling by mass spectrometry	1	ftp://ftp.pride.ebi.ac.uk/pride/data/archive/2019/02/PXD008853/Gland-specificsaliva-Orbitrap-fraction9and10.raw	v1.1.0	vertebrates v1.1.0	NT=Data-dependent acquisition;AC=PRIDE:0000627	NT=Q Exactive Plus;AC=MS:1002634	NT=Trypsin;AC=MS:1001251	iTRAQ8plex-118	5	NT=HCD;AC=PRIDE:0000590	NT=Strong cation-exchange chromatography (SCX);AC=PRIDE:0000561	33 NCE	8 ppm	0.8 Da	NT=Tris(2-carboxyethyl)phosphine (TCEP);AC=PRIDE:0000609	NT=Methyl methanethiosulfonate (MMTS);AC=PRIDE:0000605	NT=iTRAQ8plex;AC=UNIMOD:730;MT=variable;TA=Y;PP=Anywhere	NT=orbitrap;AC=MS:1000484	parotid gland
piglet4_mandib_sublingual_saliva	sus scrofa domesticus	sublingual gland	4	not available	not available	not available	male	not pooled	Gland-specificsaliva-Orbitrap-fraction9and10.raw	proteomic profiling by mass spectrometry	1	ftp://ftp.pride.ebi.ac.uk/pride/data/archive/2019/02/PXD008853/Gland-specificsaliva-Orbitrap-fraction9and10.raw	v1.1.0	vertebrates v1.1.0	NT=Data-dependent acquisition;AC=PRIDE:0000627	NT=Q Exactive Plus;AC=MS:1002634	NT=Trypsin;AC=MS:1001251	iTRAQ8plex-119	5	NT=HCD;AC=PRIDE:0000590	NT=Strong cation-exchange chromatography (SCX);AC=PRIDE:0000561	33 NCE	8 ppm	0.8 Da	NT=Tris(2-carboxyethyl)phosphine (TCEP);AC=PRIDE:0000609	NT=Methyl methanethiosulfonate (MMTS);AC=PRIDE:0000605	NT=iTRAQ8plex;AC=UNIMOD:730;MT=variable;TA=Y;PP=Anywhere	NT=orbitrap;AC=MS:1000484	submandibular gland
piglet4_parotid_saliva	sus scrofa domesticus	not applicable	4	not available	not available	not available	male	not pooled	Gland-specificsaliva-Orbitrap-fraction9and10.raw	proteomic profiling by mass spectrometry	1	ftp://ftp.pride.ebi.ac.uk/pride/data/archive/2019/02/PXD008853/Gland-specificsaliva-Orbitrap-fraction9and10.raw	v1.1.0	vertebrates v1.1.0	NT=Data-dependent acquisition;AC=PRIDE:0000627	NT=Q Exactive Plus;AC=MS:1002634	NT=Trypsin;AC=MS:1001251	iTRAQ8plex-121	5	NT=HCD;AC=PRIDE:0000590	NT=Strong cation-exchange chromatography (SCX);AC=PRIDE:0000561	33 NCE	8 ppm	0.8 Da	NT=Tris(2-carboxyethyl)phosphine (TCEP);AC=PRIDE:0000609	NT=Methyl methanethiosulfonate (MMTS);AC=PRIDE:0000605	NT=iTRAQ8plex;AC=UNIMOD:730;MT=variable;TA=Y;PP=Anywhere	NT=orbitrap;AC=MS:1000484	parotid gland
