source name	characteristics[organism]	characteristics[organism part]	characteristics[cell type]	characteristics[disease]	characteristics[material type]	characteristics[sample type]	characteristics[sex]	characteristics[age]	characteristics[developmental stage]	characteristics[ancestry category]	characteristics[individual]	characteristics[pooled sample]	characteristics[biological replicate]	characteristics[spatial region]	characteristics[experiment purpose]	characteristics[preservation method]	assay name	technology type	comment[data file]	comment[file uri]	comment[label]	comment[technical replicate]	comment[fraction identifier]	comment[instrument]	comment[proteomics data acquisition method]	comment[cleavage agent details]	comment[cleavage agent details]	comment[reduction reagent]	comment[alkylation reagent]	comment[dissociation method]	comment[collision energy]	comment[ms1 scan range]	comment[scan window lower limit]	comment[scan window upper limit]	comment[isolation window width]	comment[precursor mass tolerance]	comment[fragment mass tolerance]	comment[modification parameters]	comment[modification parameters]	comment[sdrf version]	comment[sdrf template]	comment[sdrf template]	comment[sdrf template]	factor value[cell type]	factor value[spatial region]
CTLs_LaminaPropria_1	Homo sapiens	colorectum	cytotoxic T cell	colorectal cancer	tissue	study sample	not available	not available	not available	not available	not available	not available	not available	lamina propria	spatial T-cell profiling	formalin-fixed paraffin-embedded	CTLs_LaminaPropria_1	proteomic profiling by mass spectrometry	CTLs_LaminaPropria_1.raw	ftp://ftp.pride.ebi.ac.uk/pride/data/archive/2024/12/PXD057118/ColorectalCancer.zip	NT=label free sample;AC=MS:1002038	not available	1	NT=Orbitrap Astral;AC=MS:1003378	NT=Data-independent acquisition;AC=PRIDE:0000450	NT=Trypsin;AC=MS:1001251	NT=Lys-C;AC=MS:1001309	not available	not available	NT=beam-type collision-induced dissociation;AC=MS:1000422	25 NCE	380m/z-980m/z	380	980	8	not available	not available	NT=Oxidation;AC=UNIMOD:35;MT=variable;TA=M;PP=Anywhere	NT=Acetyl;AC=UNIMOD:1;MT=variable;PP=Protein N-term	v3.0.0	ms-proteomics v1.1.0	human v1.1.0	dia-acquisition v1.1.0	cytotoxic T cell	lamina propria
CTLs_LaminaPropria_2	Homo sapiens	colorectum	cytotoxic T cell	colorectal cancer	tissue	study sample	not available	not available	not available	not available	not available	not available	not available	lamina propria	spatial T-cell profiling	formalin-fixed paraffin-embedded	CTLs_LaminaPropria_2	proteomic profiling by mass spectrometry	CTLs_LaminaPropria_2.raw	ftp://ftp.pride.ebi.ac.uk/pride/data/archive/2024/12/PXD057118/ColorectalCancer.zip	NT=label free sample;AC=MS:1002038	not available	1	NT=Orbitrap Astral;AC=MS:1003378	NT=Data-independent acquisition;AC=PRIDE:0000450	NT=Trypsin;AC=MS:1001251	NT=Lys-C;AC=MS:1001309	not available	not available	NT=beam-type collision-induced dissociation;AC=MS:1000422	25 NCE	380m/z-980m/z	380	980	8	not available	not available	NT=Oxidation;AC=UNIMOD:35;MT=variable;TA=M;PP=Anywhere	NT=Acetyl;AC=UNIMOD:1;MT=variable;PP=Protein N-term	v3.0.0	ms-proteomics v1.1.0	human v1.1.0	dia-acquisition v1.1.0	cytotoxic T cell	lamina propria
CTLs_LaminaPropria_3	Homo sapiens	colorectum	cytotoxic T cell	colorectal cancer	tissue	study sample	not available	not available	not available	not available	not available	not available	not available	lamina propria	spatial T-cell profiling	formalin-fixed paraffin-embedded	CTLs_LaminaPropria_3	proteomic profiling by mass spectrometry	CTLs_LaminaPropria_3.raw	ftp://ftp.pride.ebi.ac.uk/pride/data/archive/2024/12/PXD057118/ColorectalCancer.zip	NT=label free sample;AC=MS:1002038	not available	1	NT=Orbitrap Astral;AC=MS:1003378	NT=Data-independent acquisition;AC=PRIDE:0000450	NT=Trypsin;AC=MS:1001251	NT=Lys-C;AC=MS:1001309	not available	not available	NT=beam-type collision-induced dissociation;AC=MS:1000422	25 NCE	380m/z-980m/z	380	980	8	not available	not available	NT=Oxidation;AC=UNIMOD:35;MT=variable;TA=M;PP=Anywhere	NT=Acetyl;AC=UNIMOD:1;MT=variable;PP=Protein N-term	v3.0.0	ms-proteomics v1.1.0	human v1.1.0	dia-acquisition v1.1.0	cytotoxic T cell	lamina propria
CTLs_TumorEpithelium_1	Homo sapiens	colorectum	cytotoxic T cell	colorectal cancer	tissue	study sample	not available	not available	not available	not available	not available	not available	not available	tumor epithelium	spatial T-cell profiling	formalin-fixed paraffin-embedded	CTLs_TumorEpithelium_1	proteomic profiling by mass spectrometry	CTLs_TumorEpithelium_1.raw	ftp://ftp.pride.ebi.ac.uk/pride/data/archive/2024/12/PXD057118/ColorectalCancer.zip	NT=label free sample;AC=MS:1002038	not available	1	NT=Orbitrap Astral;AC=MS:1003378	NT=Data-independent acquisition;AC=PRIDE:0000450	NT=Trypsin;AC=MS:1001251	NT=Lys-C;AC=MS:1001309	not available	not available	NT=beam-type collision-induced dissociation;AC=MS:1000422	25 NCE	380m/z-980m/z	380	980	8	not available	not available	NT=Oxidation;AC=UNIMOD:35;MT=variable;TA=M;PP=Anywhere	NT=Acetyl;AC=UNIMOD:1;MT=variable;PP=Protein N-term	v3.0.0	ms-proteomics v1.1.0	human v1.1.0	dia-acquisition v1.1.0	cytotoxic T cell	tumor epithelium
CTLs_TumorEpithelium_2	Homo sapiens	colorectum	cytotoxic T cell	colorectal cancer	tissue	study sample	not available	not available	not available	not available	not available	not available	not available	tumor epithelium	spatial T-cell profiling	formalin-fixed paraffin-embedded	CTLs_TumorEpithelium_2	proteomic profiling by mass spectrometry	CTLs_TumorEpithelium_2.raw	ftp://ftp.pride.ebi.ac.uk/pride/data/archive/2024/12/PXD057118/ColorectalCancer.zip	NT=label free sample;AC=MS:1002038	not available	1	NT=Orbitrap Astral;AC=MS:1003378	NT=Data-independent acquisition;AC=PRIDE:0000450	NT=Trypsin;AC=MS:1001251	NT=Lys-C;AC=MS:1001309	not available	not available	NT=beam-type collision-induced dissociation;AC=MS:1000422	25 NCE	380m/z-980m/z	380	980	8	not available	not available	NT=Oxidation;AC=UNIMOD:35;MT=variable;TA=M;PP=Anywhere	NT=Acetyl;AC=UNIMOD:1;MT=variable;PP=Protein N-term	v3.0.0	ms-proteomics v1.1.0	human v1.1.0	dia-acquisition v1.1.0	cytotoxic T cell	tumor epithelium
CTLs_TumorEpithelium_3	Homo sapiens	colorectum	cytotoxic T cell	colorectal cancer	tissue	study sample	not available	not available	not available	not available	not available	not available	not available	tumor epithelium	spatial T-cell profiling	formalin-fixed paraffin-embedded	CTLs_TumorEpithelium_3	proteomic profiling by mass spectrometry	CTLs_TumorEpithelium_3.raw	ftp://ftp.pride.ebi.ac.uk/pride/data/archive/2024/12/PXD057118/ColorectalCancer.zip	NT=label free sample;AC=MS:1002038	not available	1	NT=Orbitrap Astral;AC=MS:1003378	NT=Data-independent acquisition;AC=PRIDE:0000450	NT=Trypsin;AC=MS:1001251	NT=Lys-C;AC=MS:1001309	not available	not available	NT=beam-type collision-induced dissociation;AC=MS:1000422	25 NCE	380m/z-980m/z	380	980	8	not available	not available	NT=Oxidation;AC=UNIMOD:35;MT=variable;TA=M;PP=Anywhere	NT=Acetyl;AC=UNIMOD:1;MT=variable;PP=Protein N-term	v3.0.0	ms-proteomics v1.1.0	human v1.1.0	dia-acquisition v1.1.0	cytotoxic T cell	tumor epithelium
TH_LaminaPropria_1	Homo sapiens	colorectum	helper T cell	colorectal cancer	tissue	study sample	not available	not available	not available	not available	not available	not available	not available	lamina propria	spatial T-cell profiling	formalin-fixed paraffin-embedded	TH_LaminaPropria_1	proteomic profiling by mass spectrometry	TH_LaminaPropria_1.raw	ftp://ftp.pride.ebi.ac.uk/pride/data/archive/2024/12/PXD057118/ColorectalCancer.zip	NT=label free sample;AC=MS:1002038	not available	1	NT=Orbitrap Astral;AC=MS:1003378	NT=Data-independent acquisition;AC=PRIDE:0000450	NT=Trypsin;AC=MS:1001251	NT=Lys-C;AC=MS:1001309	not available	not available	NT=beam-type collision-induced dissociation;AC=MS:1000422	25 NCE	380m/z-980m/z	380	980	8	not available	not available	NT=Oxidation;AC=UNIMOD:35;MT=variable;TA=M;PP=Anywhere	NT=Acetyl;AC=UNIMOD:1;MT=variable;PP=Protein N-term	v3.0.0	ms-proteomics v1.1.0	human v1.1.0	dia-acquisition v1.1.0	helper T cell	lamina propria
TH_LaminaPropria_2	Homo sapiens	colorectum	helper T cell	colorectal cancer	tissue	study sample	not available	not available	not available	not available	not available	not available	not available	lamina propria	spatial T-cell profiling	formalin-fixed paraffin-embedded	TH_LaminaPropria_2	proteomic profiling by mass spectrometry	TH_LaminaPropria_2.raw	ftp://ftp.pride.ebi.ac.uk/pride/data/archive/2024/12/PXD057118/ColorectalCancer.zip	NT=label free sample;AC=MS:1002038	not available	1	NT=Orbitrap Astral;AC=MS:1003378	NT=Data-independent acquisition;AC=PRIDE:0000450	NT=Trypsin;AC=MS:1001251	NT=Lys-C;AC=MS:1001309	not available	not available	NT=beam-type collision-induced dissociation;AC=MS:1000422	25 NCE	380m/z-980m/z	380	980	8	not available	not available	NT=Oxidation;AC=UNIMOD:35;MT=variable;TA=M;PP=Anywhere	NT=Acetyl;AC=UNIMOD:1;MT=variable;PP=Protein N-term	v3.0.0	ms-proteomics v1.1.0	human v1.1.0	dia-acquisition v1.1.0	helper T cell	lamina propria
TH_LaminaPropria_3	Homo sapiens	colorectum	helper T cell	colorectal cancer	tissue	study sample	not available	not available	not available	not available	not available	not available	not available	lamina propria	spatial T-cell profiling	formalin-fixed paraffin-embedded	TH_LaminaPropria_3	proteomic profiling by mass spectrometry	TH_LaminaPropria_3.raw	ftp://ftp.pride.ebi.ac.uk/pride/data/archive/2024/12/PXD057118/ColorectalCancer.zip	NT=label free sample;AC=MS:1002038	not available	1	NT=Orbitrap Astral;AC=MS:1003378	NT=Data-independent acquisition;AC=PRIDE:0000450	NT=Trypsin;AC=MS:1001251	NT=Lys-C;AC=MS:1001309	not available	not available	NT=beam-type collision-induced dissociation;AC=MS:1000422	25 NCE	380m/z-980m/z	380	980	8	not available	not available	NT=Oxidation;AC=UNIMOD:35;MT=variable;TA=M;PP=Anywhere	NT=Acetyl;AC=UNIMOD:1;MT=variable;PP=Protein N-term	v3.0.0	ms-proteomics v1.1.0	human v1.1.0	dia-acquisition v1.1.0	helper T cell	lamina propria
TH_TumorEpithelium_1	Homo sapiens	colorectum	helper T cell	colorectal cancer	tissue	study sample	not available	not available	not available	not available	not available	not available	not available	tumor epithelium	spatial T-cell profiling	formalin-fixed paraffin-embedded	TH_TumorEpithelium_1	proteomic profiling by mass spectrometry	TH_TumorEpithelium_1.raw	ftp://ftp.pride.ebi.ac.uk/pride/data/archive/2024/12/PXD057118/ColorectalCancer.zip	NT=label free sample;AC=MS:1002038	not available	1	NT=Orbitrap Astral;AC=MS:1003378	NT=Data-independent acquisition;AC=PRIDE:0000450	NT=Trypsin;AC=MS:1001251	NT=Lys-C;AC=MS:1001309	not available	not available	NT=beam-type collision-induced dissociation;AC=MS:1000422	25 NCE	380m/z-980m/z	380	980	8	not available	not available	NT=Oxidation;AC=UNIMOD:35;MT=variable;TA=M;PP=Anywhere	NT=Acetyl;AC=UNIMOD:1;MT=variable;PP=Protein N-term	v3.0.0	ms-proteomics v1.1.0	human v1.1.0	dia-acquisition v1.1.0	helper T cell	tumor epithelium
TH_TumorEpithelium_2	Homo sapiens	colorectum	helper T cell	colorectal cancer	tissue	study sample	not available	not available	not available	not available	not available	not available	not available	tumor epithelium	spatial T-cell profiling	formalin-fixed paraffin-embedded	TH_TumorEpithelium_2	proteomic profiling by mass spectrometry	TH_TumorEpithelium_2.raw	ftp://ftp.pride.ebi.ac.uk/pride/data/archive/2024/12/PXD057118/ColorectalCancer.zip	NT=label free sample;AC=MS:1002038	not available	1	NT=Orbitrap Astral;AC=MS:1003378	NT=Data-independent acquisition;AC=PRIDE:0000450	NT=Trypsin;AC=MS:1001251	NT=Lys-C;AC=MS:1001309	not available	not available	NT=beam-type collision-induced dissociation;AC=MS:1000422	25 NCE	380m/z-980m/z	380	980	8	not available	not available	NT=Oxidation;AC=UNIMOD:35;MT=variable;TA=M;PP=Anywhere	NT=Acetyl;AC=UNIMOD:1;MT=variable;PP=Protein N-term	v3.0.0	ms-proteomics v1.1.0	human v1.1.0	dia-acquisition v1.1.0	helper T cell	tumor epithelium
TH_TumorEpithelium_3	Homo sapiens	colorectum	helper T cell	colorectal cancer	tissue	study sample	not available	not available	not available	not available	not available	not available	not available	tumor epithelium	spatial T-cell profiling	formalin-fixed paraffin-embedded	TH_TumorEpithelium_3	proteomic profiling by mass spectrometry	TH_TumorEpithelium_3.raw	ftp://ftp.pride.ebi.ac.uk/pride/data/archive/2024/12/PXD057118/ColorectalCancer.zip	NT=label free sample;AC=MS:1002038	not available	1	NT=Orbitrap Astral;AC=MS:1003378	NT=Data-independent acquisition;AC=PRIDE:0000450	NT=Trypsin;AC=MS:1001251	NT=Lys-C;AC=MS:1001309	not available	not available	NT=beam-type collision-induced dissociation;AC=MS:1000422	25 NCE	380m/z-980m/z	380	980	8	not available	not available	NT=Oxidation;AC=UNIMOD:35;MT=variable;TA=M;PP=Anywhere	NT=Acetyl;AC=UNIMOD:1;MT=variable;PP=Protein N-term	v3.0.0	ms-proteomics v1.1.0	human v1.1.0	dia-acquisition v1.1.0	helper T cell	tumor epithelium
Macrophages_LaminaPropria_1	Homo sapiens	colorectum	macrophage	colorectal cancer	tissue	study sample	not available	not available	not available	not available	not available	not available	not available	lamina propria	spatial macrophage profiling	formalin-fixed paraffin-embedded	Macrophages_LaminaPropria_1	proteomic profiling by mass spectrometry	Macrophages_LaminaPropria_1.raw	ftp://ftp.pride.ebi.ac.uk/pride/data/archive/2024/12/PXD057118/ColorectalCancer_Macrophages.zip	NT=label free sample;AC=MS:1002038	not available	1	NT=Orbitrap Astral;AC=MS:1003378	NT=Data-independent acquisition;AC=PRIDE:0000450	NT=Trypsin;AC=MS:1001251	NT=Lys-C;AC=MS:1001309	not available	not available	NT=beam-type collision-induced dissociation;AC=MS:1000422	25 NCE	380m/z-980m/z	380	980	8	not available	not available	NT=Oxidation;AC=UNIMOD:35;MT=variable;TA=M;PP=Anywhere	NT=Acetyl;AC=UNIMOD:1;MT=variable;PP=Protein N-term	v3.0.0	ms-proteomics v1.1.0	human v1.1.0	dia-acquisition v1.1.0	macrophage	lamina propria
Macrophages_LaminaPropria_2	Homo sapiens	colorectum	macrophage	colorectal cancer	tissue	study sample	not available	not available	not available	not available	not available	not available	not available	lamina propria	spatial macrophage profiling	formalin-fixed paraffin-embedded	Macrophages_LaminaPropria_2	proteomic profiling by mass spectrometry	Macrophages_LaminaPropria_2.raw	ftp://ftp.pride.ebi.ac.uk/pride/data/archive/2024/12/PXD057118/ColorectalCancer_Macrophages.zip	NT=label free sample;AC=MS:1002038	not available	1	NT=Orbitrap Astral;AC=MS:1003378	NT=Data-independent acquisition;AC=PRIDE:0000450	NT=Trypsin;AC=MS:1001251	NT=Lys-C;AC=MS:1001309	not available	not available	NT=beam-type collision-induced dissociation;AC=MS:1000422	25 NCE	380m/z-980m/z	380	980	8	not available	not available	NT=Oxidation;AC=UNIMOD:35;MT=variable;TA=M;PP=Anywhere	NT=Acetyl;AC=UNIMOD:1;MT=variable;PP=Protein N-term	v3.0.0	ms-proteomics v1.1.0	human v1.1.0	dia-acquisition v1.1.0	macrophage	lamina propria
Macrophages_LaminaPropria_3	Homo sapiens	colorectum	macrophage	colorectal cancer	tissue	study sample	not available	not available	not available	not available	not available	not available	not available	lamina propria	spatial macrophage profiling	formalin-fixed paraffin-embedded	Macrophages_LaminaPropria_3	proteomic profiling by mass spectrometry	Macrophages_LaminaPropria_3.raw	ftp://ftp.pride.ebi.ac.uk/pride/data/archive/2024/12/PXD057118/ColorectalCancer_Macrophages.zip	NT=label free sample;AC=MS:1002038	not available	1	NT=Orbitrap Astral;AC=MS:1003378	NT=Data-independent acquisition;AC=PRIDE:0000450	NT=Trypsin;AC=MS:1001251	NT=Lys-C;AC=MS:1001309	not available	not available	NT=beam-type collision-induced dissociation;AC=MS:1000422	25 NCE	380m/z-980m/z	380	980	8	not available	not available	NT=Oxidation;AC=UNIMOD:35;MT=variable;TA=M;PP=Anywhere	NT=Acetyl;AC=UNIMOD:1;MT=variable;PP=Protein N-term	v3.0.0	ms-proteomics v1.1.0	human v1.1.0	dia-acquisition v1.1.0	macrophage	lamina propria
Macrophages_TumorEpithelial_1	Homo sapiens	colorectum	macrophage	colorectal cancer	tissue	study sample	not available	not available	not available	not available	not available	not available	not available	tumor epithelium	spatial macrophage profiling	formalin-fixed paraffin-embedded	Macrophages_TumorEpithelial_1	proteomic profiling by mass spectrometry	Macrophages_TumorEpithelial_1.raw	ftp://ftp.pride.ebi.ac.uk/pride/data/archive/2024/12/PXD057118/ColorectalCancer_Macrophages.zip	NT=label free sample;AC=MS:1002038	not available	1	NT=Orbitrap Astral;AC=MS:1003378	NT=Data-independent acquisition;AC=PRIDE:0000450	NT=Trypsin;AC=MS:1001251	NT=Lys-C;AC=MS:1001309	not available	not available	NT=beam-type collision-induced dissociation;AC=MS:1000422	25 NCE	380m/z-980m/z	380	980	8	not available	not available	NT=Oxidation;AC=UNIMOD:35;MT=variable;TA=M;PP=Anywhere	NT=Acetyl;AC=UNIMOD:1;MT=variable;PP=Protein N-term	v3.0.0	ms-proteomics v1.1.0	human v1.1.0	dia-acquisition v1.1.0	macrophage	tumor epithelium
Macrophages_TumorEpithelial_2	Homo sapiens	colorectum	macrophage	colorectal cancer	tissue	study sample	not available	not available	not available	not available	not available	not available	not available	tumor epithelium	spatial macrophage profiling	formalin-fixed paraffin-embedded	Macrophages_TumorEpithelial_2	proteomic profiling by mass spectrometry	Macrophages_TumorEpithelial_2.raw	ftp://ftp.pride.ebi.ac.uk/pride/data/archive/2024/12/PXD057118/ColorectalCancer_Macrophages.zip	NT=label free sample;AC=MS:1002038	not available	1	NT=Orbitrap Astral;AC=MS:1003378	NT=Data-independent acquisition;AC=PRIDE:0000450	NT=Trypsin;AC=MS:1001251	NT=Lys-C;AC=MS:1001309	not available	not available	NT=beam-type collision-induced dissociation;AC=MS:1000422	25 NCE	380m/z-980m/z	380	980	8	not available	not available	NT=Oxidation;AC=UNIMOD:35;MT=variable;TA=M;PP=Anywhere	NT=Acetyl;AC=UNIMOD:1;MT=variable;PP=Protein N-term	v3.0.0	ms-proteomics v1.1.0	human v1.1.0	dia-acquisition v1.1.0	macrophage	tumor epithelium
Macrophages_TumorEpithelial_3	Homo sapiens	colorectum	macrophage	colorectal cancer	tissue	study sample	not available	not available	not available	not available	not available	not available	not available	tumor epithelium	spatial macrophage profiling	formalin-fixed paraffin-embedded	Macrophages_TumorEpithelial_3	proteomic profiling by mass spectrometry	Macrophages_TumorEpithelial_3.raw	ftp://ftp.pride.ebi.ac.uk/pride/data/archive/2024/12/PXD057118/ColorectalCancer_Macrophages.zip	NT=label free sample;AC=MS:1002038	not available	1	NT=Orbitrap Astral;AC=MS:1003378	NT=Data-independent acquisition;AC=PRIDE:0000450	NT=Trypsin;AC=MS:1001251	NT=Lys-C;AC=MS:1001309	not available	not available	NT=beam-type collision-induced dissociation;AC=MS:1000422	25 NCE	380m/z-980m/z	380	980	8	not available	not available	NT=Oxidation;AC=UNIMOD:35;MT=variable;TA=M;PP=Anywhere	NT=Acetyl;AC=UNIMOD:1;MT=variable;PP=Protein N-term	v3.0.0	ms-proteomics v1.1.0	human v1.1.0	dia-acquisition v1.1.0	macrophage	tumor epithelium
20230821_AST4_EVO9_XZ_40SPD_LaminaProprial_StromaCells_1	Homo sapiens	colorectum	stromal cell	colorectal cancer	tissue	study sample	not available	not available	not available	not available	not available	not available	not available	lamina propria	mass spectrometer comparison	formalin-fixed paraffin-embedded	20230821_AST4_EVO9_XZ_40SPD_LaminaProprial_StromaCells_1	proteomic profiling by mass spectrometry	20230821_AST4_EVO9_XZ_40SPD_LaminaProprial_StromaCells_1.raw	ftp://ftp.pride.ebi.ac.uk/pride/data/archive/2024/12/PXD057118/Astral.zip	NT=label free sample;AC=MS:1002038	not available	1	NT=Orbitrap Astral;AC=MS:1003378	NT=Data-independent acquisition;AC=PRIDE:0000450	NT=Trypsin;AC=MS:1001251	NT=Lys-C;AC=MS:1001309	not available	not available	NT=beam-type collision-induced dissociation;AC=MS:1000422	25 NCE	380m/z-980m/z	380	980	8	not available	not available	NT=Oxidation;AC=UNIMOD:35;MT=variable;TA=M;PP=Anywhere	NT=Acetyl;AC=UNIMOD:1;MT=variable;PP=Protein N-term	v3.0.0	ms-proteomics v1.1.0	human v1.1.0	dia-acquisition v1.1.0	stromal cell	lamina propria
20230821_AST4_EVO9_XZ_40SPD_LaminaProprial_StromaCells_2	Homo sapiens	colorectum	stromal cell	colorectal cancer	tissue	study sample	not available	not available	not available	not available	not available	not available	not available	lamina propria	mass spectrometer comparison	formalin-fixed paraffin-embedded	20230821_AST4_EVO9_XZ_40SPD_LaminaProprial_StromaCells_2	proteomic profiling by mass spectrometry	20230821_AST4_EVO9_XZ_40SPD_LaminaProprial_StromaCells_2.raw	ftp://ftp.pride.ebi.ac.uk/pride/data/archive/2024/12/PXD057118/Astral.zip	NT=label free sample;AC=MS:1002038	not available	1	NT=Orbitrap Astral;AC=MS:1003378	NT=Data-independent acquisition;AC=PRIDE:0000450	NT=Trypsin;AC=MS:1001251	NT=Lys-C;AC=MS:1001309	not available	not available	NT=beam-type collision-induced dissociation;AC=MS:1000422	25 NCE	380m/z-980m/z	380	980	8	not available	not available	NT=Oxidation;AC=UNIMOD:35;MT=variable;TA=M;PP=Anywhere	NT=Acetyl;AC=UNIMOD:1;MT=variable;PP=Protein N-term	v3.0.0	ms-proteomics v1.1.0	human v1.1.0	dia-acquisition v1.1.0	stromal cell	lamina propria
20230821_AST4_EVO9_XZ_40SPD_LaminaProprial_StromaCells_3	Homo sapiens	colorectum	stromal cell	colorectal cancer	tissue	study sample	not available	not available	not available	not available	not available	not available	not available	lamina propria	mass spectrometer comparison	formalin-fixed paraffin-embedded	20230821_AST4_EVO9_XZ_40SPD_LaminaProprial_StromaCells_3	proteomic profiling by mass spectrometry	20230821_AST4_EVO9_XZ_40SPD_LaminaProprial_StromaCells_3.raw	ftp://ftp.pride.ebi.ac.uk/pride/data/archive/2024/12/PXD057118/Astral.zip	NT=label free sample;AC=MS:1002038	not available	1	NT=Orbitrap Astral;AC=MS:1003378	NT=Data-independent acquisition;AC=PRIDE:0000450	NT=Trypsin;AC=MS:1001251	NT=Lys-C;AC=MS:1001309	not available	not available	NT=beam-type collision-induced dissociation;AC=MS:1000422	25 NCE	380m/z-980m/z	380	980	8	not available	not available	NT=Oxidation;AC=UNIMOD:35;MT=variable;TA=M;PP=Anywhere	NT=Acetyl;AC=UNIMOD:1;MT=variable;PP=Protein N-term	v3.0.0	ms-proteomics v1.1.0	human v1.1.0	dia-acquisition v1.1.0	stromal cell	lamina propria
20230821_AST4_EVO9_XZ_40SPD_LaminaProprial_StromaCells_4	Homo sapiens	colorectum	stromal cell	colorectal cancer	tissue	study sample	not available	not available	not available	not available	not available	not available	not available	lamina propria	mass spectrometer comparison	formalin-fixed paraffin-embedded	20230821_AST4_EVO9_XZ_40SPD_LaminaProprial_StromaCells_4	proteomic profiling by mass spectrometry	20230821_AST4_EVO9_XZ_40SPD_LaminaProprial_StromaCells_4.raw	ftp://ftp.pride.ebi.ac.uk/pride/data/archive/2024/12/PXD057118/Astral.zip	NT=label free sample;AC=MS:1002038	not available	1	NT=Orbitrap Astral;AC=MS:1003378	NT=Data-independent acquisition;AC=PRIDE:0000450	NT=Trypsin;AC=MS:1001251	NT=Lys-C;AC=MS:1001309	not available	not available	NT=beam-type collision-induced dissociation;AC=MS:1000422	25 NCE	380m/z-980m/z	380	980	8	not available	not available	NT=Oxidation;AC=UNIMOD:35;MT=variable;TA=M;PP=Anywhere	NT=Acetyl;AC=UNIMOD:1;MT=variable;PP=Protein N-term	v3.0.0	ms-proteomics v1.1.0	human v1.1.0	dia-acquisition v1.1.0	stromal cell	lamina propria
20230821_AST4_EVO9_XZ_40SPD_LaminaProprial_StromaCells_5	Homo sapiens	colorectum	stromal cell	colorectal cancer	tissue	study sample	not available	not available	not available	not available	not available	not available	not available	lamina propria	mass spectrometer comparison	formalin-fixed paraffin-embedded	20230821_AST4_EVO9_XZ_40SPD_LaminaProprial_StromaCells_5	proteomic profiling by mass spectrometry	20230821_AST4_EVO9_XZ_40SPD_LaminaProprial_StromaCells_5.raw	ftp://ftp.pride.ebi.ac.uk/pride/data/archive/2024/12/PXD057118/Astral.zip	NT=label free sample;AC=MS:1002038	not available	1	NT=Orbitrap Astral;AC=MS:1003378	NT=Data-independent acquisition;AC=PRIDE:0000450	NT=Trypsin;AC=MS:1001251	NT=Lys-C;AC=MS:1001309	not available	not available	NT=beam-type collision-induced dissociation;AC=MS:1000422	25 NCE	380m/z-980m/z	380	980	8	not available	not available	NT=Oxidation;AC=UNIMOD:35;MT=variable;TA=M;PP=Anywhere	NT=Acetyl;AC=UNIMOD:1;MT=variable;PP=Protein N-term	v3.0.0	ms-proteomics v1.1.0	human v1.1.0	dia-acquisition v1.1.0	stromal cell	lamina propria
20230821_AST4_EVO9_XZ_40SPD_TumorCells_1	Homo sapiens	colorectum	neoplastic cell	colorectal cancer	tissue	study sample	not available	not available	not available	not available	not available	not available	not available	not available	mass spectrometer comparison	formalin-fixed paraffin-embedded	20230821_AST4_EVO9_XZ_40SPD_TumorCells_1	proteomic profiling by mass spectrometry	20230821_AST4_EVO9_XZ_40SPD_TumorCells_1.raw	ftp://ftp.pride.ebi.ac.uk/pride/data/archive/2024/12/PXD057118/Astral.zip	NT=label free sample;AC=MS:1002038	not available	1	NT=Orbitrap Astral;AC=MS:1003378	NT=Data-independent acquisition;AC=PRIDE:0000450	NT=Trypsin;AC=MS:1001251	NT=Lys-C;AC=MS:1001309	not available	not available	NT=beam-type collision-induced dissociation;AC=MS:1000422	25 NCE	380m/z-980m/z	380	980	8	not available	not available	NT=Oxidation;AC=UNIMOD:35;MT=variable;TA=M;PP=Anywhere	NT=Acetyl;AC=UNIMOD:1;MT=variable;PP=Protein N-term	v3.0.0	ms-proteomics v1.1.0	human v1.1.0	dia-acquisition v1.1.0	neoplastic cell	not available
20230821_AST4_EVO9_XZ_40SPD_TumorCells_2	Homo sapiens	colorectum	neoplastic cell	colorectal cancer	tissue	study sample	not available	not available	not available	not available	not available	not available	not available	not available	mass spectrometer comparison	formalin-fixed paraffin-embedded	20230821_AST4_EVO9_XZ_40SPD_TumorCells_2	proteomic profiling by mass spectrometry	20230821_AST4_EVO9_XZ_40SPD_TumorCells_2.raw	ftp://ftp.pride.ebi.ac.uk/pride/data/archive/2024/12/PXD057118/Astral.zip	NT=label free sample;AC=MS:1002038	not available	1	NT=Orbitrap Astral;AC=MS:1003378	NT=Data-independent acquisition;AC=PRIDE:0000450	NT=Trypsin;AC=MS:1001251	NT=Lys-C;AC=MS:1001309	not available	not available	NT=beam-type collision-induced dissociation;AC=MS:1000422	25 NCE	380m/z-980m/z	380	980	8	not available	not available	NT=Oxidation;AC=UNIMOD:35;MT=variable;TA=M;PP=Anywhere	NT=Acetyl;AC=UNIMOD:1;MT=variable;PP=Protein N-term	v3.0.0	ms-proteomics v1.1.0	human v1.1.0	dia-acquisition v1.1.0	neoplastic cell	not available
20230821_AST4_EVO9_XZ_40SPD_TumorCells_3	Homo sapiens	colorectum	neoplastic cell	colorectal cancer	tissue	study sample	not available	not available	not available	not available	not available	not available	not available	not available	mass spectrometer comparison	formalin-fixed paraffin-embedded	20230821_AST4_EVO9_XZ_40SPD_TumorCells_3	proteomic profiling by mass spectrometry	20230821_AST4_EVO9_XZ_40SPD_TumorCells_3.raw	ftp://ftp.pride.ebi.ac.uk/pride/data/archive/2024/12/PXD057118/Astral.zip	NT=label free sample;AC=MS:1002038	not available	1	NT=Orbitrap Astral;AC=MS:1003378	NT=Data-independent acquisition;AC=PRIDE:0000450	NT=Trypsin;AC=MS:1001251	NT=Lys-C;AC=MS:1001309	not available	not available	NT=beam-type collision-induced dissociation;AC=MS:1000422	25 NCE	380m/z-980m/z	380	980	8	not available	not available	NT=Oxidation;AC=UNIMOD:35;MT=variable;TA=M;PP=Anywhere	NT=Acetyl;AC=UNIMOD:1;MT=variable;PP=Protein N-term	v3.0.0	ms-proteomics v1.1.0	human v1.1.0	dia-acquisition v1.1.0	neoplastic cell	not available
20230821_AST4_EVO9_XZ_40SPD_TumorCells_4	Homo sapiens	colorectum	neoplastic cell	colorectal cancer	tissue	study sample	not available	not available	not available	not available	not available	not available	not available	not available	mass spectrometer comparison	formalin-fixed paraffin-embedded	20230821_AST4_EVO9_XZ_40SPD_TumorCells_4	proteomic profiling by mass spectrometry	20230821_AST4_EVO9_XZ_40SPD_TumorCells_4.raw	ftp://ftp.pride.ebi.ac.uk/pride/data/archive/2024/12/PXD057118/Astral.zip	NT=label free sample;AC=MS:1002038	not available	1	NT=Orbitrap Astral;AC=MS:1003378	NT=Data-independent acquisition;AC=PRIDE:0000450	NT=Trypsin;AC=MS:1001251	NT=Lys-C;AC=MS:1001309	not available	not available	NT=beam-type collision-induced dissociation;AC=MS:1000422	25 NCE	380m/z-980m/z	380	980	8	not available	not available	NT=Oxidation;AC=UNIMOD:35;MT=variable;TA=M;PP=Anywhere	NT=Acetyl;AC=UNIMOD:1;MT=variable;PP=Protein N-term	v3.0.0	ms-proteomics v1.1.0	human v1.1.0	dia-acquisition v1.1.0	neoplastic cell	not available
20230821_AST4_EVO9_XZ_40SPD_TumorCells_5	Homo sapiens	colorectum	neoplastic cell	colorectal cancer	tissue	study sample	not available	not available	not available	not available	not available	not available	not available	not available	mass spectrometer comparison	formalin-fixed paraffin-embedded	20230821_AST4_EVO9_XZ_40SPD_TumorCells_5	proteomic profiling by mass spectrometry	20230821_AST4_EVO9_XZ_40SPD_TumorCells_5.raw	ftp://ftp.pride.ebi.ac.uk/pride/data/archive/2024/12/PXD057118/Astral.zip	NT=label free sample;AC=MS:1002038	not available	1	NT=Orbitrap Astral;AC=MS:1003378	NT=Data-independent acquisition;AC=PRIDE:0000450	NT=Trypsin;AC=MS:1001251	NT=Lys-C;AC=MS:1001309	not available	not available	NT=beam-type collision-induced dissociation;AC=MS:1000422	25 NCE	380m/z-980m/z	380	980	8	not available	not available	NT=Oxidation;AC=UNIMOD:35;MT=variable;TA=M;PP=Anywhere	NT=Acetyl;AC=UNIMOD:1;MT=variable;PP=Protein N-term	v3.0.0	ms-proteomics v1.1.0	human v1.1.0	dia-acquisition v1.1.0	neoplastic cell	not available
20230821_AST4_EVO9_XZ_40SPD_TumorEpithelial_StromaCells_1	Homo sapiens	colorectum	stromal cell	colorectal cancer	tissue	study sample	not available	not available	not available	not available	not available	not available	not available	tumor epithelium	mass spectrometer comparison	formalin-fixed paraffin-embedded	20230821_AST4_EVO9_XZ_40SPD_TumorEpithelial_StromaCells_1	proteomic profiling by mass spectrometry	20230821_AST4_EVO9_XZ_40SPD_TumorEpithelial_StromaCells_1.raw	ftp://ftp.pride.ebi.ac.uk/pride/data/archive/2024/12/PXD057118/Astral.zip	NT=label free sample;AC=MS:1002038	not available	1	NT=Orbitrap Astral;AC=MS:1003378	NT=Data-independent acquisition;AC=PRIDE:0000450	NT=Trypsin;AC=MS:1001251	NT=Lys-C;AC=MS:1001309	not available	not available	NT=beam-type collision-induced dissociation;AC=MS:1000422	25 NCE	380m/z-980m/z	380	980	8	not available	not available	NT=Oxidation;AC=UNIMOD:35;MT=variable;TA=M;PP=Anywhere	NT=Acetyl;AC=UNIMOD:1;MT=variable;PP=Protein N-term	v3.0.0	ms-proteomics v1.1.0	human v1.1.0	dia-acquisition v1.1.0	stromal cell	tumor epithelium
20230821_AST4_EVO9_XZ_40SPD_TumorEpithelial_StromaCells_2	Homo sapiens	colorectum	stromal cell	colorectal cancer	tissue	study sample	not available	not available	not available	not available	not available	not available	not available	tumor epithelium	mass spectrometer comparison	formalin-fixed paraffin-embedded	20230821_AST4_EVO9_XZ_40SPD_TumorEpithelial_StromaCells_2	proteomic profiling by mass spectrometry	20230821_AST4_EVO9_XZ_40SPD_TumorEpithelial_StromaCells_2.raw	ftp://ftp.pride.ebi.ac.uk/pride/data/archive/2024/12/PXD057118/Astral.zip	NT=label free sample;AC=MS:1002038	not available	1	NT=Orbitrap Astral;AC=MS:1003378	NT=Data-independent acquisition;AC=PRIDE:0000450	NT=Trypsin;AC=MS:1001251	NT=Lys-C;AC=MS:1001309	not available	not available	NT=beam-type collision-induced dissociation;AC=MS:1000422	25 NCE	380m/z-980m/z	380	980	8	not available	not available	NT=Oxidation;AC=UNIMOD:35;MT=variable;TA=M;PP=Anywhere	NT=Acetyl;AC=UNIMOD:1;MT=variable;PP=Protein N-term	v3.0.0	ms-proteomics v1.1.0	human v1.1.0	dia-acquisition v1.1.0	stromal cell	tumor epithelium
20230821_AST4_EVO9_XZ_40SPD_TumorEpithelial_StromaCells_3	Homo sapiens	colorectum	stromal cell	colorectal cancer	tissue	study sample	not available	not available	not available	not available	not available	not available	not available	tumor epithelium	mass spectrometer comparison	formalin-fixed paraffin-embedded	20230821_AST4_EVO9_XZ_40SPD_TumorEpithelial_StromaCells_3	proteomic profiling by mass spectrometry	20230821_AST4_EVO9_XZ_40SPD_TumorEpithelial_StromaCells_3.raw	ftp://ftp.pride.ebi.ac.uk/pride/data/archive/2024/12/PXD057118/Astral.zip	NT=label free sample;AC=MS:1002038	not available	1	NT=Orbitrap Astral;AC=MS:1003378	NT=Data-independent acquisition;AC=PRIDE:0000450	NT=Trypsin;AC=MS:1001251	NT=Lys-C;AC=MS:1001309	not available	not available	NT=beam-type collision-induced dissociation;AC=MS:1000422	25 NCE	380m/z-980m/z	380	980	8	not available	not available	NT=Oxidation;AC=UNIMOD:35;MT=variable;TA=M;PP=Anywhere	NT=Acetyl;AC=UNIMOD:1;MT=variable;PP=Protein N-term	v3.0.0	ms-proteomics v1.1.0	human v1.1.0	dia-acquisition v1.1.0	stromal cell	tumor epithelium
20230821_AST4_EVO9_XZ_40SPD_TumorEpithelial_StromaCells_4	Homo sapiens	colorectum	stromal cell	colorectal cancer	tissue	study sample	not available	not available	not available	not available	not available	not available	not available	tumor epithelium	mass spectrometer comparison	formalin-fixed paraffin-embedded	20230821_AST4_EVO9_XZ_40SPD_TumorEpithelial_StromaCells_4	proteomic profiling by mass spectrometry	20230821_AST4_EVO9_XZ_40SPD_TumorEpithelial_StromaCells_4.raw	ftp://ftp.pride.ebi.ac.uk/pride/data/archive/2024/12/PXD057118/Astral.zip	NT=label free sample;AC=MS:1002038	not available	1	NT=Orbitrap Astral;AC=MS:1003378	NT=Data-independent acquisition;AC=PRIDE:0000450	NT=Trypsin;AC=MS:1001251	NT=Lys-C;AC=MS:1001309	not available	not available	NT=beam-type collision-induced dissociation;AC=MS:1000422	25 NCE	380m/z-980m/z	380	980	8	not available	not available	NT=Oxidation;AC=UNIMOD:35;MT=variable;TA=M;PP=Anywhere	NT=Acetyl;AC=UNIMOD:1;MT=variable;PP=Protein N-term	v3.0.0	ms-proteomics v1.1.0	human v1.1.0	dia-acquisition v1.1.0	stromal cell	tumor epithelium
20230821_AST4_EVO9_XZ_40SPD_TumorEpithelial_StromaCells_5	Homo sapiens	colorectum	stromal cell	colorectal cancer	tissue	study sample	not available	not available	not available	not available	not available	not available	not available	tumor epithelium	mass spectrometer comparison	formalin-fixed paraffin-embedded	20230821_AST4_EVO9_XZ_40SPD_TumorEpithelial_StromaCells_5	proteomic profiling by mass spectrometry	20230821_AST4_EVO9_XZ_40SPD_TumorEpithelial_StromaCells_5.raw	ftp://ftp.pride.ebi.ac.uk/pride/data/archive/2024/12/PXD057118/Astral.zip	NT=label free sample;AC=MS:1002038	not available	1	NT=Orbitrap Astral;AC=MS:1003378	NT=Data-independent acquisition;AC=PRIDE:0000450	NT=Trypsin;AC=MS:1001251	NT=Lys-C;AC=MS:1001309	not available	not available	NT=beam-type collision-induced dissociation;AC=MS:1000422	25 NCE	380m/z-980m/z	380	980	8	not available	not available	NT=Oxidation;AC=UNIMOD:35;MT=variable;TA=M;PP=Anywhere	NT=Acetyl;AC=UNIMOD:1;MT=variable;PP=Protein N-term	v3.0.0	ms-proteomics v1.1.0	human v1.1.0	dia-acquisition v1.1.0	stromal cell	tumor epithelium
