id	label	reason	evidence	queue	priority_score	organism	n_files_total	n_raw	raw_extensions	acquisition_mode	quant_mode	instruments	has_pride_metadata_file	has_deposited_sdrf	metadata_filenames	design_complexity	estimated_sdrf_rows	templates	publication	already_annotated	notes	source
PXD076440	include	Submitter deposited an SDRF in PRIDE; import, validate, and improve	PRIDE https://www.ebi.ac.uk/pride/ws/archive/v3/projects/PXD076440; files/all n=19	Q0	10	Danio rerio (zebrafish) (brachydanio rerio)	19	1	d.zip	DIA	LFQ	timsTOF Pro 2	yes	yes	SDRF.sdrf.tsv	simple	1	ms-proteomics;vertebrates;dia-acquisition	none_in_pride	no	deposited: SDRF.sdrf.tsv	prior
PXD039882	include	Submitter deposited an SDRF in PRIDE; import, validate, and improve	PRIDE https://www.ebi.ac.uk/pride/ws/archive/v3/projects/PXD039882; files/all n=7	Q0	10	Diplonema papillatum	7	1	raw	DDA	LFQ	Orbitrap Fusion	yes	yes	WT-SDRF.tsv	simple	1	ms-proteomics	none_in_pride	no	deposited: WT-SDRF.tsv	new
PXD026121	include	Submitter deposited an SDRF in PRIDE; import, validate, and improve	PRIDE https://www.ebi.ac.uk/pride/ws/archive/v3/projects/PXD026121; files/all n=7	Q0	8	Equus caballus (horse)	7	1	raw	unknown	TMT/iTRAQ/SILAC	Q Exactive HF	yes	yes	RER-Standardbred-SDRF.tsv	simple	1	ms-proteomics	none_in_pride	no	deposited: RER-Standardbred-SDRF.tsv	new
PXD027141	include	Submitter deposited an SDRF in PRIDE; import, validate, and improve	PRIDE https://www.ebi.ac.uk/pride/ws/archive/v3/projects/PXD027141; files/all n=57	Q0	8	Labeo rohita (indian major carp)	57	1	raw	DDA	unknown	Orbitrap Fusion	yes	yes	SDRF_rohu.txt	simple	1	ms-proteomics	none_in_pride	no	deposited: SDRF_rohu.txt	new
PXD036939	include	Submitter deposited an SDRF in PRIDE; import, validate, and improve	PRIDE https://www.ebi.ac.uk/pride/ws/archive/v3/projects/PXD036939; files/all n=4	Q0	8	Severe acute respiratory syndrome coronavirus 2;Homo sapiens (human)	4	1	raw	DDA	unknown	Orbitrap Fusion Lumos	yes	yes	sdrf-EpiScan.tsv	simple	1	ms-proteomics	none_in_pride	no	deposited: sdrf-EpiScan.tsv	new
PXD038744	include	Submitter deposited an SDRF in PRIDE; import, validate, and improve	PRIDE https://www.ebi.ac.uk/pride/ws/archive/v3/projects/PXD038744; files/all n=5	Q0	8	Archaea	5	1	raw	DDA	TMT/iTRAQ/SILAC	Orbitrap Fusion Lumos	yes	yes	sdrfile.docx	simple	1	ms-proteomics	none_in_pride	no	deposited: sdrfile.docx	new
PXD050812	include	Submitter deposited an SDRF in PRIDE; import, validate, and improve	PRIDE https://www.ebi.ac.uk/pride/ws/archive/v3/projects/PXD050812; files/all n=9	Q0	8	Lepeophtheirus salmonis salmonis	9	1	raw	unknown	unknown	Orbitrap Eclipse	yes	yes	Cem100.sdrf	simple	1	ms-proteomics	none_in_pride	no	deposited: Cem100.sdrf	new
PXD054332	include	Submitter deposited an SDRF in PRIDE; import, validate, and improve	PRIDE https://www.ebi.ac.uk/pride/ws/archive/v3/projects/PXD054332; files/all n=5	Q0	8	Homo sapiens (human)	5	1	raw	DDA	unknown	LTQ Orbitrap Elite	yes	yes	CETUXIMABACETYL00001.sdrf.tsv	simple	1	ms-proteomics;human	none_in_pride	no	deposited: CETUXIMABACETYL00001.sdrf.tsv	new
PXD069946	include	Submitter deposited an SDRF in PRIDE; import, validate, and improve	PRIDE https://www.ebi.ac.uk/pride/ws/archive/v3/projects/PXD069946; files/all n=6	Q0	10	Nicotiana tabacum (common tobacco)	6	2	raw	DIA	LFQ	Orbitrap Exploris 480	yes	yes	sdrf-plants_BP.tsv	simple	2	ms-proteomics;dia-acquisition	none_in_pride	no	deposited: sdrf-plants_BP.tsv	prior
PXD049224	include	Submitter deposited an SDRF in PRIDE; import, validate, and improve	PRIDE https://www.ebi.ac.uk/pride/ws/archive/v3/projects/PXD049224; files/all n=7	Q0	10	Mus musculus (mouse)	7	2	raw	DDA	LFQ	Orbitrap Fusion	yes	yes	sdrf.tsv	simple	2	ms-proteomics;vertebrates	none_in_pride	no	deposited: sdrf.tsv	new
PXD018682	include	Submitter deposited an SDRF in PRIDE; import, validate, and improve	PRIDE https://www.ebi.ac.uk/pride/ws/archive/v3/projects/PXD018682; files/all n=12	Q0	8	Homo sapiens (human)	12	2	raw	DDA	unknown	Orbitrap Fusion	yes	yes	sdrf.tsv	simple	2	ms-proteomics;human	none_in_pride	no	deposited: sdrf.tsv	new
PXD022998	include	Submitter deposited an SDRF in PRIDE; import, validate, and improve	PRIDE https://www.ebi.ac.uk/pride/ws/archive/v3/projects/PXD022998; files/all n=8	Q0	8	Homo sapiens (human)	8	2	raw	unknown	unknown	Q Exactive HF	yes	yes	SDRF_D133B.tsv	simple	2	ms-proteomics;human;cell-lines	none_in_pride	no	deposited: SDRF_D133B.tsv	new
PXD031867	include	Submitter deposited an SDRF in PRIDE; import, validate, and improve	PRIDE https://www.ebi.ac.uk/pride/ws/archive/v3/projects/PXD031867; files/all n=5	Q0	8	Streptococcus thermophilus	5	2	raw	DDA	unknown	Orbitrap Fusion	yes	yes	SDRF_sample4.txt	simple	2	ms-proteomics	none_in_pride	no	deposited: SDRF_sample4.txt	new
PXD046319	include	Submitter deposited an SDRF in PRIDE; import, validate, and improve	PRIDE https://www.ebi.ac.uk/pride/ws/archive/v3/projects/PXD046319; files/all n=6	Q0	8	Homo sapiens (human)	6	2	raw	unknown	unknown	LTQ Orbitrap	yes	yes	sdrf.tsv	simple	2	ms-proteomics;human	none_in_pride	no	deposited: sdrf.tsv	new
PXD054186	include	Submitter deposited an SDRF in PRIDE; import, validate, and improve	PRIDE https://www.ebi.ac.uk/pride/ws/archive/v3/projects/PXD054186; files/all n=7	Q0	8	Homo sapiens (human)	7	2	raw	DDA	unknown	LTQ Orbitrap Elite	yes	yes	CETUXIMABPTPHS00001.sdrf.tsv	simple	2	ms-proteomics;human	none_in_pride	no	deposited: CETUXIMABPTPHS00001.sdrf.tsv	new
PXD062518	include	Submitter deposited an SDRF in PRIDE; import, validate, and improve	PRIDE https://www.ebi.ac.uk/pride/ws/archive/v3/projects/PXD062518; files/all n=5	Q0	8	Homo sapiens (human)	5	2	raw	unknown	unknown	LTQ Orbitrap Elite	yes	yes	SDRF.xlsx	simple	2	ms-proteomics;human	none_in_pride	no	deposited: SDRF.xlsx	new
PXD048381	include	Submitter deposited an SDRF in PRIDE; import, validate, and improve	PRIDE https://www.ebi.ac.uk/pride/ws/archive/v3/projects/PXD048381; files/all n=13	Q0	10	Bos taurus (bovine)	13	3	raw	DDA	LFQ	Q Exactive HF-X	yes	yes	SDRF.csv	simple	3	ms-proteomics;vertebrates	none_in_pride	no	deposited: SDRF.csv	new
PXD032788	include	Submitter deposited an SDRF in PRIDE; import, validate, and improve	PRIDE https://www.ebi.ac.uk/pride/ws/archive/v3/projects/PXD032788; files/all n=7	Q0	8	Mus musculus (mouse)	7	3	raw	DDA	TMT/iTRAQ/SILAC	Q Exactive	yes	yes	SDRF_Optogenetics_Data.txt	simple	3	ms-proteomics;vertebrates	none_in_pride	no	deposited: SDRF_Optogenetics_Data.txt	new
PXD047981	include	Submitter deposited an SDRF in PRIDE; import, validate, and improve	PRIDE https://www.ebi.ac.uk/pride/ws/archive/v3/projects/PXD047981; files/all n=8	Q0	8	Mus musculus (mouse)	8	3	raw	unknown	TMT/iTRAQ/SILAC	Orbitrap Fusion Lumos	yes	yes	sdrf-cell-line.txt	simple	3	ms-proteomics;vertebrates	none_in_pride	no	deposited: sdrf-cell-line.txt	new
PXD051408	include	Submitter deposited an SDRF in PRIDE; import, validate, and improve	PRIDE https://www.ebi.ac.uk/pride/ws/archive/v3/projects/PXD051408; files/all n=21	Q0	8	Eubalaena glacialis	21	3	raw	DDA	unknown	Orbitrap Exploris 480	yes	yes	SDRF.tsv	simple	3	ms-proteomics	none_in_pride	no	deposited: SDRF.tsv	new
PXD052839	include	Submitter deposited an SDRF in PRIDE; import, validate, and improve	PRIDE https://www.ebi.ac.uk/pride/ws/archive/v3/projects/PXD052839; files/all n=19	Q0	8	Mus musculus (mouse)	19	3	raw	unknown	unknown	LTQ Orbitrap Velos	yes	yes	SDRF.txt	simple	3	ms-proteomics;vertebrates	none_in_pride	no	deposited: SDRF.txt	new
PXD060466	include	Submitter deposited an SDRF in PRIDE; import, validate, and improve	PRIDE https://www.ebi.ac.uk/pride/ws/archive/v3/projects/PXD060466; files/all n=12	Q0	8	Zobellia galactanivorans	12	3	raw	DDA	unknown	Q Exactive	yes	yes	sdrf.txt	simple	3	ms-proteomics	none_in_pride	no	deposited: sdrf.txt	new
PXD022725	include	Submitter deposited an SDRF in PRIDE; import, validate, and improve	PRIDE https://www.ebi.ac.uk/pride/ws/archive/v3/projects/PXD022725; files/all n=12	Q0	10	Toxoplasma gondii me49;Homo sapiens (human)	12	4	raw	DDA	LFQ	Q Exactive HF-X	yes	yes	SDRF_ND10.tsv	simple	4	ms-proteomics	none_in_pride	no	deposited: SDRF_ND10.tsv	new
PXD038835	include	Submitter deposited an SDRF in PRIDE; import, validate, and improve	PRIDE https://www.ebi.ac.uk/pride/ws/archive/v3/projects/PXD038835; files/all n=39	Q0	10	Fusarium oxysporum;Aspergillus transmontanensis	39	4	raw	DDA	LFQ	Q Exactive HF	yes	yes	sdrf.tsv	simple	4	ms-proteomics	none_in_pride	no	deposited: sdrf.tsv	new
PXD050008	include	Submitter deposited an SDRF in PRIDE; import, validate, and improve	PRIDE https://www.ebi.ac.uk/pride/ws/archive/v3/projects/PXD050008; files/all n=12	Q0	10	Homo sapiens (human)	12	4	wiff	DDA	LFQ	TripleTOF 5600	yes	yes	CS56_210224.sdrf.tsv	simple	4	ms-proteomics;human	none_in_pride	no	deposited: CS56_210224.sdrf.tsv	new
PXD032791	include	Submitter deposited an SDRF in PRIDE; import, validate, and improve	PRIDE https://www.ebi.ac.uk/pride/ws/archive/v3/projects/PXD032791; files/all n=24	Q0	8	Homo sapiens (human)	24	4	raw	unknown	TMT/iTRAQ/SILAC	Orbitrap Eclipse	yes	yes	SDRF_experimental_design.tsv	simple	4	ms-proteomics;human	none_in_pride	no	deposited: SDRF_experimental_design.tsv	new
PXD041354	include	Submitter deposited an SDRF in PRIDE; import, validate, and improve	PRIDE https://www.ebi.ac.uk/pride/ws/archive/v3/projects/PXD041354; files/all n=14	Q0	8	Homo sapiens (human)	14	4	raw	DDA	TMT/iTRAQ/SILAC	Orbitrap Fusion	yes	yes	SDRF.tsv	simple	4	ms-proteomics;human	none_in_pride	no	deposited: SDRF.tsv	new
PXD041707	include	Submitter deposited an SDRF in PRIDE; import, validate, and improve	PRIDE https://www.ebi.ac.uk/pride/ws/archive/v3/projects/PXD041707; files/all n=10	Q0	8	Mycobacterium tuberculosis;Homo sapiens (human)	10	4	raw	unknown	unknown	Orbitrap Fusion Lumos	yes	yes	sdrf.tsv	simple	4	ms-proteomics	none_in_pride	no	deposited: sdrf.tsv	new
PXD041955	include	Submitter deposited an SDRF in PRIDE; import, validate, and improve	PRIDE https://www.ebi.ac.uk/pride/ws/archive/v3/projects/PXD041955; files/all n=65	Q0	8	Escherichia coli	65	4	raw	DDA	unknown	Orbitrap Eclipse	yes	yes	sdrf.tsv	simple	4	ms-proteomics	none_in_pride	no	deposited: sdrf.tsv	new
PXD066865	include	Submitter deposited an SDRF in PRIDE; import, validate, and improve	PRIDE https://www.ebi.ac.uk/pride/ws/archive/v3/projects/PXD066865; files/all n=20	Q0	8	Enterocloster citroniae;Enterocloster hominis (ex hitch et al. 2024);Enterocloster asparagiformis;Bacteria	20	4	raw	unknown	unknown	Orbitrap Fusion	yes	yes	sdrf-invertebrates.sdrf.tsv	simple	4	ms-proteomics	none_in_pride	no	deposited: sdrf-invertebrates.sdrf.tsv	new
PXD032691	include	Submitter deposited an SDRF in PRIDE; import, validate, and improve	PRIDE https://www.ebi.ac.uk/pride/ws/archive/v3/projects/PXD032691; files/all n=17	Q0	10	Abortiporus biennis	17	5	raw	DDA	LFQ	Q Exactive	yes	yes	sdrf_PXD032691.tsv	simple	5	ms-proteomics	none_in_pride	no	deposited: sdrf_PXD032691.tsv	new
PXD050316	include	Submitter deposited an SDRF in PRIDE; import, validate, and improve	PRIDE https://www.ebi.ac.uk/pride/ws/archive/v3/projects/PXD050316; files/all n=14	Q0	10	Homo sapiens (human)	14	5	raw	DDA	LFQ	Orbitrap Fusion Lumos	yes	yes	SDRF.txt	simple	5	ms-proteomics;human;cell-lines	none_in_pride	no	deposited: SDRF.txt	new
PXD054113	include	Submitter deposited an SDRF in PRIDE; import, validate, and improve	PRIDE https://www.ebi.ac.uk/pride/ws/archive/v3/projects/PXD054113; files/all n=18	Q0	10	Homo sapiens (human)	18	5	raw	DDA	LFQ	LTQ Orbitrap Elite	yes	yes	CETUXIMAB00001.sdrf.tsv	simple	5	ms-proteomics;human;cell-lines	none_in_pride	no	deposited: CETUXIMAB00001.sdrf.tsv	new
PXD068623	include	Submitter deposited an SDRF in PRIDE; import, validate, and improve	PRIDE https://www.ebi.ac.uk/pride/ws/archive/v3/projects/PXD068623; files/all n=131	Q0	10	Mycobacterium tuberculosis	131	6	raw	DIA	LFQ	Orbitrap Fusion	yes	yes	sdrf.tsv	simple	6	ms-proteomics;dia-acquisition	none_in_pride	no	deposited: sdrf.tsv	prior
PXD069676	include	Submitter deposited an SDRF in PRIDE; import, validate, and improve	PRIDE https://www.ebi.ac.uk/pride/ws/archive/v3/projects/PXD069676; files/all n=15	Q0	10	Homo sapiens (human)	15	6	raw	DIA	LFQ	LTQ Orbitrap Elite;Orbitrap Astral	yes	yes	SDRFics.txt	simple	6	ms-proteomics;human;dia-acquisition	none_in_pride	no	deposited: SDRFics.txt	prior
PXD070838	include	Submitter deposited an SDRF in PRIDE; import, validate, and improve	PRIDE https://www.ebi.ac.uk/pride/ws/archive/v3/projects/PXD070838; files/all n=12	Q0	10	Klebsiella pneumoniae subsp. pneumoniae hs11286	12	6	raw	DIA	LFQ	Orbitrap Astral	yes	yes	SDRF.tsv	simple	6	ms-proteomics;dia-acquisition	none_in_pride	no	deposited: SDRF.tsv	prior
PXD073840	include	Submitter deposited an SDRF in PRIDE; import, validate, and improve	PRIDE https://www.ebi.ac.uk/pride/ws/archive/v3/projects/PXD073840; files/all n=153	Q0	10	Mycobacterium tuberculosis h37rv	153	6	raw	DIA	LFQ	Orbitrap Fusion	yes	yes	sdrf.tsv	simple	6	ms-proteomics;dia-acquisition	none_in_pride	no	deposited: sdrf.tsv	prior
PXD074721	include	Submitter deposited an SDRF in PRIDE; import, validate, and improve	PRIDE https://www.ebi.ac.uk/pride/ws/archive/v3/projects/PXD074721; files/all n=11	Q0	10	Mus musculus (mouse)	11	6	raw	DIA	LFQ	Orbitrap Fusion	yes	yes	SDRF.xlsx	simple	6	ms-proteomics;vertebrates;dia-acquisition	none_in_pride	no	deposited: SDRF.xlsx	prior
PXD035795	include	Submitter deposited an SDRF in PRIDE; import, validate, and improve	PRIDE https://www.ebi.ac.uk/pride/ws/archive/v3/projects/PXD035795; files/all n=23	Q0	10	Arabidopsis thaliana (mouse-ear cress)	23	6	raw	DDA	LFQ	Orbitrap Fusion Lumos	yes	yes	SDRF.txt	simple	6	ms-proteomics;plants	none_in_pride	no	deposited: SDRF.txt	new
PXD041036	include	Submitter deposited an SDRF in PRIDE; import, validate, and improve	PRIDE https://www.ebi.ac.uk/pride/ws/archive/v3/projects/PXD041036; files/all n=18	Q0	10	Mus musculus (mouse)	18	6	raw	DDA	LFQ	Orbitrap Fusion Lumos	yes	yes	sdrf.tsv	simple	6	ms-proteomics;vertebrates	none_in_pride	no	deposited: sdrf.tsv	new
PXD041759	include	Submitter deposited an SDRF in PRIDE; import, validate, and improve	PRIDE https://www.ebi.ac.uk/pride/ws/archive/v3/projects/PXD041759; files/all n=10	Q0	10	Vicia faba var. minor	10	6	raw	DDA	LFQ	Orbitrap Fusion Lumos	yes	yes	SDRF_Muhovski_et_al_final.docx	simple	6	ms-proteomics	none_in_pride	no	deposited: SDRF_Muhovski_et_al_final.docx	new
PXD052817	include	Submitter deposited an SDRF in PRIDE; import, validate, and improve	PRIDE https://www.ebi.ac.uk/pride/ws/archive/v3/projects/PXD052817; files/all n=23	Q0	10	Homo sapiens (human)	23	6	raw	DDA	LFQ	Orbitrap Fusion Lumos	yes	yes	SDRF.txt	simple	6	ms-proteomics;human	none_in_pride	no	deposited: SDRF.txt	new
PXD060055	include	Submitter deposited an SDRF in PRIDE; import, validate, and improve	PRIDE https://www.ebi.ac.uk/pride/ws/archive/v3/projects/PXD060055; files/all n=18	Q0	10	Nicotiana tabacum (common tobacco)	18	6	raw	DDA	LFQ	Orbitrap Exploris 480	yes	yes	sdrf-plants_BP.sdrf.tsv	simple	6	ms-proteomics	none_in_pride	no	deposited: sdrf-plants_BP.sdrf.tsv	new
PXD066589	include	Submitter deposited an SDRF in PRIDE; import, validate, and improve	PRIDE https://www.ebi.ac.uk/pride/ws/archive/v3/projects/PXD066589; files/all n=19	Q0	10	Gallus gallus (chicken)	19	6	raw	DDA	LFQ	Q Exactive	yes	yes	SDRF.tsv	simple	6	ms-proteomics;vertebrates	none_in_pride	no	deposited: SDRF.tsv	new
PXD066627	include	Submitter deposited an SDRF in PRIDE; import, validate, and improve	PRIDE https://www.ebi.ac.uk/pride/ws/archive/v3/projects/PXD066627; files/all n=11	Q0	10	Homo sapiens (human)	11	6	raw	DIA	LFQ	Orbitrap Fusion Lumos	yes	yes	sdrf-cell-line.sdrf.tsv	simple	6	ms-proteomics;human;dia-acquisition	none_in_pride	no	deposited: sdrf-cell-line.sdrf.tsv	new
PXD066779	include	Submitter deposited an SDRF in PRIDE; import, validate, and improve	PRIDE https://www.ebi.ac.uk/pride/ws/archive/v3/projects/PXD066779; files/all n=18	Q0	10	Synechocystis sp. (strain pcc 6803 / kazusa);Bacteria	18	6	raw	DIA	LFQ	Q Exactive HF	yes	yes	sdrf.csv	simple	6	ms-proteomics;dia-acquisition	none_in_pride	no	deposited: sdrf.csv	new
PXD068894	include	Submitter deposited an SDRF in PRIDE; import, validate, and improve	PRIDE https://www.ebi.ac.uk/pride/ws/archive/v3/projects/PXD068894; files/all n=96	Q0	10	Rhyparobia maderae	96	6	raw	DIA	LFQ	Q Exactive Plus	yes	yes	sdrf_complete.tsv	simple	6	ms-proteomics;dia-acquisition	none_in_pride	no	deposited: sdrf_complete.tsv	new
PXD062176	include	Submitter deposited an SDRF in PRIDE; import, validate, and improve	PRIDE https://www.ebi.ac.uk/pride/ws/archive/v3/projects/PXD062176; files/all n=14	Q0	9	Homo sapiens (human)	14	6	raw	unknown	LFQ	Orbitrap Fusion Lumos	yes	yes	sdrf.tsv	simple	6	ms-proteomics;human	none_in_pride	no	deposited: sdrf.tsv	new
PXD039580	include	Submitter deposited an SDRF in PRIDE; import, validate, and improve	PRIDE https://www.ebi.ac.uk/pride/ws/archive/v3/projects/PXD039580; files/all n=12	Q0	8	Homo sapiens (human)	12	6	raw	DIA	TMT/iTRAQ/SILAC	Q Exactive HF	yes	yes	sdrf-silac_Hela_SILAC_benchmark_DDA.txt	simple	6	ms-proteomics;human;dia-acquisition	none_in_pride	no	deposited: sdrf-silac_Hela_SILAC_benchmark_DDA.txt	new
PXD040248	include	Submitter deposited an SDRF in PRIDE; import, validate, and improve	PRIDE https://www.ebi.ac.uk/pride/ws/archive/v3/projects/PXD040248; files/all n=16	Q0	8	Aquifex aeolicus	16	6	raw	DDA	unknown	Q Exactive	yes	yes	SDRF_Lebrun_Guiral.xlsx	simple	6	ms-proteomics	none_in_pride	no	deposited: SDRF_Lebrun_Guiral.xlsx	new
PXD046605	include	Submitter deposited an SDRF in PRIDE; import, validate, and improve	PRIDE https://www.ebi.ac.uk/pride/ws/archive/v3/projects/PXD046605; files/all n=10	Q0	8	Chlamydomonas reinhardtii	10	6	raw	DDA	TMT/iTRAQ/SILAC	Orbitrap Fusion Lumos	yes	yes	sdrf.docx	simple	6	ms-proteomics	none_in_pride	no	deposited: sdrf.docx	new
PXD046638	include	Submitter deposited an SDRF in PRIDE; import, validate, and improve	PRIDE https://www.ebi.ac.uk/pride/ws/archive/v3/projects/PXD046638; files/all n=14	Q0	8	Desulfovibrio vulgaris str. hildenborough	14	6	raw	DDA	unknown	Q Exactive	yes	yes	SDRF_DesignExperiment_Lebrun.xlsx	simple	6	ms-proteomics	none_in_pride	no	deposited: SDRF_DesignExperiment_Lebrun.xlsx	new
PXD048514	include	Submitter deposited an SDRF in PRIDE; import, validate, and improve	PRIDE https://www.ebi.ac.uk/pride/ws/archive/v3/projects/PXD048514; files/all n=23	Q0	8	Enterocloster bolteae atcc baa-613;Bacteria	23	6	raw	unknown	unknown	Orbitrap Fusion	yes	yes	sdrf-eb-dsm-15670.tsv	simple	6	ms-proteomics	none_in_pride	no	deposited: sdrf-eb-dsm-15670.tsv	new
PXD051470	include	Submitter deposited an SDRF in PRIDE; import, validate, and improve	PRIDE https://www.ebi.ac.uk/pride/ws/archive/v3/projects/PXD051470; files/all n=57	Q0	8	Mus musculus (mouse)	57	6	raw	DDA	TMT/iTRAQ/SILAC	Orbitrap Fusion Lumos	yes	yes	sdrf.tsv	simple	6	ms-proteomics;vertebrates	none_in_pride	no	deposited: sdrf.tsv	new
PXD057602	include	Submitter deposited an SDRF in PRIDE; import, validate, and improve	PRIDE https://www.ebi.ac.uk/pride/ws/archive/v3/projects/PXD057602; files/all n=11	Q0	8	Sulfolobus islandicus rey15a	11	6	d.zip	DDA	unknown	timsTOF Pro	yes	yes	SDRF.txt	simple	6	ms-proteomics	none_in_pride	no	deposited: SDRF.txt	new
PXD062195	include	Submitter deposited an SDRF in PRIDE; import, validate, and improve	PRIDE https://www.ebi.ac.uk/pride/ws/archive/v3/projects/PXD062195; files/all n=14	Q0	8	Homo sapiens (human)	14	6	raw	DDA	unknown	Orbitrap Exploris 480	yes	yes	sdrf.tsv	simple	6	ms-proteomics;human	none_in_pride	no	deposited: sdrf.tsv	new
PXD063758	include	Submitter deposited an SDRF in PRIDE; import, validate, and improve	PRIDE https://www.ebi.ac.uk/pride/ws/archive/v3/projects/PXD063758; files/all n=25	Q0	8	Brucella melitensis b115	25	6	raw	DDA	unknown	Q Exactive	yes	yes	SDRF.xlsx	simple	6	ms-proteomics	none_in_pride	no	deposited: SDRF.xlsx	new
PXD069014	include	Submitter deposited an SDRF in PRIDE; import, validate, and improve	PRIDE https://www.ebi.ac.uk/pride/ws/archive/v3/projects/PXD069014; files/all n=10	Q0	8	Arabidopsis thaliana (mouse-ear cress)	10	6	raw	unknown	unknown	Q Exactive	yes	yes	SDRF.tsv	simple	6	ms-proteomics;plants	none_in_pride	no	deposited: SDRF.tsv	new
PXD069282	include	Submitter deposited an SDRF in PRIDE; import, validate, and improve	PRIDE https://www.ebi.ac.uk/pride/ws/archive/v3/projects/PXD069282; files/all n=20	Q0	8	Mus musculus (mouse)	20	6	raw	unknown	TMT/iTRAQ/SILAC	Q Exactive HF-X	yes	yes	sdrf.tsv	simple	6	ms-proteomics;vertebrates	none_in_pride	no	deposited: sdrf.tsv	new
PXD077887	include	Submitter deposited an SDRF in PRIDE; import, validate, and improve	PRIDE https://www.ebi.ac.uk/pride/ws/archive/v3/projects/PXD077887; files/all n=31	Q0	8	Homo sapiens (human)	31	6	raw	unknown	unknown	Orbitrap Eclipse	yes	yes	sdrf.tsv	simple	6	ms-proteomics;human	none_in_pride	no	deposited: sdrf.tsv	new
PXD023801	include	Submitter deposited an SDRF in PRIDE; import, validate, and improve	PRIDE https://www.ebi.ac.uk/pride/ws/archive/v3/projects/PXD023801; files/all n=60	Q0	10	Naja ashei	60	7	raw	DDA	LFQ	Q Exactive	yes	yes	sdrf.tsv	simple	7	ms-proteomics	none_in_pride	no	deposited: sdrf.tsv	new
PXD074506	include	Submitter deposited an SDRF in PRIDE; import, validate, and improve	PRIDE https://www.ebi.ac.uk/pride/ws/archive/v3/projects/PXD074506; files/all n=14	Q0	10	Sus scrofa domesticus (domestic pig)	14	8	raw	DIA	LFQ	LTQ Orbitrap Elite	yes	yes	SDRF.txt	simple	8	ms-proteomics;vertebrates;dia-acquisition	none_in_pride	no	deposited: SDRF.txt	prior
PXD037850	include	Submitter deposited an SDRF in PRIDE; import, validate, and improve	PRIDE https://www.ebi.ac.uk/pride/ws/archive/v3/projects/PXD037850; files/all n=15	Q0	10	Labeo rohita (indian major carp)	15	8	raw	DDA	LFQ	Orbitrap Fusion	yes	yes	SDRF_Ah_Gut_rohu.txt	simple	8	ms-proteomics	none_in_pride	no	deposited: SDRF_Ah_Gut_rohu.txt	new
PXD039014	include	Submitter deposited an SDRF in PRIDE; import, validate, and improve	PRIDE https://www.ebi.ac.uk/pride/ws/archive/v3/projects/PXD039014; files/all n=11	Q0	10	Mus musculus (mouse)	11	8	raw	DDA	LFQ	Q Exactive Plus	yes	yes	sdrf-vertebrates.tsv	simple	8	ms-proteomics;vertebrates	none_in_pride	no	deposited: sdrf-vertebrates.tsv	new
PXD044798	include	Submitter deposited an SDRF in PRIDE; import, validate, and improve	PRIDE https://www.ebi.ac.uk/pride/ws/archive/v3/projects/PXD044798; files/all n=14	Q0	10	Pisum sativum (garden pea)	14	8	raw	DDA	LFQ	LTQ Orbitrap Elite	yes	yes	sdrf-pea.tsv	simple	8	ms-proteomics	none_in_pride	no	deposited: sdrf-pea.tsv	new
PXD058977	include	Submitter deposited an SDRF in PRIDE; import, validate, and improve	PRIDE https://www.ebi.ac.uk/pride/ws/archive/v3/projects/PXD058977; files/all n=16	Q0	10	Abortiporus biennis	16	8	raw	DDA	LFQ	Q Exactive HF	yes	yes	sdrf.tsv;sdrf_openms_design_openms.mzTab.gz;sdrf_openms_design_msstats_in.csv.gz	simple	8	ms-proteomics	none_in_pride	no	deposited: sdrf.tsv;sdrf_openms_design_openms.mzTab.gz;sdrf_openms_design_msstats_in.csv.gz	new
PXD061467	include	Submitter deposited an SDRF in PRIDE; import, validate, and improve	PRIDE https://www.ebi.ac.uk/pride/ws/archive/v3/projects/PXD061467; files/all n=34	Q0	10	Homo sapiens (human)	34	8	raw	DDA	LFQ	Orbitrap Exploris 480	yes	yes	2025-02-28-sdrf-human.sdrf.txt	simple	8	ms-proteomics;human	none_in_pride	no	deposited: 2025-02-28-sdrf-human.sdrf.txt	new
PXD068411	include	Submitter deposited an SDRF in PRIDE; import, validate, and improve	PRIDE https://www.ebi.ac.uk/pride/ws/archive/v3/projects/PXD068411; files/all n=11	Q0	10	Mus musculus (mouse)	11	8	raw	DDA	LFQ	Orbitrap Exploris 480	yes	yes	sdrf.txt	simple	8	ms-proteomics;vertebrates;cell-lines	none_in_pride	no	deposited: sdrf.txt	new
PXD033042	include	Submitter deposited an SDRF in PRIDE; import, validate, and improve	PRIDE https://www.ebi.ac.uk/pride/ws/archive/v3/projects/PXD033042; files/all n=19	Q0	8	Trypanosoma brucei	19	8	raw	unknown	TMT/iTRAQ/SILAC	Q Exactive	yes	yes	sdrf.tsv	simple	8	ms-proteomics	none_in_pride	no	deposited: sdrf.tsv	new
PXD041747	include	Submitter deposited an SDRF in PRIDE; import, validate, and improve	PRIDE https://www.ebi.ac.uk/pride/ws/archive/v3/projects/PXD041747; files/all n=10	Q0	8	Solanum melongena	10	8	raw	DDA	TMT/iTRAQ/SILAC	Q Exactive	yes	yes	SDRF.tsv	simple	8	ms-proteomics	none_in_pride	no	deposited: SDRF.tsv	new
PXD052602	include	Submitter deposited an SDRF in PRIDE; import, validate, and improve	PRIDE https://www.ebi.ac.uk/pride/ws/archive/v3/projects/PXD052602; files/all n=13	Q0	8	Homo sapiens (human)	13	8	raw	DDA	unknown	LTQ Orbitrap Elite	yes	yes	sdrf-human.txt	simple	8	ms-proteomics;human	none_in_pride	no	deposited: sdrf-human.txt	new
PXD053438	include	Submitter deposited an SDRF in PRIDE; import, validate, and improve	PRIDE https://www.ebi.ac.uk/pride/ws/archive/v3/projects/PXD053438; files/all n=12	Q0	8	Homo sapiens (human)	12	8	raw	unknown	unknown	Orbitrap Fusion Lumos	yes	yes	sdrf.txt	simple	8	ms-proteomics;human	none_in_pride	no	deposited: sdrf.txt	new
PXD060982	include	Submitter deposited an SDRF in PRIDE; import, validate, and improve	PRIDE https://www.ebi.ac.uk/pride/ws/archive/v3/projects/PXD060982; files/all n=19	Q0	8	Mus musculus (mouse)	19	8	raw	DDA	unknown	Orbitrap Fusion Lumos	yes	yes	INSERM_00020375_QualSummary_3.sdrf	simple	8	ms-proteomics;vertebrates	none_in_pride	no	deposited: INSERM_00020375_QualSummary_3.sdrf	new
PXD061586	include	Submitter deposited an SDRF in PRIDE; import, validate, and improve	PRIDE https://www.ebi.ac.uk/pride/ws/archive/v3/projects/PXD061586; files/all n=11	Q0	8	Homo sapiens (human)	11	8	raw	DDA	unknown	Q Exactive HF	yes	yes	SDRF_MSC1824.xlsx	simple	8	ms-proteomics;human	none_in_pride	no	deposited: SDRF_MSC1824.xlsx	new
PXD070054	include	Submitter deposited an SDRF in PRIDE; import, validate, and improve	PRIDE https://www.ebi.ac.uk/pride/ws/archive/v3/projects/PXD070054; files/all n=14	Q0	10	Apis mellifera (honeybee)	14	9	raw	DIA	LFQ	Orbitrap Eclipse	yes	yes	Sonter_SDRF.tsv	simple	9	ms-proteomics;invertebrates;dia-acquisition	none_in_pride	no	deposited: Sonter_SDRF.tsv	prior
PXD035035	include	Submitter deposited an SDRF in PRIDE; import, validate, and improve	PRIDE https://www.ebi.ac.uk/pride/ws/archive/v3/projects/PXD035035; files/all n=12	Q0	10	Escherichia coli	12	9	raw	DIA	LFQ	Q Exactive HF	yes	yes	SDRF.tsv	simple	9	ms-proteomics;dia-acquisition	none_in_pride	no	deposited: SDRF.tsv	new
PXD035553	include	Submitter deposited an SDRF in PRIDE; import, validate, and improve	PRIDE https://www.ebi.ac.uk/pride/ws/archive/v3/projects/PXD035553; files/all n=44	Q0	10	Plasmodium falciparum	44	9	raw	DDA	LFQ	Q Exactive HF	yes	yes	sdrf-default_OOM_220510_TurnoID.tsv	simple	9	ms-proteomics	none_in_pride	no	deposited: sdrf-default_OOM_220510_TurnoID.tsv	new
PXD058271	include	Submitter deposited an SDRF in PRIDE; import, validate, and improve	PRIDE https://www.ebi.ac.uk/pride/ws/archive/v3/projects/PXD058271; files/all n=19	Q0	10	Aspergillus parasiticus	19	9	raw	DDA	LFQ	Q Exactive HF	yes	yes	sdrf.tsv;sdrf_openms_design_msstats_in.csv.gz;sdrf_openms_design_openms.mzTab.gz	simple	9	ms-proteomics	none_in_pride	no	deposited: sdrf.tsv;sdrf_openms_design_msstats_in.csv.gz;sdrf_openms_design_openms.mzTab.gz	new
PXD060698	include	Submitter deposited an SDRF in PRIDE; import, validate, and improve	PRIDE https://www.ebi.ac.uk/pride/ws/archive/v3/projects/PXD060698; files/all n=11	Q0	10	Anopheles gambiae str. pest	11	9	raw	DDA	LFQ	Orbitrap Exploris 480	yes	yes	SDRF_FP_ABPP.txt	simple	9	ms-proteomics	none_in_pride	no	deposited: SDRF_FP_ABPP.txt	new
PXD061092	include	Submitter deposited an SDRF in PRIDE; import, validate, and improve	PRIDE https://www.ebi.ac.uk/pride/ws/archive/v3/projects/PXD061092; files/all n=15	Q0	10	Homo sapiens (human)	15	9	raw	DDA	LFQ	Orbitrap Exploris 240	yes	yes	sdrf-stem-cells.tsv	simple	9	ms-proteomics;human	none_in_pride	no	deposited: sdrf-stem-cells.tsv	new
