source name	characteristics[organism]	characteristics[organism part]	characteristics[cell type]	characteristics[disease]	characteristics[material type]	characteristics[sample type]	characteristics[biological replicate]	characteristics[human cell line component]	characteristics[spiked organism]	characteristics[sample composition]	characteristics[sample mapping status]	assay name	technology type	comment[data file]	comment[file uri]	comment[label]	comment[technical replicate]	comment[fraction identifier]	comment[instrument]	comment[proteomics data acquisition method]	comment[cleavage agent details]	comment[cleavage agent details]	comment[ms1 scan range]	comment[precursor mass tolerance]	comment[fragment mass tolerance]	comment[dissociation method]	comment[collision energy]	comment[modification parameters]	comment[modification parameters]	comment[sdrf version]	comment[sdrf template]
jdoc_LFQ_01	Homo sapiens	not available	not available	not available	cell	control sample	1	SH-SY5Y	Saccharomyces cerevisiae	human SH-SY5Y and yeast protein digests	native LFQ sample ID known; mapping to paper groups 1a-3d unresolved	a05191	proteomic profiling by mass spectrometry	a05191.raw	ftp://ftp.pride.ebi.ac.uk/pride/data/archive/2018/04/PXD007683/a05191.raw	NT=label free sample;AC=MS:1002038	1	1	NT=Orbitrap Fusion Lumos;AC=MS:1002732	NT=Data-dependent acquisition;AC=PRIDE:0000627	NT=Lys-C;AC=MS:1001309	NT=Trypsin;AC=MS:1001251	350m/z-1400m/z	not available	not available	NT=beam-type collision-induced dissociation;AC=MS:1000422	35 NCE	NT=Carbamidomethyl;AC=UNIMOD:4;MT=fixed;TA=C;PP=Anywhere	NT=Oxidation;AC=UNIMOD:35;MT=variable;TA=M;PP=Anywhere	v3.0.0	ms-proteomics v1.1.0
jdoc_LFQ_02	Homo sapiens	not available	not available	not available	cell	control sample	1	SH-SY5Y	Saccharomyces cerevisiae	human SH-SY5Y and yeast protein digests	native LFQ sample ID known; mapping to paper groups 1a-3d unresolved	a05192	proteomic profiling by mass spectrometry	a05192.raw	ftp://ftp.pride.ebi.ac.uk/pride/data/archive/2018/04/PXD007683/a05192.raw	NT=label free sample;AC=MS:1002038	1	1	NT=Orbitrap Fusion Lumos;AC=MS:1002732	NT=Data-dependent acquisition;AC=PRIDE:0000627	NT=Lys-C;AC=MS:1001309	NT=Trypsin;AC=MS:1001251	350m/z-1400m/z	not available	not available	NT=beam-type collision-induced dissociation;AC=MS:1000422	35 NCE	NT=Carbamidomethyl;AC=UNIMOD:4;MT=fixed;TA=C;PP=Anywhere	NT=Oxidation;AC=UNIMOD:35;MT=variable;TA=M;PP=Anywhere	v3.0.0	ms-proteomics v1.1.0
jdoc_LFQ_04	Homo sapiens	not available	not available	not available	cell	control sample	1	SH-SY5Y	Saccharomyces cerevisiae	human SH-SY5Y and yeast protein digests	native LFQ sample ID known; mapping to paper groups 1a-3d unresolved	a05194	proteomic profiling by mass spectrometry	a05194.raw	ftp://ftp.pride.ebi.ac.uk/pride/data/archive/2018/04/PXD007683/a05194.raw	NT=label free sample;AC=MS:1002038	1	1	NT=Orbitrap Fusion Lumos;AC=MS:1002732	NT=Data-dependent acquisition;AC=PRIDE:0000627	NT=Lys-C;AC=MS:1001309	NT=Trypsin;AC=MS:1001251	350m/z-1400m/z	not available	not available	NT=beam-type collision-induced dissociation;AC=MS:1000422	35 NCE	NT=Carbamidomethyl;AC=UNIMOD:4;MT=fixed;TA=C;PP=Anywhere	NT=Oxidation;AC=UNIMOD:35;MT=variable;TA=M;PP=Anywhere	v3.0.0	ms-proteomics v1.1.0
jdoc_LFQ_05	Homo sapiens	not available	not available	not available	cell	control sample	1	SH-SY5Y	Saccharomyces cerevisiae	human SH-SY5Y and yeast protein digests	native LFQ sample ID known; mapping to paper groups 1a-3d unresolved	a05195	proteomic profiling by mass spectrometry	a05195.raw	ftp://ftp.pride.ebi.ac.uk/pride/data/archive/2018/04/PXD007683/a05195.raw	NT=label free sample;AC=MS:1002038	1	1	NT=Orbitrap Fusion Lumos;AC=MS:1002732	NT=Data-dependent acquisition;AC=PRIDE:0000627	NT=Lys-C;AC=MS:1001309	NT=Trypsin;AC=MS:1001251	350m/z-1400m/z	not available	not available	NT=beam-type collision-induced dissociation;AC=MS:1000422	35 NCE	NT=Carbamidomethyl;AC=UNIMOD:4;MT=fixed;TA=C;PP=Anywhere	NT=Oxidation;AC=UNIMOD:35;MT=variable;TA=M;PP=Anywhere	v3.0.0	ms-proteomics v1.1.0
jdoc_LFQ_06	Homo sapiens	not available	not available	not available	cell	control sample	1	SH-SY5Y	Saccharomyces cerevisiae	human SH-SY5Y and yeast protein digests	native LFQ sample ID known; mapping to paper groups 1a-3d unresolved	a05196	proteomic profiling by mass spectrometry	a05196.raw	ftp://ftp.pride.ebi.ac.uk/pride/data/archive/2018/04/PXD007683/a05196.raw	NT=label free sample;AC=MS:1002038	1	1	NT=Orbitrap Fusion Lumos;AC=MS:1002732	NT=Data-dependent acquisition;AC=PRIDE:0000627	NT=Lys-C;AC=MS:1001309	NT=Trypsin;AC=MS:1001251	350m/z-1400m/z	not available	not available	NT=beam-type collision-induced dissociation;AC=MS:1000422	35 NCE	NT=Carbamidomethyl;AC=UNIMOD:4;MT=fixed;TA=C;PP=Anywhere	NT=Oxidation;AC=UNIMOD:35;MT=variable;TA=M;PP=Anywhere	v3.0.0	ms-proteomics v1.1.0
jdoc_LFQ_07	Homo sapiens	not available	not available	not available	cell	control sample	1	SH-SY5Y	Saccharomyces cerevisiae	human SH-SY5Y and yeast protein digests	native LFQ sample ID known; mapping to paper groups 1a-3d unresolved	a05197	proteomic profiling by mass spectrometry	a05197.raw	ftp://ftp.pride.ebi.ac.uk/pride/data/archive/2018/04/PXD007683/a05197.raw	NT=label free sample;AC=MS:1002038	1	1	NT=Orbitrap Fusion Lumos;AC=MS:1002732	NT=Data-dependent acquisition;AC=PRIDE:0000627	NT=Lys-C;AC=MS:1001309	NT=Trypsin;AC=MS:1001251	350m/z-1400m/z	not available	not available	NT=beam-type collision-induced dissociation;AC=MS:1000422	35 NCE	NT=Carbamidomethyl;AC=UNIMOD:4;MT=fixed;TA=C;PP=Anywhere	NT=Oxidation;AC=UNIMOD:35;MT=variable;TA=M;PP=Anywhere	v3.0.0	ms-proteomics v1.1.0
jdoc_LFQ_08	Homo sapiens	not available	not available	not available	cell	control sample	1	SH-SY5Y	Saccharomyces cerevisiae	human SH-SY5Y and yeast protein digests	native LFQ sample ID known; mapping to paper groups 1a-3d unresolved	a05198	proteomic profiling by mass spectrometry	a05198.raw	ftp://ftp.pride.ebi.ac.uk/pride/data/archive/2018/04/PXD007683/a05198.raw	NT=label free sample;AC=MS:1002038	1	1	NT=Orbitrap Fusion Lumos;AC=MS:1002732	NT=Data-dependent acquisition;AC=PRIDE:0000627	NT=Lys-C;AC=MS:1001309	NT=Trypsin;AC=MS:1001251	350m/z-1400m/z	not available	not available	NT=beam-type collision-induced dissociation;AC=MS:1000422	35 NCE	NT=Carbamidomethyl;AC=UNIMOD:4;MT=fixed;TA=C;PP=Anywhere	NT=Oxidation;AC=UNIMOD:35;MT=variable;TA=M;PP=Anywhere	v3.0.0	ms-proteomics v1.1.0
jdoc_LFQ_09	Homo sapiens	not available	not available	not available	cell	control sample	1	SH-SY5Y	Saccharomyces cerevisiae	human SH-SY5Y and yeast protein digests	native LFQ sample ID known; mapping to paper groups 1a-3d unresolved	a05199	proteomic profiling by mass spectrometry	a05199.raw	ftp://ftp.pride.ebi.ac.uk/pride/data/archive/2018/04/PXD007683/a05199.raw	NT=label free sample;AC=MS:1002038	1	1	NT=Orbitrap Fusion Lumos;AC=MS:1002732	NT=Data-dependent acquisition;AC=PRIDE:0000627	NT=Lys-C;AC=MS:1001309	NT=Trypsin;AC=MS:1001251	350m/z-1400m/z	not available	not available	NT=beam-type collision-induced dissociation;AC=MS:1000422	35 NCE	NT=Carbamidomethyl;AC=UNIMOD:4;MT=fixed;TA=C;PP=Anywhere	NT=Oxidation;AC=UNIMOD:35;MT=variable;TA=M;PP=Anywhere	v3.0.0	ms-proteomics v1.1.0
jdoc_LFQ_10	Homo sapiens	not available	not available	not available	cell	control sample	1	SH-SY5Y	Saccharomyces cerevisiae	human SH-SY5Y and yeast protein digests	native LFQ sample ID known; mapping to paper groups 1a-3d unresolved	a05200	proteomic profiling by mass spectrometry	a05200.raw	ftp://ftp.pride.ebi.ac.uk/pride/data/archive/2018/04/PXD007683/a05200.raw	NT=label free sample;AC=MS:1002038	1	1	NT=Orbitrap Fusion Lumos;AC=MS:1002732	NT=Data-dependent acquisition;AC=PRIDE:0000627	NT=Lys-C;AC=MS:1001309	NT=Trypsin;AC=MS:1001251	350m/z-1400m/z	not available	not available	NT=beam-type collision-induced dissociation;AC=MS:1000422	35 NCE	NT=Carbamidomethyl;AC=UNIMOD:4;MT=fixed;TA=C;PP=Anywhere	NT=Oxidation;AC=UNIMOD:35;MT=variable;TA=M;PP=Anywhere	v3.0.0	ms-proteomics v1.1.0
jdoc_LFQ_11	Homo sapiens	not available	not available	not available	cell	control sample	1	SH-SY5Y	Saccharomyces cerevisiae	human SH-SY5Y and yeast protein digests	native LFQ sample ID known; mapping to paper groups 1a-3d unresolved	a05201	proteomic profiling by mass spectrometry	a05201.raw	ftp://ftp.pride.ebi.ac.uk/pride/data/archive/2018/04/PXD007683/a05201.raw	NT=label free sample;AC=MS:1002038	1	1	NT=Orbitrap Fusion Lumos;AC=MS:1002732	NT=Data-dependent acquisition;AC=PRIDE:0000627	NT=Lys-C;AC=MS:1001309	NT=Trypsin;AC=MS:1001251	350m/z-1400m/z	not available	not available	NT=beam-type collision-induced dissociation;AC=MS:1000422	35 NCE	NT=Carbamidomethyl;AC=UNIMOD:4;MT=fixed;TA=C;PP=Anywhere	NT=Oxidation;AC=UNIMOD:35;MT=variable;TA=M;PP=Anywhere	v3.0.0	ms-proteomics v1.1.0
jdoc_LFQ_12	Homo sapiens	not available	not available	not available	cell	control sample	1	SH-SY5Y	Saccharomyces cerevisiae	human SH-SY5Y and yeast protein digests	native LFQ sample ID known; mapping to paper groups 1a-3d unresolved	a05202	proteomic profiling by mass spectrometry	a05202.raw	ftp://ftp.pride.ebi.ac.uk/pride/data/archive/2018/04/PXD007683/a05202.raw	NT=label free sample;AC=MS:1002038	1	1	NT=Orbitrap Fusion Lumos;AC=MS:1002732	NT=Data-dependent acquisition;AC=PRIDE:0000627	NT=Lys-C;AC=MS:1001309	NT=Trypsin;AC=MS:1001251	350m/z-1400m/z	not available	not available	NT=beam-type collision-induced dissociation;AC=MS:1000422	35 NCE	NT=Carbamidomethyl;AC=UNIMOD:4;MT=fixed;TA=C;PP=Anywhere	NT=Oxidation;AC=UNIMOD:35;MT=variable;TA=M;PP=Anywhere	v3.0.0	ms-proteomics v1.1.0
