source name	characteristics[organism]	characteristics[organism part]	characteristics[cell type]	characteristics[disease]	characteristics[material type]	characteristics[sample type]	characteristics[sex]	characteristics[age]	characteristics[developmental stage]	characteristics[strain]	characteristics[biological replicate]	characteristics[individual]	characteristics[pooled sample]	characteristics[inflammation status]	characteristics[sample composition]	characteristics[cell identifier]	characteristics[cells per well]	characteristics[single cell isolation protocol]	assay name	technology type	comment[data file]	comment[file uri]	comment[label]	comment[technical replicate]	comment[fraction identifier]	comment[instrument]	comment[proteomics data acquisition method]	comment[cleavage agent details]	comment[cleavage agent details]	comment[dissociation method]	comment[collision energy]	comment[ms1 scan range]	comment[precursor mass tolerance]	comment[fragment mass tolerance]	comment[lcm microscope model]	comment[modification parameters]	comment[modification parameters]	comment[modification parameters]	comment[sdrf version]	comment[sdrf template]	comment[sdrf template]	comment[sdrf template]	factor value[neuron subtype]	factor value[inflammation status]
Olive_20220509_AnM_HStdia_AnM22_big_controlM1_F5_1_1247	Mus musculus	dorsal root ganglion	sensory neuron	not available	cell	study sample	male	10W-30W	adult	C57BL/6N	1	experiment_1_M1	pooled	Control	approximately 50 cultured neurons	not applicable	not applicable	not applicable	Olive_20220509_AnM_HStdia_AnM22_big_controlM1_F5_1_1247	proteomic profiling by mass spectrometry	Olive_20220509_AnM_HStdia_AnM22_big_controlM1_F5_1_1247.d	ftp://ftp.pride.ebi.ac.uk/pride/data/archive/2026/04/PXD070495/Cell_culture_raw_data.rar	NT=label free sample;AC=MS:1002038	1	1	NT=timsTOF SCP;AC=MS:1003231	NT=diaPASEF;AC=PRIDE:0000650	NT=Lys-C;AC=MS:1001309	NT=Trypsin;AC=MS:1001251	NT=collision-induced dissociation;AC=MS:1000133	not available	not available	15 ppm	15 ppm	Leica LMD 7	NT=Carbamidomethyl;AC=UNIMOD:4;MT=fixed;TA=C;PP=Anywhere	NT=Oxidation;AC=UNIMOD:35;MT=variable;TA=M;PP=Anywhere	NT=Acetyl;AC=UNIMOD:1;MT=variable;PP=Protein N-term	v1.1.0	ms-proteomics v1.1.0	vertebrates v1.1.0	dia-acquisition v1.1.0	Mechanoreceptor	Control
Olive_20220509_AnM_HStdia_AnM22_big_controlM2_L5_1_1254	Mus musculus	dorsal root ganglion	sensory neuron	not available	cell	study sample	male	10W-30W	adult	C57BL/6N	2	experiment_1_M2	pooled	Control	approximately 50 cultured neurons	not applicable	not applicable	not applicable	Olive_20220509_AnM_HStdia_AnM22_big_controlM2_L5_1_1254	proteomic profiling by mass spectrometry	Olive_20220509_AnM_HStdia_AnM22_big_controlM2_L5_1_1254.d	ftp://ftp.pride.ebi.ac.uk/pride/data/archive/2026/04/PXD070495/Cell_culture_raw_data.rar	NT=label free sample;AC=MS:1002038	1	1	NT=timsTOF SCP;AC=MS:1003231	NT=diaPASEF;AC=PRIDE:0000650	NT=Lys-C;AC=MS:1001309	NT=Trypsin;AC=MS:1001251	NT=collision-induced dissociation;AC=MS:1000133	not available	not available	15 ppm	15 ppm	Leica LMD 7	NT=Carbamidomethyl;AC=UNIMOD:4;MT=fixed;TA=C;PP=Anywhere	NT=Oxidation;AC=UNIMOD:35;MT=variable;TA=M;PP=Anywhere	NT=Acetyl;AC=UNIMOD:1;MT=variable;PP=Protein N-term	v1.1.0	ms-proteomics v1.1.0	vertebrates v1.1.0	dia-acquisition v1.1.0	Mechanoreceptor	Control
Olive_20220509_AnM_HStdia_AnM22_big_controlM3_F11_1_1260	Mus musculus	dorsal root ganglion	sensory neuron	not available	cell	study sample	male	10W-30W	adult	C57BL/6N	3	experiment_1_M3	pooled	Control	approximately 50 cultured neurons	not applicable	not applicable	not applicable	Olive_20220509_AnM_HStdia_AnM22_big_controlM3_F11_1_1260	proteomic profiling by mass spectrometry	Olive_20220509_AnM_HStdia_AnM22_big_controlM3_F11_1_1260.d	ftp://ftp.pride.ebi.ac.uk/pride/data/archive/2026/04/PXD070495/Cell_culture_raw_data.rar	NT=label free sample;AC=MS:1002038	1	1	NT=timsTOF SCP;AC=MS:1003231	NT=diaPASEF;AC=PRIDE:0000650	NT=Lys-C;AC=MS:1001309	NT=Trypsin;AC=MS:1001251	NT=collision-induced dissociation;AC=MS:1000133	not available	not available	15 ppm	15 ppm	Leica LMD 7	NT=Carbamidomethyl;AC=UNIMOD:4;MT=fixed;TA=C;PP=Anywhere	NT=Oxidation;AC=UNIMOD:35;MT=variable;TA=M;PP=Anywhere	NT=Acetyl;AC=UNIMOD:1;MT=variable;PP=Protein N-term	v1.1.0	ms-proteomics v1.1.0	vertebrates v1.1.0	dia-acquisition v1.1.0	Mechanoreceptor	Control
Olive_20220509_AnM_HStdia_AnM22_big_inflamedM1_F7_1_1248	Mus musculus	dorsal root ganglion	sensory neuron	not available	cell	study sample	male	10W-30W	adult	C57BL/6N	1	experiment_1_M1	pooled	Inflamed	approximately 50 cultured neurons	not applicable	not applicable	not applicable	Olive_20220509_AnM_HStdia_AnM22_big_inflamedM1_F7_1_1248	proteomic profiling by mass spectrometry	Olive_20220509_AnM_HStdia_AnM22_big_inflamedM1_F7_1_1248.d	ftp://ftp.pride.ebi.ac.uk/pride/data/archive/2026/04/PXD070495/Cell_culture_raw_data.rar	NT=label free sample;AC=MS:1002038	1	1	NT=timsTOF SCP;AC=MS:1003231	NT=diaPASEF;AC=PRIDE:0000650	NT=Lys-C;AC=MS:1001309	NT=Trypsin;AC=MS:1001251	NT=collision-induced dissociation;AC=MS:1000133	not available	not available	15 ppm	15 ppm	Leica LMD 7	NT=Carbamidomethyl;AC=UNIMOD:4;MT=fixed;TA=C;PP=Anywhere	NT=Oxidation;AC=UNIMOD:35;MT=variable;TA=M;PP=Anywhere	NT=Acetyl;AC=UNIMOD:1;MT=variable;PP=Protein N-term	v1.1.0	ms-proteomics v1.1.0	vertebrates v1.1.0	dia-acquisition v1.1.0	Mechanoreceptor	Inflamed
Olive_20220509_AnM_HStdia_AnM22_big_inflamedM2_L7_1_1255	Mus musculus	dorsal root ganglion	sensory neuron	not available	cell	study sample	male	10W-30W	adult	C57BL/6N	2	experiment_1_M2	pooled	Inflamed	approximately 50 cultured neurons	not applicable	not applicable	not applicable	Olive_20220509_AnM_HStdia_AnM22_big_inflamedM2_L7_1_1255	proteomic profiling by mass spectrometry	Olive_20220509_AnM_HStdia_AnM22_big_inflamedM2_L7_1_1255.d	ftp://ftp.pride.ebi.ac.uk/pride/data/archive/2026/04/PXD070495/Cell_culture_raw_data.rar	NT=label free sample;AC=MS:1002038	1	1	NT=timsTOF SCP;AC=MS:1003231	NT=diaPASEF;AC=PRIDE:0000650	NT=Lys-C;AC=MS:1001309	NT=Trypsin;AC=MS:1001251	NT=collision-induced dissociation;AC=MS:1000133	not available	not available	15 ppm	15 ppm	Leica LMD 7	NT=Carbamidomethyl;AC=UNIMOD:4;MT=fixed;TA=C;PP=Anywhere	NT=Oxidation;AC=UNIMOD:35;MT=variable;TA=M;PP=Anywhere	NT=Acetyl;AC=UNIMOD:1;MT=variable;PP=Protein N-term	v1.1.0	ms-proteomics v1.1.0	vertebrates v1.1.0	dia-acquisition v1.1.0	Mechanoreceptor	Inflamed
Olive_20220509_AnM_HStdia_AnM22_big_inflamedM3_F13_1_1261	Mus musculus	dorsal root ganglion	sensory neuron	not available	cell	study sample	male	10W-30W	adult	C57BL/6N	3	experiment_1_M3	pooled	Inflamed	approximately 50 cultured neurons	not applicable	not applicable	not applicable	Olive_20220509_AnM_HStdia_AnM22_big_inflamedM3_F13_1_1261	proteomic profiling by mass spectrometry	Olive_20220509_AnM_HStdia_AnM22_big_inflamedM3_F13_1_1261.d	ftp://ftp.pride.ebi.ac.uk/pride/data/archive/2026/04/PXD070495/Cell_culture_raw_data.rar	NT=label free sample;AC=MS:1002038	1	1	NT=timsTOF SCP;AC=MS:1003231	NT=diaPASEF;AC=PRIDE:0000650	NT=Lys-C;AC=MS:1001309	NT=Trypsin;AC=MS:1001251	NT=collision-induced dissociation;AC=MS:1000133	not available	not available	15 ppm	15 ppm	Leica LMD 7	NT=Carbamidomethyl;AC=UNIMOD:4;MT=fixed;TA=C;PP=Anywhere	NT=Oxidation;AC=UNIMOD:35;MT=variable;TA=M;PP=Anywhere	NT=Acetyl;AC=UNIMOD:1;MT=variable;PP=Protein N-term	v1.1.0	ms-proteomics v1.1.0	vertebrates v1.1.0	dia-acquisition v1.1.0	Mechanoreceptor	Inflamed
Olive_20220509_AnM_HStdia_AnM22_green_controlM1_D5_1_1245	Mus musculus	dorsal root ganglion	sensory neuron	not available	cell	study sample	male	10W-30W	adult	C57BL/6N	1	experiment_1_M1	pooled	Control	approximately 50 cultured neurons	not applicable	not applicable	not applicable	Olive_20220509_AnM_HStdia_AnM22_green_controlM1_D5_1_1245	proteomic profiling by mass spectrometry	Olive_20220509_AnM_HStdia_AnM22_green_controlM1_D5_1_1245.d	ftp://ftp.pride.ebi.ac.uk/pride/data/archive/2026/04/PXD070495/Cell_culture_raw_data.rar	NT=label free sample;AC=MS:1002038	1	1	NT=timsTOF SCP;AC=MS:1003231	NT=diaPASEF;AC=PRIDE:0000650	NT=Lys-C;AC=MS:1001309	NT=Trypsin;AC=MS:1001251	NT=collision-induced dissociation;AC=MS:1000133	not available	not available	15 ppm	15 ppm	Leica LMD 7	NT=Carbamidomethyl;AC=UNIMOD:4;MT=fixed;TA=C;PP=Anywhere	NT=Oxidation;AC=UNIMOD:35;MT=variable;TA=M;PP=Anywhere	NT=Acetyl;AC=UNIMOD:1;MT=variable;PP=Protein N-term	v1.1.0	ms-proteomics v1.1.0	vertebrates v1.1.0	dia-acquisition v1.1.0	Peptidergic	Control
Olive_20220509_AnM_HStdia_AnM22_green_controlM2_J5_1_1252	Mus musculus	dorsal root ganglion	sensory neuron	not available	cell	study sample	male	10W-30W	adult	C57BL/6N	2	experiment_1_M2	pooled	Control	approximately 50 cultured neurons	not applicable	not applicable	not applicable	Olive_20220509_AnM_HStdia_AnM22_green_controlM2_J5_1_1252	proteomic profiling by mass spectrometry	Olive_20220509_AnM_HStdia_AnM22_green_controlM2_J5_1_1252.d	ftp://ftp.pride.ebi.ac.uk/pride/data/archive/2026/04/PXD070495/Cell_culture_raw_data.rar	NT=label free sample;AC=MS:1002038	1	1	NT=timsTOF SCP;AC=MS:1003231	NT=diaPASEF;AC=PRIDE:0000650	NT=Lys-C;AC=MS:1001309	NT=Trypsin;AC=MS:1001251	NT=collision-induced dissociation;AC=MS:1000133	not available	not available	15 ppm	15 ppm	Leica LMD 7	NT=Carbamidomethyl;AC=UNIMOD:4;MT=fixed;TA=C;PP=Anywhere	NT=Oxidation;AC=UNIMOD:35;MT=variable;TA=M;PP=Anywhere	NT=Acetyl;AC=UNIMOD:1;MT=variable;PP=Protein N-term	v1.1.0	ms-proteomics v1.1.0	vertebrates v1.1.0	dia-acquisition v1.1.0	Peptidergic	Control
Olive_20220509_AnM_HStdia_AnM22_green_controlM3_D11_1_1258	Mus musculus	dorsal root ganglion	sensory neuron	not available	cell	study sample	male	10W-30W	adult	C57BL/6N	3	experiment_1_M3	pooled	Control	approximately 50 cultured neurons	not applicable	not applicable	not applicable	Olive_20220509_AnM_HStdia_AnM22_green_controlM3_D11_1_1258	proteomic profiling by mass spectrometry	Olive_20220509_AnM_HStdia_AnM22_green_controlM3_D11_1_1258.d	ftp://ftp.pride.ebi.ac.uk/pride/data/archive/2026/04/PXD070495/Cell_culture_raw_data.rar	NT=label free sample;AC=MS:1002038	1	1	NT=timsTOF SCP;AC=MS:1003231	NT=diaPASEF;AC=PRIDE:0000650	NT=Lys-C;AC=MS:1001309	NT=Trypsin;AC=MS:1001251	NT=collision-induced dissociation;AC=MS:1000133	not available	not available	15 ppm	15 ppm	Leica LMD 7	NT=Carbamidomethyl;AC=UNIMOD:4;MT=fixed;TA=C;PP=Anywhere	NT=Oxidation;AC=UNIMOD:35;MT=variable;TA=M;PP=Anywhere	NT=Acetyl;AC=UNIMOD:1;MT=variable;PP=Protein N-term	v1.1.0	ms-proteomics v1.1.0	vertebrates v1.1.0	dia-acquisition v1.1.0	Peptidergic	Control
Olive_20220509_AnM_HStdia_AnM22_green_inflamedM1_D7_1_1246	Mus musculus	dorsal root ganglion	sensory neuron	not available	cell	study sample	male	10W-30W	adult	C57BL/6N	1	experiment_1_M1	pooled	Inflamed	approximately 50 cultured neurons	not applicable	not applicable	not applicable	Olive_20220509_AnM_HStdia_AnM22_green_inflamedM1_D7_1_1246	proteomic profiling by mass spectrometry	Olive_20220509_AnM_HStdia_AnM22_green_inflamedM1_D7_1_1246.d	ftp://ftp.pride.ebi.ac.uk/pride/data/archive/2026/04/PXD070495/Cell_culture_raw_data.rar	NT=label free sample;AC=MS:1002038	1	1	NT=timsTOF SCP;AC=MS:1003231	NT=diaPASEF;AC=PRIDE:0000650	NT=Lys-C;AC=MS:1001309	NT=Trypsin;AC=MS:1001251	NT=collision-induced dissociation;AC=MS:1000133	not available	not available	15 ppm	15 ppm	Leica LMD 7	NT=Carbamidomethyl;AC=UNIMOD:4;MT=fixed;TA=C;PP=Anywhere	NT=Oxidation;AC=UNIMOD:35;MT=variable;TA=M;PP=Anywhere	NT=Acetyl;AC=UNIMOD:1;MT=variable;PP=Protein N-term	v1.1.0	ms-proteomics v1.1.0	vertebrates v1.1.0	dia-acquisition v1.1.0	Peptidergic	Inflamed
Olive_20220509_AnM_HStdia_AnM22_green_inflamedM2_J7_1_1253	Mus musculus	dorsal root ganglion	sensory neuron	not available	cell	study sample	male	10W-30W	adult	C57BL/6N	2	experiment_1_M2	pooled	Inflamed	approximately 50 cultured neurons	not applicable	not applicable	not applicable	Olive_20220509_AnM_HStdia_AnM22_green_inflamedM2_J7_1_1253	proteomic profiling by mass spectrometry	Olive_20220509_AnM_HStdia_AnM22_green_inflamedM2_J7_1_1253.d	ftp://ftp.pride.ebi.ac.uk/pride/data/archive/2026/04/PXD070495/Cell_culture_raw_data.rar	NT=label free sample;AC=MS:1002038	1	1	NT=timsTOF SCP;AC=MS:1003231	NT=diaPASEF;AC=PRIDE:0000650	NT=Lys-C;AC=MS:1001309	NT=Trypsin;AC=MS:1001251	NT=collision-induced dissociation;AC=MS:1000133	not available	not available	15 ppm	15 ppm	Leica LMD 7	NT=Carbamidomethyl;AC=UNIMOD:4;MT=fixed;TA=C;PP=Anywhere	NT=Oxidation;AC=UNIMOD:35;MT=variable;TA=M;PP=Anywhere	NT=Acetyl;AC=UNIMOD:1;MT=variable;PP=Protein N-term	v1.1.0	ms-proteomics v1.1.0	vertebrates v1.1.0	dia-acquisition v1.1.0	Peptidergic	Inflamed
Olive_20220509_AnM_HStdia_AnM22_green_inflamedM3_D13_1_1259	Mus musculus	dorsal root ganglion	sensory neuron	not available	cell	study sample	male	10W-30W	adult	C57BL/6N	3	experiment_1_M3	pooled	Inflamed	approximately 50 cultured neurons	not applicable	not applicable	not applicable	Olive_20220509_AnM_HStdia_AnM22_green_inflamedM3_D13_1_1259	proteomic profiling by mass spectrometry	Olive_20220509_AnM_HStdia_AnM22_green_inflamedM3_D13_1_1259.d	ftp://ftp.pride.ebi.ac.uk/pride/data/archive/2026/04/PXD070495/Cell_culture_raw_data.rar	NT=label free sample;AC=MS:1002038	1	1	NT=timsTOF SCP;AC=MS:1003231	NT=diaPASEF;AC=PRIDE:0000650	NT=Lys-C;AC=MS:1001309	NT=Trypsin;AC=MS:1001251	NT=collision-induced dissociation;AC=MS:1000133	not available	not available	15 ppm	15 ppm	Leica LMD 7	NT=Carbamidomethyl;AC=UNIMOD:4;MT=fixed;TA=C;PP=Anywhere	NT=Oxidation;AC=UNIMOD:35;MT=variable;TA=M;PP=Anywhere	NT=Acetyl;AC=UNIMOD:1;MT=variable;PP=Protein N-term	v1.1.0	ms-proteomics v1.1.0	vertebrates v1.1.0	dia-acquisition v1.1.0	Peptidergic	Inflamed
Olive_20220509_AnM_HStdia_AnM22_red_controlM1_B5_1_1243	Mus musculus	dorsal root ganglion	sensory neuron	not available	cell	study sample	male	10W-30W	adult	C57BL/6N	1	experiment_1_M1	pooled	Control	approximately 50 cultured neurons	not applicable	not applicable	not applicable	Olive_20220509_AnM_HStdia_AnM22_red_controlM1_B5_1_1243	proteomic profiling by mass spectrometry	Olive_20220509_AnM_HStdia_AnM22_red_controlM1_B5_1_1243.d	ftp://ftp.pride.ebi.ac.uk/pride/data/archive/2026/04/PXD070495/Cell_culture_raw_data.rar	NT=label free sample;AC=MS:1002038	1	1	NT=timsTOF SCP;AC=MS:1003231	NT=diaPASEF;AC=PRIDE:0000650	NT=Lys-C;AC=MS:1001309	NT=Trypsin;AC=MS:1001251	NT=collision-induced dissociation;AC=MS:1000133	not available	not available	15 ppm	15 ppm	Leica LMD 7	NT=Carbamidomethyl;AC=UNIMOD:4;MT=fixed;TA=C;PP=Anywhere	NT=Oxidation;AC=UNIMOD:35;MT=variable;TA=M;PP=Anywhere	NT=Acetyl;AC=UNIMOD:1;MT=variable;PP=Protein N-term	v1.1.0	ms-proteomics v1.1.0	vertebrates v1.1.0	dia-acquisition v1.1.0	Non-peptidergic	Control
Olive_20220509_AnM_HStdia_AnM22_red_controlM2_H5_1_1249	Mus musculus	dorsal root ganglion	sensory neuron	not available	cell	study sample	male	10W-30W	adult	C57BL/6N	2	experiment_1_M2	pooled	Control	approximately 50 cultured neurons	not applicable	not applicable	not applicable	Olive_20220509_AnM_HStdia_AnM22_red_controlM2_H5_1_1249	proteomic profiling by mass spectrometry	Olive_20220509_AnM_HStdia_AnM22_red_controlM2_H5_1_1249.d	ftp://ftp.pride.ebi.ac.uk/pride/data/archive/2026/04/PXD070495/Cell_culture_raw_data.rar	NT=label free sample;AC=MS:1002038	1	1	NT=timsTOF SCP;AC=MS:1003231	NT=diaPASEF;AC=PRIDE:0000650	NT=Lys-C;AC=MS:1001309	NT=Trypsin;AC=MS:1001251	NT=collision-induced dissociation;AC=MS:1000133	not available	not available	15 ppm	15 ppm	Leica LMD 7	NT=Carbamidomethyl;AC=UNIMOD:4;MT=fixed;TA=C;PP=Anywhere	NT=Oxidation;AC=UNIMOD:35;MT=variable;TA=M;PP=Anywhere	NT=Acetyl;AC=UNIMOD:1;MT=variable;PP=Protein N-term	v1.1.0	ms-proteomics v1.1.0	vertebrates v1.1.0	dia-acquisition v1.1.0	Non-peptidergic	Control
Olive_20220509_AnM_HStdia_AnM22_red_controlM3_B11_1_1256	Mus musculus	dorsal root ganglion	sensory neuron	not available	cell	study sample	male	10W-30W	adult	C57BL/6N	3	experiment_1_M3	pooled	Control	approximately 50 cultured neurons	not applicable	not applicable	not applicable	Olive_20220509_AnM_HStdia_AnM22_red_controlM3_B11_1_1256	proteomic profiling by mass spectrometry	Olive_20220509_AnM_HStdia_AnM22_red_controlM3_B11_1_1256.d	ftp://ftp.pride.ebi.ac.uk/pride/data/archive/2026/04/PXD070495/Cell_culture_raw_data.rar	NT=label free sample;AC=MS:1002038	1	1	NT=timsTOF SCP;AC=MS:1003231	NT=diaPASEF;AC=PRIDE:0000650	NT=Lys-C;AC=MS:1001309	NT=Trypsin;AC=MS:1001251	NT=collision-induced dissociation;AC=MS:1000133	not available	not available	15 ppm	15 ppm	Leica LMD 7	NT=Carbamidomethyl;AC=UNIMOD:4;MT=fixed;TA=C;PP=Anywhere	NT=Oxidation;AC=UNIMOD:35;MT=variable;TA=M;PP=Anywhere	NT=Acetyl;AC=UNIMOD:1;MT=variable;PP=Protein N-term	v1.1.0	ms-proteomics v1.1.0	vertebrates v1.1.0	dia-acquisition v1.1.0	Non-peptidergic	Control
Olive_20220509_AnM_HStdia_AnM22_red_inflamedlM1_B7_1_1244	Mus musculus	dorsal root ganglion	sensory neuron	not available	cell	study sample	male	10W-30W	adult	C57BL/6N	1	experiment_1_M1	pooled	Inflamed	approximately 50 cultured neurons	not applicable	not applicable	not applicable	Olive_20220509_AnM_HStdia_AnM22_red_inflamedlM1_B7_1_1244	proteomic profiling by mass spectrometry	Olive_20220509_AnM_HStdia_AnM22_red_inflamedlM1_B7_1_1244.d	ftp://ftp.pride.ebi.ac.uk/pride/data/archive/2026/04/PXD070495/Cell_culture_raw_data.rar	NT=label free sample;AC=MS:1002038	1	1	NT=timsTOF SCP;AC=MS:1003231	NT=diaPASEF;AC=PRIDE:0000650	NT=Lys-C;AC=MS:1001309	NT=Trypsin;AC=MS:1001251	NT=collision-induced dissociation;AC=MS:1000133	not available	not available	15 ppm	15 ppm	Leica LMD 7	NT=Carbamidomethyl;AC=UNIMOD:4;MT=fixed;TA=C;PP=Anywhere	NT=Oxidation;AC=UNIMOD:35;MT=variable;TA=M;PP=Anywhere	NT=Acetyl;AC=UNIMOD:1;MT=variable;PP=Protein N-term	v1.1.0	ms-proteomics v1.1.0	vertebrates v1.1.0	dia-acquisition v1.1.0	Non-peptidergic	Inflamed
Olive_20220509_AnM_HStdia_AnM22_red_inflamedM2_H7_1_1250	Mus musculus	dorsal root ganglion	sensory neuron	not available	cell	study sample	male	10W-30W	adult	C57BL/6N	2	experiment_1_M2	pooled	Inflamed	approximately 50 cultured neurons	not applicable	not applicable	not applicable	Olive_20220509_AnM_HStdia_AnM22_red_inflamedM2_H7_1_1250	proteomic profiling by mass spectrometry	Olive_20220509_AnM_HStdia_AnM22_red_inflamedM2_H7_1_1250.d	ftp://ftp.pride.ebi.ac.uk/pride/data/archive/2026/04/PXD070495/Cell_culture_raw_data.rar	NT=label free sample;AC=MS:1002038	1	1	NT=timsTOF SCP;AC=MS:1003231	NT=diaPASEF;AC=PRIDE:0000650	NT=Lys-C;AC=MS:1001309	NT=Trypsin;AC=MS:1001251	NT=collision-induced dissociation;AC=MS:1000133	not available	not available	15 ppm	15 ppm	Leica LMD 7	NT=Carbamidomethyl;AC=UNIMOD:4;MT=fixed;TA=C;PP=Anywhere	NT=Oxidation;AC=UNIMOD:35;MT=variable;TA=M;PP=Anywhere	NT=Acetyl;AC=UNIMOD:1;MT=variable;PP=Protein N-term	v1.1.0	ms-proteomics v1.1.0	vertebrates v1.1.0	dia-acquisition v1.1.0	Non-peptidergic	Inflamed
Olive_20220509_AnM_HStdia_AnM22_red_inflamedM3_B13_1_1257	Mus musculus	dorsal root ganglion	sensory neuron	not available	cell	study sample	male	10W-30W	adult	C57BL/6N	3	experiment_1_M3	pooled	Inflamed	approximately 50 cultured neurons	not applicable	not applicable	not applicable	Olive_20220509_AnM_HStdia_AnM22_red_inflamedM3_B13_1_1257	proteomic profiling by mass spectrometry	Olive_20220509_AnM_HStdia_AnM22_red_inflamedM3_B13_1_1257.d	ftp://ftp.pride.ebi.ac.uk/pride/data/archive/2026/04/PXD070495/Cell_culture_raw_data.rar	NT=label free sample;AC=MS:1002038	1	1	NT=timsTOF SCP;AC=MS:1003231	NT=diaPASEF;AC=PRIDE:0000650	NT=Lys-C;AC=MS:1001309	NT=Trypsin;AC=MS:1001251	NT=collision-induced dissociation;AC=MS:1000133	not available	not available	15 ppm	15 ppm	Leica LMD 7	NT=Carbamidomethyl;AC=UNIMOD:4;MT=fixed;TA=C;PP=Anywhere	NT=Oxidation;AC=UNIMOD:35;MT=variable;TA=M;PP=Anywhere	NT=Acetyl;AC=UNIMOD:1;MT=variable;PP=Protein N-term	v1.1.0	ms-proteomics v1.1.0	vertebrates v1.1.0	dia-acquisition v1.1.0	Non-peptidergic	Inflamed
