source name	characteristics[organism]	characteristics[organism part]	characteristics[cell type]	characteristics[cell line]	characteristics[cellosaurus accession]	characteristics[material type]	characteristics[disease]	characteristics[sex]	characteristics[age]	characteristics[ancestry category]	characteristics[developmental stage]	characteristics[individual]	characteristics[pooled sample]	characteristics[sample type]	characteristics[biological replicate]	characteristics[experiment block]	characteristics[treatment]	assay name	technology type	comment[data file]	comment[file uri]	comment[label]	comment[technical replicate]	comment[fraction identifier]	comment[instrument]	comment[proteomics data acquisition method]	comment[cleavage agent details]	comment[reduction reagent]	comment[alkylation reagent]	comment[dissociation method]	comment[collision energy]	comment[ms1 scan range]	comment[precursor mass tolerance]	comment[fragment mass tolerance]	comment[isolation window width]	comment[modification parameters]	comment[sdrf version]	comment[sdrf template]	comment[sdrf template]	comment[sdrf template]	comment[sdrf template]	factor value[experiment block]	factor value[treatment]
Overexpression_ALIX_EV_1	Homo sapiens	not available	not available	HEK-ALIX-KO	not available	cell	not available	not available	not available	not available	not available	not available	not available	study sample	11	Overexpression	ALIX EV	VVM3810	proteomic profiling by mass spectrometry	VVM3810.raw	ftp://ftp.pride.ebi.ac.uk/pride/data/archive/2026/09/PXD064974/VVM3810.raw	NT=label free sample;AC=MS:1002038	1	1	NT=Orbitrap Astral;AC=MS:1003378	NT=Data-independent acquisition;AC=PRIDE:0000450	not available	not available	not available	NT=beam-type collision-induced dissociation;AC=MS:1000422	25 NCE	380m/z-980m/z	not available	not available	4	not available	v3.0.0	ms-proteomics v1.1.0	human v1.1.0	cell-lines v1.1.0	dia-acquisition v1.1.0	Overexpression	ALIX EV
Overexpression_ALIX_EV_2	Homo sapiens	not available	not available	HEK-ALIX-KO	not available	cell	not available	not available	not available	not available	not available	not available	not available	study sample	12	Overexpression	ALIX EV	VVM4132	proteomic profiling by mass spectrometry	VVM4132.raw	ftp://ftp.pride.ebi.ac.uk/pride/data/archive/2026/09/PXD064974/VVM4132.raw	NT=label free sample;AC=MS:1002038	1	1	NT=Orbitrap Astral;AC=MS:1003378	NT=Data-independent acquisition;AC=PRIDE:0000450	not available	not available	not available	NT=beam-type collision-induced dissociation;AC=MS:1000422	25 NCE	380m/z-980m/z	not available	not available	4	not available	v3.0.0	ms-proteomics v1.1.0	human v1.1.0	cell-lines v1.1.0	dia-acquisition v1.1.0	Overexpression	ALIX EV
Overexpression_ALIX_EV_3	Homo sapiens	not available	not available	HEK-ALIX-KO	not available	cell	not available	not available	not available	not available	not available	not available	not available	study sample	13	Overexpression	ALIX EV	VVM4135	proteomic profiling by mass spectrometry	VVM4135.raw	ftp://ftp.pride.ebi.ac.uk/pride/data/archive/2026/09/PXD064974/VVM4135.raw	NT=label free sample;AC=MS:1002038	1	1	NT=Orbitrap Astral;AC=MS:1003378	NT=Data-independent acquisition;AC=PRIDE:0000450	not available	not available	not available	NT=beam-type collision-induced dissociation;AC=MS:1000422	25 NCE	380m/z-980m/z	not available	not available	4	not available	v3.0.0	ms-proteomics v1.1.0	human v1.1.0	cell-lines v1.1.0	dia-acquisition v1.1.0	Overexpression	ALIX EV
Overexpression_ALIX_EV_4	Homo sapiens	not available	not available	HEK-ALIX-KO	not available	cell	not available	not available	not available	not available	not available	not available	not available	study sample	14	Overexpression	ALIX EV	VVM4138	proteomic profiling by mass spectrometry	VVM4138.raw	ftp://ftp.pride.ebi.ac.uk/pride/data/archive/2026/09/PXD064974/VVM4138.raw	NT=label free sample;AC=MS:1002038	1	1	NT=Orbitrap Astral;AC=MS:1003378	NT=Data-independent acquisition;AC=PRIDE:0000450	not available	not available	not available	NT=beam-type collision-induced dissociation;AC=MS:1000422	25 NCE	380m/z-980m/z	not available	not available	4	not available	v3.0.0	ms-proteomics v1.1.0	human v1.1.0	cell-lines v1.1.0	dia-acquisition v1.1.0	Overexpression	ALIX EV
Overexpression_ALIX_EV_5	Homo sapiens	not available	not available	HEK-ALIX-KO	not available	cell	not available	not available	not available	not available	not available	not available	not available	study sample	15	Overexpression	ALIX EV	VVM4141	proteomic profiling by mass spectrometry	VVM4141.raw	ftp://ftp.pride.ebi.ac.uk/pride/data/archive/2026/09/PXD064974/VVM4141.raw	NT=label free sample;AC=MS:1002038	1	1	NT=Orbitrap Astral;AC=MS:1003378	NT=Data-independent acquisition;AC=PRIDE:0000450	not available	not available	not available	NT=beam-type collision-induced dissociation;AC=MS:1000422	25 NCE	380m/z-980m/z	not available	not available	4	not available	v3.0.0	ms-proteomics v1.1.0	human v1.1.0	cell-lines v1.1.0	dia-acquisition v1.1.0	Overexpression	ALIX EV
Overexpression_ALIX_CARM1_ED_1	Homo sapiens	not available	not available	HEK-ALIX-KO	not available	cell	not available	not available	not available	not available	not available	not available	not available	study sample	16	Overexpression	ALIX CARM1 ED	VVM3812	proteomic profiling by mass spectrometry	VVM3812.raw	ftp://ftp.pride.ebi.ac.uk/pride/data/archive/2026/09/PXD064974/VVM3812.raw	NT=label free sample;AC=MS:1002038	1	1	NT=Orbitrap Astral;AC=MS:1003378	NT=Data-independent acquisition;AC=PRIDE:0000450	not available	not available	not available	NT=beam-type collision-induced dissociation;AC=MS:1000422	25 NCE	380m/z-980m/z	not available	not available	4	not available	v3.0.0	ms-proteomics v1.1.0	human v1.1.0	cell-lines v1.1.0	dia-acquisition v1.1.0	Overexpression	ALIX CARM1 ED
Overexpression_ALIX_CARM1_ED_2	Homo sapiens	not available	not available	HEK-ALIX-KO	not available	cell	not available	not available	not available	not available	not available	not available	not available	study sample	17	Overexpression	ALIX CARM1 ED	VVM4133	proteomic profiling by mass spectrometry	VVM4133.raw	ftp://ftp.pride.ebi.ac.uk/pride/data/archive/2026/09/PXD064974/VVM4133.raw	NT=label free sample;AC=MS:1002038	1	1	NT=Orbitrap Astral;AC=MS:1003378	NT=Data-independent acquisition;AC=PRIDE:0000450	not available	not available	not available	NT=beam-type collision-induced dissociation;AC=MS:1000422	25 NCE	380m/z-980m/z	not available	not available	4	not available	v3.0.0	ms-proteomics v1.1.0	human v1.1.0	cell-lines v1.1.0	dia-acquisition v1.1.0	Overexpression	ALIX CARM1 ED
Overexpression_ALIX_CARM1_ED_3	Homo sapiens	not available	not available	HEK-ALIX-KO	not available	cell	not available	not available	not available	not available	not available	not available	not available	study sample	18	Overexpression	ALIX CARM1 ED	VVM4136	proteomic profiling by mass spectrometry	VVM4136.raw	ftp://ftp.pride.ebi.ac.uk/pride/data/archive/2026/09/PXD064974/VVM4136.raw	NT=label free sample;AC=MS:1002038	1	1	NT=Orbitrap Astral;AC=MS:1003378	NT=Data-independent acquisition;AC=PRIDE:0000450	not available	not available	not available	NT=beam-type collision-induced dissociation;AC=MS:1000422	25 NCE	380m/z-980m/z	not available	not available	4	not available	v3.0.0	ms-proteomics v1.1.0	human v1.1.0	cell-lines v1.1.0	dia-acquisition v1.1.0	Overexpression	ALIX CARM1 ED
Overexpression_ALIX_CARM1_ED_4	Homo sapiens	not available	not available	HEK-ALIX-KO	not available	cell	not available	not available	not available	not available	not available	not available	not available	study sample	19	Overexpression	ALIX CARM1 ED	VVM4139	proteomic profiling by mass spectrometry	VVM4139.raw	ftp://ftp.pride.ebi.ac.uk/pride/data/archive/2026/09/PXD064974/VVM4139.raw	NT=label free sample;AC=MS:1002038	1	1	NT=Orbitrap Astral;AC=MS:1003378	NT=Data-independent acquisition;AC=PRIDE:0000450	not available	not available	not available	NT=beam-type collision-induced dissociation;AC=MS:1000422	25 NCE	380m/z-980m/z	not available	not available	4	not available	v3.0.0	ms-proteomics v1.1.0	human v1.1.0	cell-lines v1.1.0	dia-acquisition v1.1.0	Overexpression	ALIX CARM1 ED
Overexpression_ALIX_CARM1_ED_5	Homo sapiens	not available	not available	HEK-ALIX-KO	not available	cell	not available	not available	not available	not available	not available	not available	not available	study sample	20	Overexpression	ALIX CARM1 ED	VVM4142	proteomic profiling by mass spectrometry	VVM4142.raw	ftp://ftp.pride.ebi.ac.uk/pride/data/archive/2026/09/PXD064974/VVM4142.raw	NT=label free sample;AC=MS:1002038	1	1	NT=Orbitrap Astral;AC=MS:1003378	NT=Data-independent acquisition;AC=PRIDE:0000450	not available	not available	not available	NT=beam-type collision-induced dissociation;AC=MS:1000422	25 NCE	380m/z-980m/z	not available	not available	4	not available	v3.0.0	ms-proteomics v1.1.0	human v1.1.0	cell-lines v1.1.0	dia-acquisition v1.1.0	Overexpression	ALIX CARM1 ED
Overexpression_ALIX_CARM1_WT_1	Homo sapiens	not available	not available	HEK-ALIX-KO	not available	cell	not available	not available	not available	not available	not available	not available	not available	study sample	21	Overexpression	ALIX CARM1 WT	VVM3811	proteomic profiling by mass spectrometry	VVM3811.raw	ftp://ftp.pride.ebi.ac.uk/pride/data/archive/2026/09/PXD064974/VVM3811.raw	NT=label free sample;AC=MS:1002038	1	1	NT=Orbitrap Astral;AC=MS:1003378	NT=Data-independent acquisition;AC=PRIDE:0000450	not available	not available	not available	NT=beam-type collision-induced dissociation;AC=MS:1000422	25 NCE	380m/z-980m/z	not available	not available	4	not available	v3.0.0	ms-proteomics v1.1.0	human v1.1.0	cell-lines v1.1.0	dia-acquisition v1.1.0	Overexpression	ALIX CARM1 WT
Overexpression_ALIX_CARM1_WT_2	Homo sapiens	not available	not available	HEK-ALIX-KO	not available	cell	not available	not available	not available	not available	not available	not available	not available	study sample	22	Overexpression	ALIX CARM1 WT	VVM4134	proteomic profiling by mass spectrometry	VVM4134.raw	ftp://ftp.pride.ebi.ac.uk/pride/data/archive/2026/09/PXD064974/VVM4134.raw	NT=label free sample;AC=MS:1002038	1	1	NT=Orbitrap Astral;AC=MS:1003378	NT=Data-independent acquisition;AC=PRIDE:0000450	not available	not available	not available	NT=beam-type collision-induced dissociation;AC=MS:1000422	25 NCE	380m/z-980m/z	not available	not available	4	not available	v3.0.0	ms-proteomics v1.1.0	human v1.1.0	cell-lines v1.1.0	dia-acquisition v1.1.0	Overexpression	ALIX CARM1 WT
Overexpression_ALIX_CARM1_WT_3	Homo sapiens	not available	not available	HEK-ALIX-KO	not available	cell	not available	not available	not available	not available	not available	not available	not available	study sample	23	Overexpression	ALIX CARM1 WT	VVM4137	proteomic profiling by mass spectrometry	VVM4137.raw	ftp://ftp.pride.ebi.ac.uk/pride/data/archive/2026/09/PXD064974/VVM4137.raw	NT=label free sample;AC=MS:1002038	1	1	NT=Orbitrap Astral;AC=MS:1003378	NT=Data-independent acquisition;AC=PRIDE:0000450	not available	not available	not available	NT=beam-type collision-induced dissociation;AC=MS:1000422	25 NCE	380m/z-980m/z	not available	not available	4	not available	v3.0.0	ms-proteomics v1.1.0	human v1.1.0	cell-lines v1.1.0	dia-acquisition v1.1.0	Overexpression	ALIX CARM1 WT
Overexpression_ALIX_CARM1_WT_4	Homo sapiens	not available	not available	HEK-ALIX-KO	not available	cell	not available	not available	not available	not available	not available	not available	not available	study sample	24	Overexpression	ALIX CARM1 WT	VVM4140	proteomic profiling by mass spectrometry	VVM4140.raw	ftp://ftp.pride.ebi.ac.uk/pride/data/archive/2026/09/PXD064974/VVM4140.raw	NT=label free sample;AC=MS:1002038	1	1	NT=Orbitrap Astral;AC=MS:1003378	NT=Data-independent acquisition;AC=PRIDE:0000450	not available	not available	not available	NT=beam-type collision-induced dissociation;AC=MS:1000422	25 NCE	380m/z-980m/z	not available	not available	4	not available	v3.0.0	ms-proteomics v1.1.0	human v1.1.0	cell-lines v1.1.0	dia-acquisition v1.1.0	Overexpression	ALIX CARM1 WT
Overexpression_ALIX_CARM1_WT_5	Homo sapiens	not available	not available	HEK-ALIX-KO	not available	cell	not available	not available	not available	not available	not available	not available	not available	study sample	25	Overexpression	ALIX CARM1 WT	VVM4143	proteomic profiling by mass spectrometry	VVM4143.raw	ftp://ftp.pride.ebi.ac.uk/pride/data/archive/2026/09/PXD064974/VVM4143.raw	NT=label free sample;AC=MS:1002038	1	1	NT=Orbitrap Astral;AC=MS:1003378	NT=Data-independent acquisition;AC=PRIDE:0000450	not available	not available	not available	NT=beam-type collision-induced dissociation;AC=MS:1000422	25 NCE	380m/z-980m/z	not available	not available	4	not available	v3.0.0	ms-proteomics v1.1.0	human v1.1.0	cell-lines v1.1.0	dia-acquisition v1.1.0	Overexpression	ALIX CARM1 WT
