source name	characteristics[organism]	characteristics[organism part]	characteristics[cell type]	characteristics[disease]	characteristics[material type]	characteristics[sample type]	characteristics[sex]	characteristics[age]	characteristics[developmental stage]	characteristics[individual]	characteristics[pooled sample]	characteristics[biological replicate]	characteristics[cell identifier]	characteristics[single cell isolation protocol]	characteristics[cells per well]	characteristics[anatomical region]	assay name	technology type	comment[data file]	comment[file uri]	comment[label]	comment[technical replicate]	comment[fraction identifier]	comment[instrument]	comment[proteomics data acquisition method]	comment[cleavage agent details]	comment[reduction reagent]	comment[alkylation reagent]	comment[dissociation method]	comment[collision energy]	comment[ms1 scan range]	comment[acquisition scheme]	comment[precursor mass tolerance]	comment[fragment mass tolerance]	comment[sample preparation batch]	comment[modification parameters]	comment[modification parameters]	comment[modification parameters]	comment[sdrf version]	comment[sdrf template]	comment[sdrf template]	comment[sdrf template]	factor value[acquisition scheme]
Xenopus_cell_1	Xenopus laevis	embryo	blastomere	normal	cell	study sample	not available	not available	blastula stage	not available	not pooled	not available	cell_1	manual picking	1	animal cap	2023_07_13_BS02_cell_1_ddaPASEF	proteomic profiling by mass spectrometry	2023_07_13_BS02_cell_1_ddaPASEF.d	ftp://ftp.pride.ebi.ac.uk/pride/data/archive/2025/05/PXD057685/xenopus.zip	NT=label free sample;AC=MS:1002038	1	1	NT=timsTOF Pro;AC=MS:1003005	NT=Data-dependent acquisition;AC=PRIDE:0000627	NT=Trypsin;AC=MS:1001251	not available	not available	NT=collision-induced dissociation;AC=MS:1000133	not available	not available	classical IMS	20 ppm	20 ppm	not available	NT=Carbamidomethyl;AC=UNIMOD:4;MT=fixed;TA=C;PP=Anywhere	NT=Oxidation;AC=UNIMOD:35;MT=variable;TA=M;PP=Anywhere	NT=Acetyl;AC=UNIMOD:1;MT=variable;PP=Protein N-term	v3.0.0	ms-proteomics v1.1.0	vertebrates v1.1.0	single-cell v1.0.0	classical IMS
Xenopus_cell_1	Xenopus laevis	embryo	blastomere	normal	cell	study sample	not available	not available	blastula stage	not available	not pooled	not available	cell_1	manual picking	1	animal cap	2023_07_13_BS03_cell_1_EcoddaPASEF	proteomic profiling by mass spectrometry	2023_07_13_BS03_cell_1_EcoddaPASEF.d	ftp://ftp.pride.ebi.ac.uk/pride/data/archive/2025/05/PXD057685/xenopus.zip	NT=label free sample;AC=MS:1002038	2	1	NT=timsTOF Pro;AC=MS:1003005	NT=Data-dependent acquisition;AC=PRIDE:0000627	NT=Trypsin;AC=MS:1001251	not available	not available	NT=collision-induced dissociation;AC=MS:1000133	not available	not available	Eco-IMS	20 ppm	20 ppm	not available	NT=Carbamidomethyl;AC=UNIMOD:4;MT=fixed;TA=C;PP=Anywhere	NT=Oxidation;AC=UNIMOD:35;MT=variable;TA=M;PP=Anywhere	NT=Acetyl;AC=UNIMOD:1;MT=variable;PP=Protein N-term	v3.0.0	ms-proteomics v1.1.0	vertebrates v1.1.0	single-cell v1.0.0	Eco-IMS
Xenopus_cell_2	Xenopus laevis	embryo	blastomere	normal	cell	study sample	not available	not available	blastula stage	not available	not pooled	not available	cell_2	manual picking	1	animal cap	2023_07_14_BS01_cell_2_ddaPASEF	proteomic profiling by mass spectrometry	2023_07_14_BS01_cell_2_ddaPASEF.d	ftp://ftp.pride.ebi.ac.uk/pride/data/archive/2025/05/PXD057685/xenopus.zip	NT=label free sample;AC=MS:1002038	1	1	NT=timsTOF Pro;AC=MS:1003005	NT=Data-dependent acquisition;AC=PRIDE:0000627	NT=Trypsin;AC=MS:1001251	not available	not available	NT=collision-induced dissociation;AC=MS:1000133	not available	not available	classical IMS	20 ppm	20 ppm	not available	NT=Carbamidomethyl;AC=UNIMOD:4;MT=fixed;TA=C;PP=Anywhere	NT=Oxidation;AC=UNIMOD:35;MT=variable;TA=M;PP=Anywhere	NT=Acetyl;AC=UNIMOD:1;MT=variable;PP=Protein N-term	v3.0.0	ms-proteomics v1.1.0	vertebrates v1.1.0	single-cell v1.0.0	classical IMS
Xenopus_cell_2	Xenopus laevis	embryo	blastomere	normal	cell	study sample	not available	not available	blastula stage	not available	not pooled	not available	cell_2	manual picking	1	animal cap	2023_07_14_BS02_cell_2_EcoddaPASEF	proteomic profiling by mass spectrometry	2023_07_14_BS02_cell_2_EcoddaPASEF.d	ftp://ftp.pride.ebi.ac.uk/pride/data/archive/2025/05/PXD057685/xenopus.zip	NT=label free sample;AC=MS:1002038	2	1	NT=timsTOF Pro;AC=MS:1003005	NT=Data-dependent acquisition;AC=PRIDE:0000627	NT=Trypsin;AC=MS:1001251	not available	not available	NT=collision-induced dissociation;AC=MS:1000133	not available	not available	Eco-IMS	20 ppm	20 ppm	not available	NT=Carbamidomethyl;AC=UNIMOD:4;MT=fixed;TA=C;PP=Anywhere	NT=Oxidation;AC=UNIMOD:35;MT=variable;TA=M;PP=Anywhere	NT=Acetyl;AC=UNIMOD:1;MT=variable;PP=Protein N-term	v3.0.0	ms-proteomics v1.1.0	vertebrates v1.1.0	single-cell v1.0.0	Eco-IMS
Xenopus_cell_3	Xenopus laevis	embryo	blastomere	normal	cell	study sample	not available	not available	blastula stage	not available	not pooled	not available	cell_3	manual picking	1	animal cap	2023_07_14_BS03_cell_3_ddaPASEF	proteomic profiling by mass spectrometry	2023_07_14_BS03_cell_3_ddaPASEF.d	ftp://ftp.pride.ebi.ac.uk/pride/data/archive/2025/05/PXD057685/xenopus.zip	NT=label free sample;AC=MS:1002038	1	1	NT=timsTOF Pro;AC=MS:1003005	NT=Data-dependent acquisition;AC=PRIDE:0000627	NT=Trypsin;AC=MS:1001251	not available	not available	NT=collision-induced dissociation;AC=MS:1000133	not available	not available	classical IMS	20 ppm	20 ppm	not available	NT=Carbamidomethyl;AC=UNIMOD:4;MT=fixed;TA=C;PP=Anywhere	NT=Oxidation;AC=UNIMOD:35;MT=variable;TA=M;PP=Anywhere	NT=Acetyl;AC=UNIMOD:1;MT=variable;PP=Protein N-term	v3.0.0	ms-proteomics v1.1.0	vertebrates v1.1.0	single-cell v1.0.0	classical IMS
Xenopus_cell_4	Xenopus laevis	embryo	blastomere	normal	cell	study sample	not available	not available	blastula stage	not available	not pooled	not available	cell_4	manual picking	1	animal cap	2023_07_14_BS04_cell_4_ddaPASEF	proteomic profiling by mass spectrometry	2023_07_14_BS04_cell_4_ddaPASEF.d	ftp://ftp.pride.ebi.ac.uk/pride/data/archive/2025/05/PXD057685/xenopus.zip	NT=label free sample;AC=MS:1002038	1	1	NT=timsTOF Pro;AC=MS:1003005	NT=Data-dependent acquisition;AC=PRIDE:0000627	NT=Trypsin;AC=MS:1001251	not available	not available	NT=collision-induced dissociation;AC=MS:1000133	not available	not available	classical IMS	20 ppm	20 ppm	not available	NT=Carbamidomethyl;AC=UNIMOD:4;MT=fixed;TA=C;PP=Anywhere	NT=Oxidation;AC=UNIMOD:35;MT=variable;TA=M;PP=Anywhere	NT=Acetyl;AC=UNIMOD:1;MT=variable;PP=Protein N-term	v3.0.0	ms-proteomics v1.1.0	vertebrates v1.1.0	single-cell v1.0.0	classical IMS
Xenopus_cell_4	Xenopus laevis	embryo	blastomere	normal	cell	study sample	not available	not available	blastula stage	not available	not pooled	not available	cell_4	manual picking	1	animal cap	2023_07_14_BS05_cell_4_EcoddaPASEF	proteomic profiling by mass spectrometry	2023_07_14_BS05_cell_4_EcoddaPASEF.d	ftp://ftp.pride.ebi.ac.uk/pride/data/archive/2025/05/PXD057685/xenopus.zip	NT=label free sample;AC=MS:1002038	2	1	NT=timsTOF Pro;AC=MS:1003005	NT=Data-dependent acquisition;AC=PRIDE:0000627	NT=Trypsin;AC=MS:1001251	not available	not available	NT=collision-induced dissociation;AC=MS:1000133	not available	not available	Eco-IMS	20 ppm	20 ppm	not available	NT=Carbamidomethyl;AC=UNIMOD:4;MT=fixed;TA=C;PP=Anywhere	NT=Oxidation;AC=UNIMOD:35;MT=variable;TA=M;PP=Anywhere	NT=Acetyl;AC=UNIMOD:1;MT=variable;PP=Protein N-term	v3.0.0	ms-proteomics v1.1.0	vertebrates v1.1.0	single-cell v1.0.0	Eco-IMS
Xenopus_cell_5	Xenopus laevis	embryo	blastomere	normal	cell	study sample	not available	not available	blastula stage	not available	not pooled	not available	cell_5	manual picking	1	animal cap	2023_07_17_BS02_cell_5_EcoddaPASEF	proteomic profiling by mass spectrometry	2023_07_17_BS02_cell_5_EcoddaPASEF.d	ftp://ftp.pride.ebi.ac.uk/pride/data/archive/2025/05/PXD057685/xenopus.zip	NT=label free sample;AC=MS:1002038	2	1	NT=timsTOF Pro;AC=MS:1003005	NT=Data-dependent acquisition;AC=PRIDE:0000627	NT=Trypsin;AC=MS:1001251	not available	not available	NT=collision-induced dissociation;AC=MS:1000133	not available	not available	Eco-IMS	20 ppm	20 ppm	not available	NT=Carbamidomethyl;AC=UNIMOD:4;MT=fixed;TA=C;PP=Anywhere	NT=Oxidation;AC=UNIMOD:35;MT=variable;TA=M;PP=Anywhere	NT=Acetyl;AC=UNIMOD:1;MT=variable;PP=Protein N-term	v3.0.0	ms-proteomics v1.1.0	vertebrates v1.1.0	single-cell v1.0.0	Eco-IMS
Xenopus_cell_5	Xenopus laevis	embryo	blastomere	normal	cell	study sample	not available	not available	blastula stage	not available	not pooled	not available	cell_5	manual picking	1	animal cap	2023_07_17_BS03_cell_5_ddaPASEF	proteomic profiling by mass spectrometry	2023_07_17_BS03_cell_5_ddaPASEF.d	ftp://ftp.pride.ebi.ac.uk/pride/data/archive/2025/05/PXD057685/xenopus.zip	NT=label free sample;AC=MS:1002038	1	1	NT=timsTOF Pro;AC=MS:1003005	NT=Data-dependent acquisition;AC=PRIDE:0000627	NT=Trypsin;AC=MS:1001251	not available	not available	NT=collision-induced dissociation;AC=MS:1000133	not available	not available	classical IMS	20 ppm	20 ppm	not available	NT=Carbamidomethyl;AC=UNIMOD:4;MT=fixed;TA=C;PP=Anywhere	NT=Oxidation;AC=UNIMOD:35;MT=variable;TA=M;PP=Anywhere	NT=Acetyl;AC=UNIMOD:1;MT=variable;PP=Protein N-term	v3.0.0	ms-proteomics v1.1.0	vertebrates v1.1.0	single-cell v1.0.0	classical IMS
Xenopus_cell_3	Xenopus laevis	embryo	blastomere	normal	cell	study sample	not available	not available	blastula stage	not available	not pooled	not available	cell_3	manual picking	1	animal cap	2023_07_18_BS02_cell_3_EcoddaPASEF	proteomic profiling by mass spectrometry	2023_07_18_BS02_cell_3_EcoddaPASEF.d	ftp://ftp.pride.ebi.ac.uk/pride/data/archive/2025/05/PXD057685/xenopus.zip	NT=label free sample;AC=MS:1002038	2	1	NT=timsTOF Pro;AC=MS:1003005	NT=Data-dependent acquisition;AC=PRIDE:0000627	NT=Trypsin;AC=MS:1001251	not available	not available	NT=collision-induced dissociation;AC=MS:1000133	not available	not available	Eco-IMS	20 ppm	20 ppm	not available	NT=Carbamidomethyl;AC=UNIMOD:4;MT=fixed;TA=C;PP=Anywhere	NT=Oxidation;AC=UNIMOD:35;MT=variable;TA=M;PP=Anywhere	NT=Acetyl;AC=UNIMOD:1;MT=variable;PP=Protein N-term	v3.0.0	ms-proteomics v1.1.0	vertebrates v1.1.0	single-cell v1.0.0	Eco-IMS
Xenopus_cell_6	Xenopus laevis	embryo	blastomere	normal	cell	study sample	not available	not available	blastula stage	not available	not pooled	not available	cell_6	manual picking	1	animal cap	2023_07_19_BS02_cell_6_EcoddaPASEF	proteomic profiling by mass spectrometry	2023_07_19_BS02_cell_6_EcoddaPASEF.d	ftp://ftp.pride.ebi.ac.uk/pride/data/archive/2025/05/PXD057685/xenopus.zip	NT=label free sample;AC=MS:1002038	2	1	NT=timsTOF Pro;AC=MS:1003005	NT=Data-dependent acquisition;AC=PRIDE:0000627	NT=Trypsin;AC=MS:1001251	not available	not available	NT=collision-induced dissociation;AC=MS:1000133	not available	not available	Eco-IMS	20 ppm	20 ppm	not available	NT=Carbamidomethyl;AC=UNIMOD:4;MT=fixed;TA=C;PP=Anywhere	NT=Oxidation;AC=UNIMOD:35;MT=variable;TA=M;PP=Anywhere	NT=Acetyl;AC=UNIMOD:1;MT=variable;PP=Protein N-term	v3.0.0	ms-proteomics v1.1.0	vertebrates v1.1.0	single-cell v1.0.0	Eco-IMS
Xenopus_cell_6	Xenopus laevis	embryo	blastomere	normal	cell	study sample	not available	not available	blastula stage	not available	not pooled	not available	cell_6	manual picking	1	animal cap	2023_07_19_BS03_cell_6_ddaPASEF	proteomic profiling by mass spectrometry	2023_07_19_BS03_cell_6_ddaPASEF.d	ftp://ftp.pride.ebi.ac.uk/pride/data/archive/2025/05/PXD057685/xenopus.zip	NT=label free sample;AC=MS:1002038	1	1	NT=timsTOF Pro;AC=MS:1003005	NT=Data-dependent acquisition;AC=PRIDE:0000627	NT=Trypsin;AC=MS:1001251	not available	not available	NT=collision-induced dissociation;AC=MS:1000133	not available	not available	classical IMS	20 ppm	20 ppm	not available	NT=Carbamidomethyl;AC=UNIMOD:4;MT=fixed;TA=C;PP=Anywhere	NT=Oxidation;AC=UNIMOD:35;MT=variable;TA=M;PP=Anywhere	NT=Acetyl;AC=UNIMOD:1;MT=variable;PP=Protein N-term	v3.0.0	ms-proteomics v1.1.0	vertebrates v1.1.0	single-cell v1.0.0	classical IMS
Xenopus_cell_7	Xenopus laevis	embryo	blastomere	normal	cell	study sample	not available	not available	blastula stage	not available	not pooled	not available	cell_7	manual picking	1	animal cap	2023_07_27_BS04_cell_7_ddaPASEF	proteomic profiling by mass spectrometry	2023_07_27_BS04_cell_7_ddaPASEF.d	ftp://ftp.pride.ebi.ac.uk/pride/data/archive/2025/05/PXD057685/xenopus.zip	NT=label free sample;AC=MS:1002038	1	1	NT=timsTOF Pro;AC=MS:1003005	NT=Data-dependent acquisition;AC=PRIDE:0000627	NT=Trypsin;AC=MS:1001251	not available	not available	NT=collision-induced dissociation;AC=MS:1000133	not available	not available	classical IMS	20 ppm	20 ppm	not available	NT=Carbamidomethyl;AC=UNIMOD:4;MT=fixed;TA=C;PP=Anywhere	NT=Oxidation;AC=UNIMOD:35;MT=variable;TA=M;PP=Anywhere	NT=Acetyl;AC=UNIMOD:1;MT=variable;PP=Protein N-term	v3.0.0	ms-proteomics v1.1.0	vertebrates v1.1.0	single-cell v1.0.0	classical IMS
Xenopus_cell_7	Xenopus laevis	embryo	blastomere	normal	cell	study sample	not available	not available	blastula stage	not available	not pooled	not available	cell_7	manual picking	1	animal cap	2023_07_27_BS05_cell_7_EcoddaPASEF	proteomic profiling by mass spectrometry	2023_07_27_BS05_cell_7_EcoddaPASEF.d	ftp://ftp.pride.ebi.ac.uk/pride/data/archive/2025/05/PXD057685/xenopus.zip	NT=label free sample;AC=MS:1002038	2	1	NT=timsTOF Pro;AC=MS:1003005	NT=Data-dependent acquisition;AC=PRIDE:0000627	NT=Trypsin;AC=MS:1001251	not available	not available	NT=collision-induced dissociation;AC=MS:1000133	not available	not available	Eco-IMS	20 ppm	20 ppm	not available	NT=Carbamidomethyl;AC=UNIMOD:4;MT=fixed;TA=C;PP=Anywhere	NT=Oxidation;AC=UNIMOD:35;MT=variable;TA=M;PP=Anywhere	NT=Acetyl;AC=UNIMOD:1;MT=variable;PP=Protein N-term	v3.0.0	ms-proteomics v1.1.0	vertebrates v1.1.0	single-cell v1.0.0	Eco-IMS
Xenopus_cell_8	Xenopus laevis	embryo	blastomere	normal	cell	study sample	not available	not available	blastula stage	not available	not pooled	not available	cell_8	manual picking	1	animal cap	2023_8_2_BS02_cell_8_EcoddaPASEF_	proteomic profiling by mass spectrometry	2023_8_2_BS02_cell_8_EcoddaPASEF_.d	ftp://ftp.pride.ebi.ac.uk/pride/data/archive/2025/05/PXD057685/xenopus.zip	NT=label free sample;AC=MS:1002038	2	1	NT=timsTOF Pro;AC=MS:1003005	NT=Data-dependent acquisition;AC=PRIDE:0000627	NT=Trypsin;AC=MS:1001251	not available	not available	NT=collision-induced dissociation;AC=MS:1000133	not available	not available	Eco-IMS	20 ppm	20 ppm	not available	NT=Carbamidomethyl;AC=UNIMOD:4;MT=fixed;TA=C;PP=Anywhere	NT=Oxidation;AC=UNIMOD:35;MT=variable;TA=M;PP=Anywhere	NT=Acetyl;AC=UNIMOD:1;MT=variable;PP=Protein N-term	v3.0.0	ms-proteomics v1.1.0	vertebrates v1.1.0	single-cell v1.0.0	Eco-IMS
Xenopus_cell_8	Xenopus laevis	embryo	blastomere	normal	cell	study sample	not available	not available	blastula stage	not available	not pooled	not available	cell_8	manual picking	1	animal cap	2023_8_2_BS03_cell_8_ddaPASEF_	proteomic profiling by mass spectrometry	2023_8_2_BS03_cell_8_ddaPASEF_.d	ftp://ftp.pride.ebi.ac.uk/pride/data/archive/2025/05/PXD057685/xenopus.zip	NT=label free sample;AC=MS:1002038	1	1	NT=timsTOF Pro;AC=MS:1003005	NT=Data-dependent acquisition;AC=PRIDE:0000627	NT=Trypsin;AC=MS:1001251	not available	not available	NT=collision-induced dissociation;AC=MS:1000133	not available	not available	classical IMS	20 ppm	20 ppm	not available	NT=Carbamidomethyl;AC=UNIMOD:4;MT=fixed;TA=C;PP=Anywhere	NT=Oxidation;AC=UNIMOD:35;MT=variable;TA=M;PP=Anywhere	NT=Acetyl;AC=UNIMOD:1;MT=variable;PP=Protein N-term	v3.0.0	ms-proteomics v1.1.0	vertebrates v1.1.0	single-cell v1.0.0	classical IMS
Xenopus_cell_9	Xenopus laevis	embryo	blastomere	normal	cell	study sample	not available	not available	blastula stage	not available	not pooled	not available	cell_9	manual picking	1	animal cap	2023_8_2_BS04_cell_9_EcoddaPASEF_	proteomic profiling by mass spectrometry	2023_8_2_BS04_cell_9_EcoddaPASEF_.d	ftp://ftp.pride.ebi.ac.uk/pride/data/archive/2025/05/PXD057685/xenopus.zip	NT=label free sample;AC=MS:1002038	2	1	NT=timsTOF Pro;AC=MS:1003005	NT=Data-dependent acquisition;AC=PRIDE:0000627	NT=Trypsin;AC=MS:1001251	not available	not available	NT=collision-induced dissociation;AC=MS:1000133	not available	not available	Eco-IMS	20 ppm	20 ppm	not available	NT=Carbamidomethyl;AC=UNIMOD:4;MT=fixed;TA=C;PP=Anywhere	NT=Oxidation;AC=UNIMOD:35;MT=variable;TA=M;PP=Anywhere	NT=Acetyl;AC=UNIMOD:1;MT=variable;PP=Protein N-term	v3.0.0	ms-proteomics v1.1.0	vertebrates v1.1.0	single-cell v1.0.0	Eco-IMS
Xenopus_cell_9	Xenopus laevis	embryo	blastomere	normal	cell	study sample	not available	not available	blastula stage	not available	not pooled	not available	cell_9	manual picking	1	animal cap	2023_8_2_BS05_cell_9_ddaPASEF_	proteomic profiling by mass spectrometry	2023_8_2_BS05_cell_9_ddaPASEF_.d	ftp://ftp.pride.ebi.ac.uk/pride/data/archive/2025/05/PXD057685/xenopus.zip	NT=label free sample;AC=MS:1002038	1	1	NT=timsTOF Pro;AC=MS:1003005	NT=Data-dependent acquisition;AC=PRIDE:0000627	NT=Trypsin;AC=MS:1001251	not available	not available	NT=collision-induced dissociation;AC=MS:1000133	not available	not available	classical IMS	20 ppm	20 ppm	not available	NT=Carbamidomethyl;AC=UNIMOD:4;MT=fixed;TA=C;PP=Anywhere	NT=Oxidation;AC=UNIMOD:35;MT=variable;TA=M;PP=Anywhere	NT=Acetyl;AC=UNIMOD:1;MT=variable;PP=Protein N-term	v3.0.0	ms-proteomics v1.1.0	vertebrates v1.1.0	single-cell v1.0.0	classical IMS
