source name	characteristics[organism]	characteristics[organism part]	characteristics[cell type]	characteristics[material type]	characteristics[disease]	characteristics[sample type]	characteristics[strain]	characteristics[age]	characteristics[sex]	characteristics[developmental stage]	characteristics[individual]	characteristics[biological replicate]	characteristics[pooled sample]	characteristics[author group code]	characteristics[treatment]	assay name	technology type	comment[data file]	comment[file uri]	comment[label]	comment[technical replicate]	comment[fraction identifier]	comment[instrument]	comment[proteomics data acquisition method]	comment[cleavage agent details]	comment[reduction reagent]	comment[alkylation reagent]	comment[dissociation method]	comment[collision energy]	comment[ms1 scan range]	comment[precursor mass tolerance]	comment[fragment mass tolerance]	comment[modification parameters]	comment[modification parameters]	comment[modification parameters]	comment[modification parameters]	comment[modification parameters]	comment[modification parameters]	comment[sdrf version]	comment[sdrf template]	comment[sdrf template]	factor value[author group code]
53_620H	Mus musculus	liver	not available	tissue	not available	study sample	C57BL/6JOlaHsd	not available	not available	not available	not available	not available	not available	H	not available	Refxxx_JM_07_20200319	proteomic profiling by mass spectrometry	Refxxx_JM_07_20200319.raw	ftp://ftp.pride.ebi.ac.uk/pride/data/archive/2026/09/PXD084769/Refxxx_JM_07_20200319.raw	NT=label free sample;AC=MS:1002038	1	1	NT=Q Exactive HF;AC=MS:1002523	NT=Data-dependent acquisition;AC=PRIDE:0000627	NT=Trypsin;AC=MS:1001251	not available	not available	NT=beam-type collision-induced dissociation;AC=MS:1000422	27 NCE	250m/z-1600m/z	not available	not available	NT=Acetyl;AC=UNIMOD:1;MT=variable;TA=K;PP=Anywhere	NT=Dimethyl;AC=UNIMOD:36;MT=variable;TA=K;PP=Anywhere	NT=Trimethyl;AC=UNIMOD:37;MT=variable;TA=K;PP=Anywhere	NT=Propionyl;AC=UNIMOD:58;MT=variable;TA=K;PP=Anywhere	NT=Monomethyl_Prop(K);MT=variable;TA=K;PP=Anywhere	NT=Oxidation;AC=UNIMOD:35;MT=variable;TA=M;PP=Anywhere	v3.0.0	ms-proteomics v1.1.0	vertebrates v1.1.0	H
1_627H	Mus musculus	liver	not available	tissue	not available	study sample	C57BL/6JOlaHsd	not available	not available	not available	not available	not available	not available	H	not available	Refxxx_JM_10_20200319	proteomic profiling by mass spectrometry	Refxxx_JM_10_20200319.raw	ftp://ftp.pride.ebi.ac.uk/pride/data/archive/2026/09/PXD084769/Refxxx_JM_10_20200319.raw	NT=label free sample;AC=MS:1002038	1	1	NT=Q Exactive HF;AC=MS:1002523	NT=Data-dependent acquisition;AC=PRIDE:0000627	NT=Trypsin;AC=MS:1001251	not available	not available	NT=beam-type collision-induced dissociation;AC=MS:1000422	27 NCE	250m/z-1600m/z	not available	not available	NT=Acetyl;AC=UNIMOD:1;MT=variable;TA=K;PP=Anywhere	NT=Dimethyl;AC=UNIMOD:36;MT=variable;TA=K;PP=Anywhere	NT=Trimethyl;AC=UNIMOD:37;MT=variable;TA=K;PP=Anywhere	NT=Propionyl;AC=UNIMOD:58;MT=variable;TA=K;PP=Anywhere	NT=Monomethyl_Prop(K);MT=variable;TA=K;PP=Anywhere	NT=Oxidation;AC=UNIMOD:35;MT=variable;TA=M;PP=Anywhere	v3.0.0	ms-proteomics v1.1.0	vertebrates v1.1.0	H
69_672E	Mus musculus	liver	not available	tissue	not available	study sample	C57BL/6JOlaHsd	not available	not available	not available	not available	not available	not available	E	not available	Refxxx_JM_32_20200319	proteomic profiling by mass spectrometry	Refxxx_JM_32_20200319.raw	ftp://ftp.pride.ebi.ac.uk/pride/data/archive/2026/09/PXD084769/Refxxx_JM_32_20200319.raw	NT=label free sample;AC=MS:1002038	1	1	NT=Q Exactive HF;AC=MS:1002523	NT=Data-dependent acquisition;AC=PRIDE:0000627	NT=Trypsin;AC=MS:1001251	not available	not available	NT=beam-type collision-induced dissociation;AC=MS:1000422	27 NCE	250m/z-1600m/z	not available	not available	NT=Acetyl;AC=UNIMOD:1;MT=variable;TA=K;PP=Anywhere	NT=Dimethyl;AC=UNIMOD:36;MT=variable;TA=K;PP=Anywhere	NT=Trimethyl;AC=UNIMOD:37;MT=variable;TA=K;PP=Anywhere	NT=Propionyl;AC=UNIMOD:58;MT=variable;TA=K;PP=Anywhere	NT=Monomethyl_Prop(K);MT=variable;TA=K;PP=Anywhere	NT=Oxidation;AC=UNIMOD:35;MT=variable;TA=M;PP=Anywhere	v3.0.0	ms-proteomics v1.1.0	vertebrates v1.1.0	E
39_675I	Mus musculus	liver	not available	tissue	not available	study sample	C57BL/6JOlaHsd	not available	not available	not available	not available	not available	not available	I	not available	Refxxx_JM_22_20200319	proteomic profiling by mass spectrometry	Refxxx_JM_22_20200319.raw	ftp://ftp.pride.ebi.ac.uk/pride/data/archive/2026/09/PXD084769/Refxxx_JM_22_20200319.raw	NT=label free sample;AC=MS:1002038	1	1	NT=Q Exactive HF;AC=MS:1002523	NT=Data-dependent acquisition;AC=PRIDE:0000627	NT=Trypsin;AC=MS:1001251	not available	not available	NT=beam-type collision-induced dissociation;AC=MS:1000422	27 NCE	250m/z-1600m/z	not available	not available	NT=Acetyl;AC=UNIMOD:1;MT=variable;TA=K;PP=Anywhere	NT=Dimethyl;AC=UNIMOD:36;MT=variable;TA=K;PP=Anywhere	NT=Trimethyl;AC=UNIMOD:37;MT=variable;TA=K;PP=Anywhere	NT=Propionyl;AC=UNIMOD:58;MT=variable;TA=K;PP=Anywhere	NT=Monomethyl_Prop(K);MT=variable;TA=K;PP=Anywhere	NT=Oxidation;AC=UNIMOD:35;MT=variable;TA=M;PP=Anywhere	v3.0.0	ms-proteomics v1.1.0	vertebrates v1.1.0	I
55_664I	Mus musculus	liver	not available	tissue	not available	study sample	C57BL/6JOlaHsd	not available	not available	not available	not available	not available	not available	I	not available	Refxxx_JM_28_20200319	proteomic profiling by mass spectrometry	Refxxx_JM_28_20200319.raw	ftp://ftp.pride.ebi.ac.uk/pride/data/archive/2026/09/PXD084769/Refxxx_JM_28_20200319.raw	NT=label free sample;AC=MS:1002038	1	1	NT=Q Exactive HF;AC=MS:1002523	NT=Data-dependent acquisition;AC=PRIDE:0000627	NT=Trypsin;AC=MS:1001251	not available	not available	NT=beam-type collision-induced dissociation;AC=MS:1000422	27 NCE	250m/z-1600m/z	not available	not available	NT=Acetyl;AC=UNIMOD:1;MT=variable;TA=K;PP=Anywhere	NT=Dimethyl;AC=UNIMOD:36;MT=variable;TA=K;PP=Anywhere	NT=Trimethyl;AC=UNIMOD:37;MT=variable;TA=K;PP=Anywhere	NT=Propionyl;AC=UNIMOD:58;MT=variable;TA=K;PP=Anywhere	NT=Monomethyl_Prop(K);MT=variable;TA=K;PP=Anywhere	NT=Oxidation;AC=UNIMOD:35;MT=variable;TA=M;PP=Anywhere	v3.0.0	ms-proteomics v1.1.0	vertebrates v1.1.0	I
47_670E	Mus musculus	liver	not available	tissue	not available	study sample	C57BL/6JOlaHsd	not available	not available	not available	not available	not available	not available	E	not available	Refxxx_JM_31_20200319	proteomic profiling by mass spectrometry	Refxxx_JM_31_20200319.raw	ftp://ftp.pride.ebi.ac.uk/pride/data/archive/2026/09/PXD084769/Refxxx_JM_31_20200319.raw	NT=label free sample;AC=MS:1002038	1	1	NT=Q Exactive HF;AC=MS:1002523	NT=Data-dependent acquisition;AC=PRIDE:0000627	NT=Trypsin;AC=MS:1001251	not available	not available	NT=beam-type collision-induced dissociation;AC=MS:1000422	27 NCE	250m/z-1600m/z	not available	not available	NT=Acetyl;AC=UNIMOD:1;MT=variable;TA=K;PP=Anywhere	NT=Dimethyl;AC=UNIMOD:36;MT=variable;TA=K;PP=Anywhere	NT=Trimethyl;AC=UNIMOD:37;MT=variable;TA=K;PP=Anywhere	NT=Propionyl;AC=UNIMOD:58;MT=variable;TA=K;PP=Anywhere	NT=Monomethyl_Prop(K);MT=variable;TA=K;PP=Anywhere	NT=Oxidation;AC=UNIMOD:35;MT=variable;TA=M;PP=Anywhere	v3.0.0	ms-proteomics v1.1.0	vertebrates v1.1.0	E
67_643C	Mus musculus	liver	not available	tissue	not available	study sample	C57BL/6JOlaHsd	not available	not available	not available	not available	not available	not available	C	not available	Refxxx_JM_15_20200319	proteomic profiling by mass spectrometry	Refxxx_JM_15_20200319.raw	ftp://ftp.pride.ebi.ac.uk/pride/data/archive/2026/09/PXD084769/Refxxx_JM_15_20200319.raw	NT=label free sample;AC=MS:1002038	1	1	NT=Q Exactive HF;AC=MS:1002523	NT=Data-dependent acquisition;AC=PRIDE:0000627	NT=Trypsin;AC=MS:1001251	not available	not available	NT=beam-type collision-induced dissociation;AC=MS:1000422	27 NCE	250m/z-1600m/z	not available	not available	NT=Acetyl;AC=UNIMOD:1;MT=variable;TA=K;PP=Anywhere	NT=Dimethyl;AC=UNIMOD:36;MT=variable;TA=K;PP=Anywhere	NT=Trimethyl;AC=UNIMOD:37;MT=variable;TA=K;PP=Anywhere	NT=Propionyl;AC=UNIMOD:58;MT=variable;TA=K;PP=Anywhere	NT=Monomethyl_Prop(K);MT=variable;TA=K;PP=Anywhere	NT=Oxidation;AC=UNIMOD:35;MT=variable;TA=M;PP=Anywhere	v3.0.0	ms-proteomics v1.1.0	vertebrates v1.1.0	C
29_601H	Mus musculus	liver	not available	tissue	not available	study sample	C57BL/6JOlaHsd	not available	not available	not available	not available	not available	not available	H	not available	Refxxx_JM_01_20200319	proteomic profiling by mass spectrometry	Refxxx_JM_01_20200319.raw	ftp://ftp.pride.ebi.ac.uk/pride/data/archive/2026/09/PXD084769/Refxxx_JM_01_20200319.raw	NT=label free sample;AC=MS:1002038	1	1	NT=Q Exactive HF;AC=MS:1002523	NT=Data-dependent acquisition;AC=PRIDE:0000627	NT=Trypsin;AC=MS:1001251	not available	not available	NT=beam-type collision-induced dissociation;AC=MS:1000422	27 NCE	250m/z-1600m/z	not available	not available	NT=Acetyl;AC=UNIMOD:1;MT=variable;TA=K;PP=Anywhere	NT=Dimethyl;AC=UNIMOD:36;MT=variable;TA=K;PP=Anywhere	NT=Trimethyl;AC=UNIMOD:37;MT=variable;TA=K;PP=Anywhere	NT=Propionyl;AC=UNIMOD:58;MT=variable;TA=K;PP=Anywhere	NT=Monomethyl_Prop(K);MT=variable;TA=K;PP=Anywhere	NT=Oxidation;AC=UNIMOD:35;MT=variable;TA=M;PP=Anywhere	v3.0.0	ms-proteomics v1.1.0	vertebrates v1.1.0	H
34_665I	Mus musculus	liver	not available	tissue	not available	study sample	C57BL/6JOlaHsd	not available	not available	not available	not available	not available	not available	I	not available	Refxxx_JM_29_20200319	proteomic profiling by mass spectrometry	Refxxx_JM_29_20200319.raw	ftp://ftp.pride.ebi.ac.uk/pride/data/archive/2026/09/PXD084769/Refxxx_JM_29_20200319.raw	NT=label free sample;AC=MS:1002038	1	1	NT=Q Exactive HF;AC=MS:1002523	NT=Data-dependent acquisition;AC=PRIDE:0000627	NT=Trypsin;AC=MS:1001251	not available	not available	NT=beam-type collision-induced dissociation;AC=MS:1000422	27 NCE	250m/z-1600m/z	not available	not available	NT=Acetyl;AC=UNIMOD:1;MT=variable;TA=K;PP=Anywhere	NT=Dimethyl;AC=UNIMOD:36;MT=variable;TA=K;PP=Anywhere	NT=Trimethyl;AC=UNIMOD:37;MT=variable;TA=K;PP=Anywhere	NT=Propionyl;AC=UNIMOD:58;MT=variable;TA=K;PP=Anywhere	NT=Monomethyl_Prop(K);MT=variable;TA=K;PP=Anywhere	NT=Oxidation;AC=UNIMOD:35;MT=variable;TA=M;PP=Anywhere	v3.0.0	ms-proteomics v1.1.0	vertebrates v1.1.0	I
13_689E	Mus musculus	liver	not available	tissue	not available	study sample	C57BL/6JOlaHsd	not available	not available	not available	not available	not available	not available	E	not available	Refxxx_JM_36_20200319	proteomic profiling by mass spectrometry	Refxxx_JM_36_20200319.raw	ftp://ftp.pride.ebi.ac.uk/pride/data/archive/2026/09/PXD084769/Refxxx_JM_36_20200319.raw	NT=label free sample;AC=MS:1002038	1	1	NT=Q Exactive HF;AC=MS:1002523	NT=Data-dependent acquisition;AC=PRIDE:0000627	NT=Trypsin;AC=MS:1001251	not available	not available	NT=beam-type collision-induced dissociation;AC=MS:1000422	27 NCE	250m/z-1600m/z	not available	not available	NT=Acetyl;AC=UNIMOD:1;MT=variable;TA=K;PP=Anywhere	NT=Dimethyl;AC=UNIMOD:36;MT=variable;TA=K;PP=Anywhere	NT=Trimethyl;AC=UNIMOD:37;MT=variable;TA=K;PP=Anywhere	NT=Propionyl;AC=UNIMOD:58;MT=variable;TA=K;PP=Anywhere	NT=Monomethyl_Prop(K);MT=variable;TA=K;PP=Anywhere	NT=Oxidation;AC=UNIMOD:35;MT=variable;TA=M;PP=Anywhere	v3.0.0	ms-proteomics v1.1.0	vertebrates v1.1.0	E
33_645C	Mus musculus	liver	not available	tissue	not available	study sample	C57BL/6JOlaHsd	not available	not available	not available	not available	not available	not available	C	not available	Refxxx_JM_17_20200319	proteomic profiling by mass spectrometry	Refxxx_JM_17_20200319.raw	ftp://ftp.pride.ebi.ac.uk/pride/data/archive/2026/09/PXD084769/Refxxx_JM_17_20200319.raw	NT=label free sample;AC=MS:1002038	1	1	NT=Q Exactive HF;AC=MS:1002523	NT=Data-dependent acquisition;AC=PRIDE:0000627	NT=Trypsin;AC=MS:1001251	not available	not available	NT=beam-type collision-induced dissociation;AC=MS:1000422	27 NCE	250m/z-1600m/z	not available	not available	NT=Acetyl;AC=UNIMOD:1;MT=variable;TA=K;PP=Anywhere	NT=Dimethyl;AC=UNIMOD:36;MT=variable;TA=K;PP=Anywhere	NT=Trimethyl;AC=UNIMOD:37;MT=variable;TA=K;PP=Anywhere	NT=Propionyl;AC=UNIMOD:58;MT=variable;TA=K;PP=Anywhere	NT=Monomethyl_Prop(K);MT=variable;TA=K;PP=Anywhere	NT=Oxidation;AC=UNIMOD:35;MT=variable;TA=M;PP=Anywhere	v3.0.0	ms-proteomics v1.1.0	vertebrates v1.1.0	C
43_666I	Mus musculus	liver	not available	tissue	not available	study sample	C57BL/6JOlaHsd	not available	not available	not available	not available	not available	not available	I	not available	Refxxx_JM_30_20200319	proteomic profiling by mass spectrometry	Refxxx_JM_30_20200319.raw	ftp://ftp.pride.ebi.ac.uk/pride/data/archive/2026/09/PXD084769/Refxxx_JM_30_20200319.raw	NT=label free sample;AC=MS:1002038	1	1	NT=Q Exactive HF;AC=MS:1002523	NT=Data-dependent acquisition;AC=PRIDE:0000627	NT=Trypsin;AC=MS:1001251	not available	not available	NT=beam-type collision-induced dissociation;AC=MS:1000422	27 NCE	250m/z-1600m/z	not available	not available	NT=Acetyl;AC=UNIMOD:1;MT=variable;TA=K;PP=Anywhere	NT=Dimethyl;AC=UNIMOD:36;MT=variable;TA=K;PP=Anywhere	NT=Trimethyl;AC=UNIMOD:37;MT=variable;TA=K;PP=Anywhere	NT=Propionyl;AC=UNIMOD:58;MT=variable;TA=K;PP=Anywhere	NT=Monomethyl_Prop(K);MT=variable;TA=K;PP=Anywhere	NT=Oxidation;AC=UNIMOD:35;MT=variable;TA=M;PP=Anywhere	v3.0.0	ms-proteomics v1.1.0	vertebrates v1.1.0	I
72_621H	Mus musculus	liver	not available	tissue	not available	study sample	C57BL/6JOlaHsd	not available	not available	not available	not available	not available	not available	H	not available	Refxxx_JM_08_20200319	proteomic profiling by mass spectrometry	Refxxx_JM_08_20200319.raw	ftp://ftp.pride.ebi.ac.uk/pride/data/archive/2026/09/PXD084769/Refxxx_JM_08_20200319.raw	NT=label free sample;AC=MS:1002038	1	1	NT=Q Exactive HF;AC=MS:1002523	NT=Data-dependent acquisition;AC=PRIDE:0000627	NT=Trypsin;AC=MS:1001251	not available	not available	NT=beam-type collision-induced dissociation;AC=MS:1000422	27 NCE	250m/z-1600m/z	not available	not available	NT=Acetyl;AC=UNIMOD:1;MT=variable;TA=K;PP=Anywhere	NT=Dimethyl;AC=UNIMOD:36;MT=variable;TA=K;PP=Anywhere	NT=Trimethyl;AC=UNIMOD:37;MT=variable;TA=K;PP=Anywhere	NT=Propionyl;AC=UNIMOD:58;MT=variable;TA=K;PP=Anywhere	NT=Monomethyl_Prop(K);MT=variable;TA=K;PP=Anywhere	NT=Oxidation;AC=UNIMOD:35;MT=variable;TA=M;PP=Anywhere	v3.0.0	ms-proteomics v1.1.0	vertebrates v1.1.0	H
64_585C	Mus musculus	liver	not available	tissue	not available	study sample	C57BL/6JOlaHsd	not available	not available	not available	not available	not available	not available	C	not available	Refxxx_JM_11_20200319	proteomic profiling by mass spectrometry	Refxxx_JM_11_20200319.raw	ftp://ftp.pride.ebi.ac.uk/pride/data/archive/2026/09/PXD084769/Refxxx_JM_11_20200319.raw	NT=label free sample;AC=MS:1002038	1	1	NT=Q Exactive HF;AC=MS:1002523	NT=Data-dependent acquisition;AC=PRIDE:0000627	NT=Trypsin;AC=MS:1001251	not available	not available	NT=beam-type collision-induced dissociation;AC=MS:1000422	27 NCE	250m/z-1600m/z	not available	not available	NT=Acetyl;AC=UNIMOD:1;MT=variable;TA=K;PP=Anywhere	NT=Dimethyl;AC=UNIMOD:36;MT=variable;TA=K;PP=Anywhere	NT=Trimethyl;AC=UNIMOD:37;MT=variable;TA=K;PP=Anywhere	NT=Propionyl;AC=UNIMOD:58;MT=variable;TA=K;PP=Anywhere	NT=Monomethyl_Prop(K);MT=variable;TA=K;PP=Anywhere	NT=Oxidation;AC=UNIMOD:35;MT=variable;TA=M;PP=Anywhere	v3.0.0	ms-proteomics v1.1.0	vertebrates v1.1.0	C
26_681E	Mus musculus	liver	not available	tissue	not available	study sample	C57BL/6JOlaHsd	not available	not available	not available	not available	not available	not available	E	not available	Refxxx_JM_33_20200319	proteomic profiling by mass spectrometry	Refxxx_JM_33_20200319.raw	ftp://ftp.pride.ebi.ac.uk/pride/data/archive/2026/09/PXD084769/Refxxx_JM_33_20200319.raw	NT=label free sample;AC=MS:1002038	1	1	NT=Q Exactive HF;AC=MS:1002523	NT=Data-dependent acquisition;AC=PRIDE:0000627	NT=Trypsin;AC=MS:1001251	not available	not available	NT=beam-type collision-induced dissociation;AC=MS:1000422	27 NCE	250m/z-1600m/z	not available	not available	NT=Acetyl;AC=UNIMOD:1;MT=variable;TA=K;PP=Anywhere	NT=Dimethyl;AC=UNIMOD:36;MT=variable;TA=K;PP=Anywhere	NT=Trimethyl;AC=UNIMOD:37;MT=variable;TA=K;PP=Anywhere	NT=Propionyl;AC=UNIMOD:58;MT=variable;TA=K;PP=Anywhere	NT=Monomethyl_Prop(K);MT=variable;TA=K;PP=Anywhere	NT=Oxidation;AC=UNIMOD:35;MT=variable;TA=M;PP=Anywhere	v3.0.0	ms-proteomics v1.1.0	vertebrates v1.1.0	E
31_642C	Mus musculus	liver	not available	tissue	not available	study sample	C57BL/6JOlaHsd	not available	not available	not available	not available	not available	not available	C	not available	Refxxx_JM_14_20200319	proteomic profiling by mass spectrometry	Refxxx_JM_14_20200319.raw	ftp://ftp.pride.ebi.ac.uk/pride/data/archive/2026/09/PXD084769/Refxxx_JM_14_20200319.raw	NT=label free sample;AC=MS:1002038	1	1	NT=Q Exactive HF;AC=MS:1002523	NT=Data-dependent acquisition;AC=PRIDE:0000627	NT=Trypsin;AC=MS:1001251	not available	not available	NT=beam-type collision-induced dissociation;AC=MS:1000422	27 NCE	250m/z-1600m/z	not available	not available	NT=Acetyl;AC=UNIMOD:1;MT=variable;TA=K;PP=Anywhere	NT=Dimethyl;AC=UNIMOD:36;MT=variable;TA=K;PP=Anywhere	NT=Trimethyl;AC=UNIMOD:37;MT=variable;TA=K;PP=Anywhere	NT=Propionyl;AC=UNIMOD:58;MT=variable;TA=K;PP=Anywhere	NT=Monomethyl_Prop(K);MT=variable;TA=K;PP=Anywhere	NT=Oxidation;AC=UNIMOD:35;MT=variable;TA=M;PP=Anywhere	v3.0.0	ms-proteomics v1.1.0	vertebrates v1.1.0	C
7_695I	Mus musculus	liver	not available	tissue	not available	study sample	C57BL/6JOlaHsd	not available	not available	not available	not available	not available	not available	I	not available	Refxxx_JM_26_20200319	proteomic profiling by mass spectrometry	Refxxx_JM_26_20200319.raw	ftp://ftp.pride.ebi.ac.uk/pride/data/archive/2026/09/PXD084769/Refxxx_JM_26_20200319.raw	NT=label free sample;AC=MS:1002038	1	1	NT=Q Exactive HF;AC=MS:1002523	NT=Data-dependent acquisition;AC=PRIDE:0000627	NT=Trypsin;AC=MS:1001251	not available	not available	NT=beam-type collision-induced dissociation;AC=MS:1000422	27 NCE	250m/z-1600m/z	not available	not available	NT=Acetyl;AC=UNIMOD:1;MT=variable;TA=K;PP=Anywhere	NT=Dimethyl;AC=UNIMOD:36;MT=variable;TA=K;PP=Anywhere	NT=Trimethyl;AC=UNIMOD:37;MT=variable;TA=K;PP=Anywhere	NT=Propionyl;AC=UNIMOD:58;MT=variable;TA=K;PP=Anywhere	NT=Monomethyl_Prop(K);MT=variable;TA=K;PP=Anywhere	NT=Oxidation;AC=UNIMOD:35;MT=variable;TA=M;PP=Anywhere	v3.0.0	ms-proteomics v1.1.0	vertebrates v1.1.0	I
4_688E	Mus musculus	liver	not available	tissue	not available	study sample	C57BL/6JOlaHsd	not available	not available	not available	not available	not available	not available	E	not available	Refxxx_JM_35_20200319	proteomic profiling by mass spectrometry	Refxxx_JM_35_20200319.raw	ftp://ftp.pride.ebi.ac.uk/pride/data/archive/2026/09/PXD084769/Refxxx_JM_35_20200319.raw	NT=label free sample;AC=MS:1002038	1	1	NT=Q Exactive HF;AC=MS:1002523	NT=Data-dependent acquisition;AC=PRIDE:0000627	NT=Trypsin;AC=MS:1001251	not available	not available	NT=beam-type collision-induced dissociation;AC=MS:1000422	27 NCE	250m/z-1600m/z	not available	not available	NT=Acetyl;AC=UNIMOD:1;MT=variable;TA=K;PP=Anywhere	NT=Dimethyl;AC=UNIMOD:36;MT=variable;TA=K;PP=Anywhere	NT=Trimethyl;AC=UNIMOD:37;MT=variable;TA=K;PP=Anywhere	NT=Propionyl;AC=UNIMOD:58;MT=variable;TA=K;PP=Anywhere	NT=Monomethyl_Prop(K);MT=variable;TA=K;PP=Anywhere	NT=Oxidation;AC=UNIMOD:35;MT=variable;TA=M;PP=Anywhere	v3.0.0	ms-proteomics v1.1.0	vertebrates v1.1.0	E
46_617H	Mus musculus	liver	not available	tissue	not available	study sample	C57BL/6JOlaHsd	not available	not available	not available	not available	not available	not available	H	not available	Refxxx_JM_04_20200319	proteomic profiling by mass spectrometry	Refxxx_JM_04_20200319.raw	ftp://ftp.pride.ebi.ac.uk/pride/data/archive/2026/09/PXD084769/Refxxx_JM_04_20200319.raw	NT=label free sample;AC=MS:1002038	1	1	NT=Q Exactive HF;AC=MS:1002523	NT=Data-dependent acquisition;AC=PRIDE:0000627	NT=Trypsin;AC=MS:1001251	not available	not available	NT=beam-type collision-induced dissociation;AC=MS:1000422	27 NCE	250m/z-1600m/z	not available	not available	NT=Acetyl;AC=UNIMOD:1;MT=variable;TA=K;PP=Anywhere	NT=Dimethyl;AC=UNIMOD:36;MT=variable;TA=K;PP=Anywhere	NT=Trimethyl;AC=UNIMOD:37;MT=variable;TA=K;PP=Anywhere	NT=Propionyl;AC=UNIMOD:58;MT=variable;TA=K;PP=Anywhere	NT=Monomethyl_Prop(K);MT=variable;TA=K;PP=Anywhere	NT=Oxidation;AC=UNIMOD:35;MT=variable;TA=M;PP=Anywhere	v3.0.0	ms-proteomics v1.1.0	vertebrates v1.1.0	H
18_660C	Mus musculus	liver	not available	tissue	not available	study sample	C57BL/6JOlaHsd	not available	not available	not available	not available	not available	not available	C	not available	Refxxx_JM_20_20200319	proteomic profiling by mass spectrometry	Refxxx_JM_20_20200319.raw	ftp://ftp.pride.ebi.ac.uk/pride/data/archive/2026/09/PXD084769/Refxxx_JM_20_20200319.raw	NT=label free sample;AC=MS:1002038	1	1	NT=Q Exactive HF;AC=MS:1002523	NT=Data-dependent acquisition;AC=PRIDE:0000627	NT=Trypsin;AC=MS:1001251	not available	not available	NT=beam-type collision-induced dissociation;AC=MS:1000422	27 NCE	250m/z-1600m/z	not available	not available	NT=Acetyl;AC=UNIMOD:1;MT=variable;TA=K;PP=Anywhere	NT=Dimethyl;AC=UNIMOD:36;MT=variable;TA=K;PP=Anywhere	NT=Trimethyl;AC=UNIMOD:37;MT=variable;TA=K;PP=Anywhere	NT=Propionyl;AC=UNIMOD:58;MT=variable;TA=K;PP=Anywhere	NT=Monomethyl_Prop(K);MT=variable;TA=K;PP=Anywhere	NT=Oxidation;AC=UNIMOD:35;MT=variable;TA=M;PP=Anywhere	v3.0.0	ms-proteomics v1.1.0	vertebrates v1.1.0	C
74_618H	Mus musculus	liver	not available	tissue	not available	study sample	C57BL/6JOlaHsd	not available	not available	not available	not available	not available	not available	H	not available	Refxxx_JM_05_20200319	proteomic profiling by mass spectrometry	Refxxx_JM_05_20200319.raw	ftp://ftp.pride.ebi.ac.uk/pride/data/archive/2026/09/PXD084769/Refxxx_JM_05_20200319.raw	NT=label free sample;AC=MS:1002038	1	1	NT=Q Exactive HF;AC=MS:1002523	NT=Data-dependent acquisition;AC=PRIDE:0000627	NT=Trypsin;AC=MS:1001251	not available	not available	NT=beam-type collision-induced dissociation;AC=MS:1000422	27 NCE	250m/z-1600m/z	not available	not available	NT=Acetyl;AC=UNIMOD:1;MT=variable;TA=K;PP=Anywhere	NT=Dimethyl;AC=UNIMOD:36;MT=variable;TA=K;PP=Anywhere	NT=Trimethyl;AC=UNIMOD:37;MT=variable;TA=K;PP=Anywhere	NT=Propionyl;AC=UNIMOD:58;MT=variable;TA=K;PP=Anywhere	NT=Monomethyl_Prop(K);MT=variable;TA=K;PP=Anywhere	NT=Oxidation;AC=UNIMOD:35;MT=variable;TA=M;PP=Anywhere	v3.0.0	ms-proteomics v1.1.0	vertebrates v1.1.0	H
50_694I	Mus musculus	liver	not available	tissue	not available	study sample	C57BL/6JOlaHsd	not available	not available	not available	not available	not available	not available	I	not available	Refxxx_JM_25_20200319	proteomic profiling by mass spectrometry	Refxxx_JM_25_20200319.raw	ftp://ftp.pride.ebi.ac.uk/pride/data/archive/2026/09/PXD084769/Refxxx_JM_25_20200319.raw	NT=label free sample;AC=MS:1002038	1	1	NT=Q Exactive HF;AC=MS:1002523	NT=Data-dependent acquisition;AC=PRIDE:0000627	NT=Trypsin;AC=MS:1001251	not available	not available	NT=beam-type collision-induced dissociation;AC=MS:1000422	27 NCE	250m/z-1600m/z	not available	not available	NT=Acetyl;AC=UNIMOD:1;MT=variable;TA=K;PP=Anywhere	NT=Dimethyl;AC=UNIMOD:36;MT=variable;TA=K;PP=Anywhere	NT=Trimethyl;AC=UNIMOD:37;MT=variable;TA=K;PP=Anywhere	NT=Propionyl;AC=UNIMOD:58;MT=variable;TA=K;PP=Anywhere	NT=Monomethyl_Prop(K);MT=variable;TA=K;PP=Anywhere	NT=Oxidation;AC=UNIMOD:35;MT=variable;TA=M;PP=Anywhere	v3.0.0	ms-proteomics v1.1.0	vertebrates v1.1.0	I
32_686I	Mus musculus	liver	not available	tissue	not available	study sample	C57BL/6JOlaHsd	not available	not available	not available	not available	not available	not available	I	not available	Refxxx_JM_27_20200319	proteomic profiling by mass spectrometry	Refxxx_JM_27_20200319.raw	ftp://ftp.pride.ebi.ac.uk/pride/data/archive/2026/09/PXD084769/Refxxx_JM_27_20200319.raw	NT=label free sample;AC=MS:1002038	1	1	NT=Q Exactive HF;AC=MS:1002523	NT=Data-dependent acquisition;AC=PRIDE:0000627	NT=Trypsin;AC=MS:1001251	not available	not available	NT=beam-type collision-induced dissociation;AC=MS:1000422	27 NCE	250m/z-1600m/z	not available	not available	NT=Acetyl;AC=UNIMOD:1;MT=variable;TA=K;PP=Anywhere	NT=Dimethyl;AC=UNIMOD:36;MT=variable;TA=K;PP=Anywhere	NT=Trimethyl;AC=UNIMOD:37;MT=variable;TA=K;PP=Anywhere	NT=Propionyl;AC=UNIMOD:58;MT=variable;TA=K;PP=Anywhere	NT=Monomethyl_Prop(K);MT=variable;TA=K;PP=Anywhere	NT=Oxidation;AC=UNIMOD:35;MT=variable;TA=M;PP=Anywhere	v3.0.0	ms-proteomics v1.1.0	vertebrates v1.1.0	I
59_675I	Mus musculus	liver	not available	tissue	not available	study sample	C57BL/6JOlaHsd	not available	not available	not available	not available	not available	not available	I	not available	Refxxx_JM_21_20200319	proteomic profiling by mass spectrometry	Refxxx_JM_21_20200319.raw	ftp://ftp.pride.ebi.ac.uk/pride/data/archive/2026/09/PXD084769/Refxxx_JM_21_20200319.raw	NT=label free sample;AC=MS:1002038	1	1	NT=Q Exactive HF;AC=MS:1002523	NT=Data-dependent acquisition;AC=PRIDE:0000627	NT=Trypsin;AC=MS:1001251	not available	not available	NT=beam-type collision-induced dissociation;AC=MS:1000422	27 NCE	250m/z-1600m/z	not available	not available	NT=Acetyl;AC=UNIMOD:1;MT=variable;TA=K;PP=Anywhere	NT=Dimethyl;AC=UNIMOD:36;MT=variable;TA=K;PP=Anywhere	NT=Trimethyl;AC=UNIMOD:37;MT=variable;TA=K;PP=Anywhere	NT=Propionyl;AC=UNIMOD:58;MT=variable;TA=K;PP=Anywhere	NT=Monomethyl_Prop(K);MT=variable;TA=K;PP=Anywhere	NT=Oxidation;AC=UNIMOD:35;MT=variable;TA=M;PP=Anywhere	v3.0.0	ms-proteomics v1.1.0	vertebrates v1.1.0	I
51_640C	Mus musculus	liver	not available	tissue	not available	study sample	C57BL/6JOlaHsd	not available	not available	not available	not available	not available	not available	C	not available	Refxxx_JM_13_20200319	proteomic profiling by mass spectrometry	Refxxx_JM_13_20200319.raw	ftp://ftp.pride.ebi.ac.uk/pride/data/archive/2026/09/PXD084769/Refxxx_JM_13_20200319.raw	NT=label free sample;AC=MS:1002038	1	1	NT=Q Exactive HF;AC=MS:1002523	NT=Data-dependent acquisition;AC=PRIDE:0000627	NT=Trypsin;AC=MS:1001251	not available	not available	NT=beam-type collision-induced dissociation;AC=MS:1000422	27 NCE	250m/z-1600m/z	not available	not available	NT=Acetyl;AC=UNIMOD:1;MT=variable;TA=K;PP=Anywhere	NT=Dimethyl;AC=UNIMOD:36;MT=variable;TA=K;PP=Anywhere	NT=Trimethyl;AC=UNIMOD:37;MT=variable;TA=K;PP=Anywhere	NT=Propionyl;AC=UNIMOD:58;MT=variable;TA=K;PP=Anywhere	NT=Monomethyl_Prop(K);MT=variable;TA=K;PP=Anywhere	NT=Oxidation;AC=UNIMOD:35;MT=variable;TA=M;PP=Anywhere	v3.0.0	ms-proteomics v1.1.0	vertebrates v1.1.0	C
63_685E	Mus musculus	liver	not available	tissue	not available	study sample	C57BL/6JOlaHsd	not available	not available	not available	not available	not available	not available	E	not available	Refxxx_JM_34_20200319	proteomic profiling by mass spectrometry	Refxxx_JM_34_20200319.raw	ftp://ftp.pride.ebi.ac.uk/pride/data/archive/2026/09/PXD084769/Refxxx_JM_34_20200319.raw	NT=label free sample;AC=MS:1002038	1	1	NT=Q Exactive HF;AC=MS:1002523	NT=Data-dependent acquisition;AC=PRIDE:0000627	NT=Trypsin;AC=MS:1001251	not available	not available	NT=beam-type collision-induced dissociation;AC=MS:1000422	27 NCE	250m/z-1600m/z	not available	not available	NT=Acetyl;AC=UNIMOD:1;MT=variable;TA=K;PP=Anywhere	NT=Dimethyl;AC=UNIMOD:36;MT=variable;TA=K;PP=Anywhere	NT=Trimethyl;AC=UNIMOD:37;MT=variable;TA=K;PP=Anywhere	NT=Propionyl;AC=UNIMOD:58;MT=variable;TA=K;PP=Anywhere	NT=Monomethyl_Prop(K);MT=variable;TA=K;PP=Anywhere	NT=Oxidation;AC=UNIMOD:35;MT=variable;TA=M;PP=Anywhere	v3.0.0	ms-proteomics v1.1.0	vertebrates v1.1.0	E
5_625H	Mus musculus	liver	not available	tissue	not available	study sample	C57BL/6JOlaHsd	not available	not available	not available	not available	not available	not available	H	not available	Refxxx_JM_09_20200319	proteomic profiling by mass spectrometry	Refxxx_JM_09_20200319.raw	ftp://ftp.pride.ebi.ac.uk/pride/data/archive/2026/09/PXD084769/Refxxx_JM_09_20200319.raw	NT=label free sample;AC=MS:1002038	1	1	NT=Q Exactive HF;AC=MS:1002523	NT=Data-dependent acquisition;AC=PRIDE:0000627	NT=Trypsin;AC=MS:1001251	not available	not available	NT=beam-type collision-induced dissociation;AC=MS:1000422	27 NCE	250m/z-1600m/z	not available	not available	NT=Acetyl;AC=UNIMOD:1;MT=variable;TA=K;PP=Anywhere	NT=Dimethyl;AC=UNIMOD:36;MT=variable;TA=K;PP=Anywhere	NT=Trimethyl;AC=UNIMOD:37;MT=variable;TA=K;PP=Anywhere	NT=Propionyl;AC=UNIMOD:58;MT=variable;TA=K;PP=Anywhere	NT=Monomethyl_Prop(K);MT=variable;TA=K;PP=Anywhere	NT=Oxidation;AC=UNIMOD:35;MT=variable;TA=M;PP=Anywhere	v3.0.0	ms-proteomics v1.1.0	vertebrates v1.1.0	H
41_677I	Mus musculus	liver	not available	tissue	not available	study sample	C57BL/6JOlaHsd	not available	not available	not available	not available	not available	not available	I	not available	Refxxx_JM_23_20200319	proteomic profiling by mass spectrometry	Refxxx_JM_23_20200319.raw	ftp://ftp.pride.ebi.ac.uk/pride/data/archive/2026/09/PXD084769/Refxxx_JM_23_20200319.raw	NT=label free sample;AC=MS:1002038	1	1	NT=Q Exactive HF;AC=MS:1002523	NT=Data-dependent acquisition;AC=PRIDE:0000627	NT=Trypsin;AC=MS:1001251	not available	not available	NT=beam-type collision-induced dissociation;AC=MS:1000422	27 NCE	250m/z-1600m/z	not available	not available	NT=Acetyl;AC=UNIMOD:1;MT=variable;TA=K;PP=Anywhere	NT=Dimethyl;AC=UNIMOD:36;MT=variable;TA=K;PP=Anywhere	NT=Trimethyl;AC=UNIMOD:37;MT=variable;TA=K;PP=Anywhere	NT=Propionyl;AC=UNIMOD:58;MT=variable;TA=K;PP=Anywhere	NT=Monomethyl_Prop(K);MT=variable;TA=K;PP=Anywhere	NT=Oxidation;AC=UNIMOD:35;MT=variable;TA=M;PP=Anywhere	v3.0.0	ms-proteomics v1.1.0	vertebrates v1.1.0	I
9_594C	Mus musculus	liver	not available	tissue	not available	study sample	C57BL/6JOlaHsd	not available	not available	not available	not available	not available	not available	C	not available	Refxxx_JM_12_20200319	proteomic profiling by mass spectrometry	Refxxx_JM_12_20200319.raw	ftp://ftp.pride.ebi.ac.uk/pride/data/archive/2026/09/PXD084769/Refxxx_JM_12_20200319.raw	NT=label free sample;AC=MS:1002038	1	1	NT=Q Exactive HF;AC=MS:1002523	NT=Data-dependent acquisition;AC=PRIDE:0000627	NT=Trypsin;AC=MS:1001251	not available	not available	NT=beam-type collision-induced dissociation;AC=MS:1000422	27 NCE	250m/z-1600m/z	not available	not available	NT=Acetyl;AC=UNIMOD:1;MT=variable;TA=K;PP=Anywhere	NT=Dimethyl;AC=UNIMOD:36;MT=variable;TA=K;PP=Anywhere	NT=Trimethyl;AC=UNIMOD:37;MT=variable;TA=K;PP=Anywhere	NT=Propionyl;AC=UNIMOD:58;MT=variable;TA=K;PP=Anywhere	NT=Monomethyl_Prop(K);MT=variable;TA=K;PP=Anywhere	NT=Oxidation;AC=UNIMOD:35;MT=variable;TA=M;PP=Anywhere	v3.0.0	ms-proteomics v1.1.0	vertebrates v1.1.0	C
70_644C	Mus musculus	liver	not available	tissue	not available	study sample	C57BL/6JOlaHsd	not available	not available	not available	not available	not available	not available	C	not available	Refxxx_JM_16_20200319	proteomic profiling by mass spectrometry	Refxxx_JM_16_20200319.raw	ftp://ftp.pride.ebi.ac.uk/pride/data/archive/2026/09/PXD084769/Refxxx_JM_16_20200319.raw	NT=label free sample;AC=MS:1002038	1	1	NT=Q Exactive HF;AC=MS:1002523	NT=Data-dependent acquisition;AC=PRIDE:0000627	NT=Trypsin;AC=MS:1001251	not available	not available	NT=beam-type collision-induced dissociation;AC=MS:1000422	27 NCE	250m/z-1600m/z	not available	not available	NT=Acetyl;AC=UNIMOD:1;MT=variable;TA=K;PP=Anywhere	NT=Dimethyl;AC=UNIMOD:36;MT=variable;TA=K;PP=Anywhere	NT=Trimethyl;AC=UNIMOD:37;MT=variable;TA=K;PP=Anywhere	NT=Propionyl;AC=UNIMOD:58;MT=variable;TA=K;PP=Anywhere	NT=Monomethyl_Prop(K);MT=variable;TA=K;PP=Anywhere	NT=Oxidation;AC=UNIMOD:35;MT=variable;TA=M;PP=Anywhere	v3.0.0	ms-proteomics v1.1.0	vertebrates v1.1.0	C
22_658C	Mus musculus	liver	not available	tissue	not available	study sample	C57BL/6JOlaHsd	not available	not available	not available	not available	not available	not available	C	not available	Refxxx_JM_18_20200319	proteomic profiling by mass spectrometry	Refxxx_JM_18_20200319.raw	ftp://ftp.pride.ebi.ac.uk/pride/data/archive/2026/09/PXD084769/Refxxx_JM_18_20200319.raw	NT=label free sample;AC=MS:1002038	1	1	NT=Q Exactive HF;AC=MS:1002523	NT=Data-dependent acquisition;AC=PRIDE:0000627	NT=Trypsin;AC=MS:1001251	not available	not available	NT=beam-type collision-induced dissociation;AC=MS:1000422	27 NCE	250m/z-1600m/z	not available	not available	NT=Acetyl;AC=UNIMOD:1;MT=variable;TA=K;PP=Anywhere	NT=Dimethyl;AC=UNIMOD:36;MT=variable;TA=K;PP=Anywhere	NT=Trimethyl;AC=UNIMOD:37;MT=variable;TA=K;PP=Anywhere	NT=Propionyl;AC=UNIMOD:58;MT=variable;TA=K;PP=Anywhere	NT=Monomethyl_Prop(K);MT=variable;TA=K;PP=Anywhere	NT=Oxidation;AC=UNIMOD:35;MT=variable;TA=M;PP=Anywhere	v3.0.0	ms-proteomics v1.1.0	vertebrates v1.1.0	C
19_602H	Mus musculus	liver	not available	tissue	not available	study sample	C57BL/6JOlaHsd	not available	not available	not available	not available	not available	not available	H	not available	Refxxx_JM_02_20200319	proteomic profiling by mass spectrometry	Refxxx_JM_02_20200319.raw	ftp://ftp.pride.ebi.ac.uk/pride/data/archive/2026/09/PXD084769/Refxxx_JM_02_20200319.raw	NT=label free sample;AC=MS:1002038	1	1	NT=Q Exactive HF;AC=MS:1002523	NT=Data-dependent acquisition;AC=PRIDE:0000627	NT=Trypsin;AC=MS:1001251	not available	not available	NT=beam-type collision-induced dissociation;AC=MS:1000422	27 NCE	250m/z-1600m/z	not available	not available	NT=Acetyl;AC=UNIMOD:1;MT=variable;TA=K;PP=Anywhere	NT=Dimethyl;AC=UNIMOD:36;MT=variable;TA=K;PP=Anywhere	NT=Trimethyl;AC=UNIMOD:37;MT=variable;TA=K;PP=Anywhere	NT=Propionyl;AC=UNIMOD:58;MT=variable;TA=K;PP=Anywhere	NT=Monomethyl_Prop(K);MT=variable;TA=K;PP=Anywhere	NT=Oxidation;AC=UNIMOD:35;MT=variable;TA=M;PP=Anywhere	v3.0.0	ms-proteomics v1.1.0	vertebrates v1.1.0	H
45_619H	Mus musculus	liver	not available	tissue	not available	study sample	C57BL/6JOlaHsd	not available	not available	not available	not available	not available	not available	H	not available	Refxxx_JM_06_20200319	proteomic profiling by mass spectrometry	Refxxx_JM_06_20200319.raw	ftp://ftp.pride.ebi.ac.uk/pride/data/archive/2026/09/PXD084769/Refxxx_JM_06_20200319.raw	NT=label free sample;AC=MS:1002038	1	1	NT=Q Exactive HF;AC=MS:1002523	NT=Data-dependent acquisition;AC=PRIDE:0000627	NT=Trypsin;AC=MS:1001251	not available	not available	NT=beam-type collision-induced dissociation;AC=MS:1000422	27 NCE	250m/z-1600m/z	not available	not available	NT=Acetyl;AC=UNIMOD:1;MT=variable;TA=K;PP=Anywhere	NT=Dimethyl;AC=UNIMOD:36;MT=variable;TA=K;PP=Anywhere	NT=Trimethyl;AC=UNIMOD:37;MT=variable;TA=K;PP=Anywhere	NT=Propionyl;AC=UNIMOD:58;MT=variable;TA=K;PP=Anywhere	NT=Monomethyl_Prop(K);MT=variable;TA=K;PP=Anywhere	NT=Oxidation;AC=UNIMOD:35;MT=variable;TA=M;PP=Anywhere	v3.0.0	ms-proteomics v1.1.0	vertebrates v1.1.0	H
60_659C	Mus musculus	liver	not available	tissue	not available	study sample	C57BL/6JOlaHsd	not available	not available	not available	not available	not available	not available	C	not available	Refxxx_JM_19_20200319	proteomic profiling by mass spectrometry	Refxxx_JM_19_20200319.raw	ftp://ftp.pride.ebi.ac.uk/pride/data/archive/2026/09/PXD084769/Refxxx_JM_19_20200319.raw	NT=label free sample;AC=MS:1002038	1	1	NT=Q Exactive HF;AC=MS:1002523	NT=Data-dependent acquisition;AC=PRIDE:0000627	NT=Trypsin;AC=MS:1001251	not available	not available	NT=beam-type collision-induced dissociation;AC=MS:1000422	27 NCE	250m/z-1600m/z	not available	not available	NT=Acetyl;AC=UNIMOD:1;MT=variable;TA=K;PP=Anywhere	NT=Dimethyl;AC=UNIMOD:36;MT=variable;TA=K;PP=Anywhere	NT=Trimethyl;AC=UNIMOD:37;MT=variable;TA=K;PP=Anywhere	NT=Propionyl;AC=UNIMOD:58;MT=variable;TA=K;PP=Anywhere	NT=Monomethyl_Prop(K);MT=variable;TA=K;PP=Anywhere	NT=Oxidation;AC=UNIMOD:35;MT=variable;TA=M;PP=Anywhere	v3.0.0	ms-proteomics v1.1.0	vertebrates v1.1.0	C
66_616H	Mus musculus	liver	not available	tissue	not available	study sample	C57BL/6JOlaHsd	not available	not available	not available	not available	not available	not available	H	not available	Refxxx_JM_03_20200319	proteomic profiling by mass spectrometry	Refxxx_JM_03_20200319.raw	ftp://ftp.pride.ebi.ac.uk/pride/data/archive/2026/09/PXD084769/Refxxx_JM_03_20200319.raw	NT=label free sample;AC=MS:1002038	1	1	NT=Q Exactive HF;AC=MS:1002523	NT=Data-dependent acquisition;AC=PRIDE:0000627	NT=Trypsin;AC=MS:1001251	not available	not available	NT=beam-type collision-induced dissociation;AC=MS:1000422	27 NCE	250m/z-1600m/z	not available	not available	NT=Acetyl;AC=UNIMOD:1;MT=variable;TA=K;PP=Anywhere	NT=Dimethyl;AC=UNIMOD:36;MT=variable;TA=K;PP=Anywhere	NT=Trimethyl;AC=UNIMOD:37;MT=variable;TA=K;PP=Anywhere	NT=Propionyl;AC=UNIMOD:58;MT=variable;TA=K;PP=Anywhere	NT=Monomethyl_Prop(K);MT=variable;TA=K;PP=Anywhere	NT=Oxidation;AC=UNIMOD:35;MT=variable;TA=M;PP=Anywhere	v3.0.0	ms-proteomics v1.1.0	vertebrates v1.1.0	H
25_678I	Mus musculus	liver	not available	tissue	not available	study sample	C57BL/6JOlaHsd	not available	not available	not available	not available	not available	not available	I	not available	Refxxx_JM_24_20200319	proteomic profiling by mass spectrometry	Refxxx_JM_24_20200319.raw	ftp://ftp.pride.ebi.ac.uk/pride/data/archive/2026/09/PXD084769/Refxxx_JM_24_20200319.raw	NT=label free sample;AC=MS:1002038	1	1	NT=Q Exactive HF;AC=MS:1002523	NT=Data-dependent acquisition;AC=PRIDE:0000627	NT=Trypsin;AC=MS:1001251	not available	not available	NT=beam-type collision-induced dissociation;AC=MS:1000422	27 NCE	250m/z-1600m/z	not available	not available	NT=Acetyl;AC=UNIMOD:1;MT=variable;TA=K;PP=Anywhere	NT=Dimethyl;AC=UNIMOD:36;MT=variable;TA=K;PP=Anywhere	NT=Trimethyl;AC=UNIMOD:37;MT=variable;TA=K;PP=Anywhere	NT=Propionyl;AC=UNIMOD:58;MT=variable;TA=K;PP=Anywhere	NT=Monomethyl_Prop(K);MT=variable;TA=K;PP=Anywhere	NT=Oxidation;AC=UNIMOD:35;MT=variable;TA=M;PP=Anywhere	v3.0.0	ms-proteomics v1.1.0	vertebrates v1.1.0	I
