source name	characteristics[organism]	characteristics[organism part]	characteristics[material type]	characteristics[cell type]	characteristics[disease]	characteristics[age]	characteristics[sex]	characteristics[ancestry category]	characteristics[individual]	characteristics[biological replicate]	characteristics[pooled sample]	characteristics[sample type]	characteristics[clinical cohort]	characteristics[sample fraction]	assay name	technology type	comment[data file]	comment[file uri]	comment[label]	comment[technical replicate]	comment[fraction identifier]	comment[instrument]	comment[proteomics data acquisition method]	comment[cleavage agent details]	comment[reduction reagent]	comment[alkylation reagent]	comment[dissociation method]	comment[precursor mass tolerance]	comment[fragment mass tolerance]	comment[modification parameters]	comment[modification parameters]	comment[sdrf version]	comment[sdrf template]	comment[sdrf template]	comment[sdrf template]	factor value[clinical cohort]
PDN264	Homo sapiens	urine	not available	not available	type 2 diabetes mellitus	not available	not available	not available	PDN264	1	not pooled	study sample	diabetes without chronic kidney disease	combined small and large urinary extracellular vesicles	SWATH_Dn_10_PDN264	proteomic profiling by mass spectrometry	SWATH_Dn_10_PDN264.wiff	ftp://ftp.pride.ebi.ac.uk/pride/data/archive/2026/09/PXD067073/SWATH_Dn_10_PDN264.wiff	NT=label free sample;AC=MS:1002038	1	1	NT=TripleTOF 6600;AC=MS:1002533	NT=Data-independent acquisition;AC=PRIDE:0000450	not available	not available	not available	not available	not available	not available	NT=Carbamidomethyl;AC=UNIMOD:4;MT=fixed;TA=C;PP=Anywhere	NT=Oxidation;AC=UNIMOD:35;MT=variable;TA=M;PP=Anywhere	v3.0.0	ms-proteomics v1.1.0	human v1.1.0	dia-acquisition v1.1.0	diabetes without chronic kidney disease
PDN183	Homo sapiens	urine	not available	not available	type 2 diabetes mellitus	not available	not available	not available	PDN183	2	not pooled	study sample	diabetes without chronic kidney disease	combined small and large urinary extracellular vesicles	SWATH_Dn_26_PDN183	proteomic profiling by mass spectrometry	SWATH_Dn_26_PDN183.wiff	ftp://ftp.pride.ebi.ac.uk/pride/data/archive/2026/09/PXD067073/SWATH_Dn_26_PDN183.wiff	NT=label free sample;AC=MS:1002038	1	1	NT=TripleTOF 6600;AC=MS:1002533	NT=Data-independent acquisition;AC=PRIDE:0000450	not available	not available	not available	not available	not available	not available	NT=Carbamidomethyl;AC=UNIMOD:4;MT=fixed;TA=C;PP=Anywhere	NT=Oxidation;AC=UNIMOD:35;MT=variable;TA=M;PP=Anywhere	v3.0.0	ms-proteomics v1.1.0	human v1.1.0	dia-acquisition v1.1.0	diabetes without chronic kidney disease
PDN199	Homo sapiens	urine	not available	not available	type 2 diabetes mellitus	not available	not available	not available	PDN199	3	not pooled	study sample	diabetes without chronic kidney disease	combined small and large urinary extracellular vesicles	SWATH_Dn_27_PDN199	proteomic profiling by mass spectrometry	SWATH_Dn_27_PDN199.wiff	ftp://ftp.pride.ebi.ac.uk/pride/data/archive/2026/09/PXD067073/SWATH_Dn_27_PDN199.wiff	NT=label free sample;AC=MS:1002038	1	1	NT=TripleTOF 6600;AC=MS:1002533	NT=Data-independent acquisition;AC=PRIDE:0000450	not available	not available	not available	not available	not available	not available	NT=Carbamidomethyl;AC=UNIMOD:4;MT=fixed;TA=C;PP=Anywhere	NT=Oxidation;AC=UNIMOD:35;MT=variable;TA=M;PP=Anywhere	v3.0.0	ms-proteomics v1.1.0	human v1.1.0	dia-acquisition v1.1.0	diabetes without chronic kidney disease
PDN235	Homo sapiens	urine	not available	not available	type 2 diabetes mellitus	not available	not available	not available	PDN235	4	not pooled	study sample	diabetes without chronic kidney disease	combined small and large urinary extracellular vesicles	SWATH_Dn_28_PDN235	proteomic profiling by mass spectrometry	SWATH_Dn_28_PDN235.wiff	ftp://ftp.pride.ebi.ac.uk/pride/data/archive/2026/09/PXD067073/SWATH_Dn_28_PDN235.wiff	NT=label free sample;AC=MS:1002038	1	1	NT=TripleTOF 6600;AC=MS:1002533	NT=Data-independent acquisition;AC=PRIDE:0000450	not available	not available	not available	not available	not available	not available	NT=Carbamidomethyl;AC=UNIMOD:4;MT=fixed;TA=C;PP=Anywhere	NT=Oxidation;AC=UNIMOD:35;MT=variable;TA=M;PP=Anywhere	v3.0.0	ms-proteomics v1.1.0	human v1.1.0	dia-acquisition v1.1.0	diabetes without chronic kidney disease
PDN252	Homo sapiens	urine	not available	not available	type 2 diabetes mellitus	not available	not available	not available	PDN252	5	not pooled	study sample	diabetes without chronic kidney disease	combined small and large urinary extracellular vesicles	SWATH_Dn_29_PDN252	proteomic profiling by mass spectrometry	SWATH_Dn_29_PDN252.wiff	ftp://ftp.pride.ebi.ac.uk/pride/data/archive/2026/09/PXD067073/SWATH_Dn_29_PDN252.wiff	NT=label free sample;AC=MS:1002038	1	1	NT=TripleTOF 6600;AC=MS:1002533	NT=Data-independent acquisition;AC=PRIDE:0000450	not available	not available	not available	not available	not available	not available	NT=Carbamidomethyl;AC=UNIMOD:4;MT=fixed;TA=C;PP=Anywhere	NT=Oxidation;AC=UNIMOD:35;MT=variable;TA=M;PP=Anywhere	v3.0.0	ms-proteomics v1.1.0	human v1.1.0	dia-acquisition v1.1.0	diabetes without chronic kidney disease
SKI998	Homo sapiens	urine	not available	not available	type 2 diabetes mellitus	not available	not available	not available	SKI998	6	not pooled	study sample	diabetes without chronic kidney disease	combined small and large urinary extracellular vesicles	SWATH_Dn_30_SKI998	proteomic profiling by mass spectrometry	SWATH_Dn_30_SKI998.wiff	ftp://ftp.pride.ebi.ac.uk/pride/data/archive/2026/09/PXD067073/SWATH_Dn_30_SKI998.wiff	NT=label free sample;AC=MS:1002038	1	1	NT=TripleTOF 6600;AC=MS:1002533	NT=Data-independent acquisition;AC=PRIDE:0000450	not available	not available	not available	not available	not available	not available	NT=Carbamidomethyl;AC=UNIMOD:4;MT=fixed;TA=C;PP=Anywhere	NT=Oxidation;AC=UNIMOD:35;MT=variable;TA=M;PP=Anywhere	v3.0.0	ms-proteomics v1.1.0	human v1.1.0	dia-acquisition v1.1.0	diabetes without chronic kidney disease
SKI1026	Homo sapiens	urine	not available	not available	type 2 diabetes mellitus	not available	not available	not available	SKI1026	7	not pooled	study sample	diabetes without chronic kidney disease	combined small and large urinary extracellular vesicles	SWATH_Dn_46_SKI1026	proteomic profiling by mass spectrometry	SWATH_Dn_46_SKI1026.wiff	ftp://ftp.pride.ebi.ac.uk/pride/data/archive/2026/09/PXD067073/SWATH_Dn_46_SKI1026.wiff	NT=label free sample;AC=MS:1002038	1	1	NT=TripleTOF 6600;AC=MS:1002533	NT=Data-independent acquisition;AC=PRIDE:0000450	not available	not available	not available	not available	not available	not available	NT=Carbamidomethyl;AC=UNIMOD:4;MT=fixed;TA=C;PP=Anywhere	NT=Oxidation;AC=UNIMOD:35;MT=variable;TA=M;PP=Anywhere	v3.0.0	ms-proteomics v1.1.0	human v1.1.0	dia-acquisition v1.1.0	diabetes without chronic kidney disease
SKI981	Homo sapiens	urine	not available	not available	type 2 diabetes mellitus	not available	not available	not available	SKI981	8	not pooled	study sample	diabetes without chronic kidney disease	combined small and large urinary extracellular vesicles	SWATH_Dn_47_SKI981	proteomic profiling by mass spectrometry	SWATH_Dn_47_SKI981.wiff	ftp://ftp.pride.ebi.ac.uk/pride/data/archive/2026/09/PXD067073/SWATH_Dn_47_SKI981.wiff	NT=label free sample;AC=MS:1002038	1	1	NT=TripleTOF 6600;AC=MS:1002533	NT=Data-independent acquisition;AC=PRIDE:0000450	not available	not available	not available	not available	not available	not available	NT=Carbamidomethyl;AC=UNIMOD:4;MT=fixed;TA=C;PP=Anywhere	NT=Oxidation;AC=UNIMOD:35;MT=variable;TA=M;PP=Anywhere	v3.0.0	ms-proteomics v1.1.0	human v1.1.0	dia-acquisition v1.1.0	diabetes without chronic kidney disease
SKI1011	Homo sapiens	urine	not available	not available	type 2 diabetes mellitus	not available	not available	not available	SKI1011	9	not pooled	study sample	diabetes without chronic kidney disease	combined small and large urinary extracellular vesicles	SWATH_Dn_48_SKI1011	proteomic profiling by mass spectrometry	SWATH_Dn_48_SKI1011.wiff	ftp://ftp.pride.ebi.ac.uk/pride/data/archive/2026/09/PXD067073/SWATH_Dn_48_SKI1011.wiff	NT=label free sample;AC=MS:1002038	1	1	NT=TripleTOF 6600;AC=MS:1002533	NT=Data-independent acquisition;AC=PRIDE:0000450	not available	not available	not available	not available	not available	not available	NT=Carbamidomethyl;AC=UNIMOD:4;MT=fixed;TA=C;PP=Anywhere	NT=Oxidation;AC=UNIMOD:35;MT=variable;TA=M;PP=Anywhere	v3.0.0	ms-proteomics v1.1.0	human v1.1.0	dia-acquisition v1.1.0	diabetes without chronic kidney disease
SKI1029	Homo sapiens	urine	not available	not available	type 2 diabetes mellitus	not available	not available	not available	SKI1029	10	not pooled	study sample	diabetes without chronic kidney disease	combined small and large urinary extracellular vesicles	SWATH_Dn_49_SKI1029	proteomic profiling by mass spectrometry	SWATH_Dn_49_SKI1029.wiff	ftp://ftp.pride.ebi.ac.uk/pride/data/archive/2026/09/PXD067073/SWATH_Dn_49_SKI1029.wiff	NT=label free sample;AC=MS:1002038	1	1	NT=TripleTOF 6600;AC=MS:1002533	NT=Data-independent acquisition;AC=PRIDE:0000450	not available	not available	not available	not available	not available	not available	NT=Carbamidomethyl;AC=UNIMOD:4;MT=fixed;TA=C;PP=Anywhere	NT=Oxidation;AC=UNIMOD:35;MT=variable;TA=M;PP=Anywhere	v3.0.0	ms-proteomics v1.1.0	human v1.1.0	dia-acquisition v1.1.0	diabetes without chronic kidney disease
SKI1020	Homo sapiens	urine	not available	not available	type 2 diabetes mellitus	not available	not available	not available	SKI1020	11	not pooled	study sample	diabetes without chronic kidney disease	combined small and large urinary extracellular vesicles	SWATH_Dn_50_SKI1020	proteomic profiling by mass spectrometry	SWATH_Dn_50_SKI1020.wiff	ftp://ftp.pride.ebi.ac.uk/pride/data/archive/2026/09/PXD067073/SWATH_Dn_50_SKI1020.wiff	NT=label free sample;AC=MS:1002038	1	1	NT=TripleTOF 6600;AC=MS:1002533	NT=Data-independent acquisition;AC=PRIDE:0000450	not available	not available	not available	not available	not available	not available	NT=Carbamidomethyl;AC=UNIMOD:4;MT=fixed;TA=C;PP=Anywhere	NT=Oxidation;AC=UNIMOD:35;MT=variable;TA=M;PP=Anywhere	v3.0.0	ms-proteomics v1.1.0	human v1.1.0	dia-acquisition v1.1.0	diabetes without chronic kidney disease
SKI1019	Homo sapiens	urine	not available	not available	type 2 diabetes mellitus	not available	not available	not available	SKI1019	12	not pooled	study sample	diabetes without chronic kidney disease	combined small and large urinary extracellular vesicles	SWATH_Dn_66_SKI1019_HALF	proteomic profiling by mass spectrometry	SWATH_Dn_66_SKI1019_HALF.wiff	ftp://ftp.pride.ebi.ac.uk/pride/data/archive/2026/09/PXD067073/SWATH_Dn_66_SKI1019_HALF.wiff	NT=label free sample;AC=MS:1002038	1	1	NT=TripleTOF 6600;AC=MS:1002533	NT=Data-independent acquisition;AC=PRIDE:0000450	not available	not available	not available	not available	not available	not available	NT=Carbamidomethyl;AC=UNIMOD:4;MT=fixed;TA=C;PP=Anywhere	NT=Oxidation;AC=UNIMOD:35;MT=variable;TA=M;PP=Anywhere	v3.0.0	ms-proteomics v1.1.0	human v1.1.0	dia-acquisition v1.1.0	diabetes without chronic kidney disease
SKI1014	Homo sapiens	urine	not available	not available	type 2 diabetes mellitus	not available	not available	not available	SKI1014	13	not pooled	study sample	diabetes without chronic kidney disease	combined small and large urinary extracellular vesicles	SWATH_Dn_67_SKI1014	proteomic profiling by mass spectrometry	SWATH_Dn_67_SKI1014.wiff	ftp://ftp.pride.ebi.ac.uk/pride/data/archive/2026/09/PXD067073/SWATH_Dn_67_SKI1014.wiff	NT=label free sample;AC=MS:1002038	1	1	NT=TripleTOF 6600;AC=MS:1002533	NT=Data-independent acquisition;AC=PRIDE:0000450	not available	not available	not available	not available	not available	not available	NT=Carbamidomethyl;AC=UNIMOD:4;MT=fixed;TA=C;PP=Anywhere	NT=Oxidation;AC=UNIMOD:35;MT=variable;TA=M;PP=Anywhere	v3.0.0	ms-proteomics v1.1.0	human v1.1.0	dia-acquisition v1.1.0	diabetes without chronic kidney disease
SKI1015	Homo sapiens	urine	not available	not available	type 2 diabetes mellitus	not available	not available	not available	SKI1015	14	not pooled	study sample	diabetes without chronic kidney disease	combined small and large urinary extracellular vesicles	SWATH_Dn_68_SKI1015	proteomic profiling by mass spectrometry	SWATH_Dn_68_SKI1015.wiff	ftp://ftp.pride.ebi.ac.uk/pride/data/archive/2026/09/PXD067073/SWATH_Dn_68_SKI1015.wiff	NT=label free sample;AC=MS:1002038	1	1	NT=TripleTOF 6600;AC=MS:1002533	NT=Data-independent acquisition;AC=PRIDE:0000450	not available	not available	not available	not available	not available	not available	NT=Carbamidomethyl;AC=UNIMOD:4;MT=fixed;TA=C;PP=Anywhere	NT=Oxidation;AC=UNIMOD:35;MT=variable;TA=M;PP=Anywhere	v3.0.0	ms-proteomics v1.1.0	human v1.1.0	dia-acquisition v1.1.0	diabetes without chronic kidney disease
SKI1018	Homo sapiens	urine	not available	not available	type 2 diabetes mellitus	not available	not available	not available	SKI1018	15	not pooled	study sample	diabetes without chronic kidney disease	combined small and large urinary extracellular vesicles	SWATH_Dn_69_SKI1018	proteomic profiling by mass spectrometry	SWATH_Dn_69_SKI1018.wiff	ftp://ftp.pride.ebi.ac.uk/pride/data/archive/2026/09/PXD067073/SWATH_Dn_69_SKI1018.wiff	NT=label free sample;AC=MS:1002038	1	1	NT=TripleTOF 6600;AC=MS:1002533	NT=Data-independent acquisition;AC=PRIDE:0000450	not available	not available	not available	not available	not available	not available	NT=Carbamidomethyl;AC=UNIMOD:4;MT=fixed;TA=C;PP=Anywhere	NT=Oxidation;AC=UNIMOD:35;MT=variable;TA=M;PP=Anywhere	v3.0.0	ms-proteomics v1.1.0	human v1.1.0	dia-acquisition v1.1.0	diabetes without chronic kidney disease
PDN179	Homo sapiens	urine	not available	not available	type 2 diabetes mellitus	not available	not available	not available	PDN179	16	not pooled	study sample	diabetes without chronic kidney disease	combined small and large urinary extracellular vesicles	SWATH_Dn_6_PDN179	proteomic profiling by mass spectrometry	SWATH_Dn_6_PDN179.wiff	ftp://ftp.pride.ebi.ac.uk/pride/data/archive/2026/09/PXD067073/SWATH_Dn_6_PDN179.wiff	NT=label free sample;AC=MS:1002038	1	1	NT=TripleTOF 6600;AC=MS:1002533	NT=Data-independent acquisition;AC=PRIDE:0000450	not available	not available	not available	not available	not available	not available	NT=Carbamidomethyl;AC=UNIMOD:4;MT=fixed;TA=C;PP=Anywhere	NT=Oxidation;AC=UNIMOD:35;MT=variable;TA=M;PP=Anywhere	v3.0.0	ms-proteomics v1.1.0	human v1.1.0	dia-acquisition v1.1.0	diabetes without chronic kidney disease
PDN187	Homo sapiens	urine	not available	not available	type 2 diabetes mellitus	not available	not available	not available	PDN187	17	not pooled	study sample	diabetes without chronic kidney disease	combined small and large urinary extracellular vesicles	SWATH_Dn_7_PDN187	proteomic profiling by mass spectrometry	SWATH_Dn_7_PDN187.wiff	ftp://ftp.pride.ebi.ac.uk/pride/data/archive/2026/09/PXD067073/SWATH_Dn_7_PDN187.wiff	NT=label free sample;AC=MS:1002038	1	1	NT=TripleTOF 6600;AC=MS:1002533	NT=Data-independent acquisition;AC=PRIDE:0000450	not available	not available	not available	not available	not available	not available	NT=Carbamidomethyl;AC=UNIMOD:4;MT=fixed;TA=C;PP=Anywhere	NT=Oxidation;AC=UNIMOD:35;MT=variable;TA=M;PP=Anywhere	v3.0.0	ms-proteomics v1.1.0	human v1.1.0	dia-acquisition v1.1.0	diabetes without chronic kidney disease
PDN185	Homo sapiens	urine	not available	not available	type 2 diabetes mellitus	not available	not available	not available	PDN185	18	not pooled	study sample	diabetes without chronic kidney disease	combined small and large urinary extracellular vesicles	SWATH_Dn_8_PDN185	proteomic profiling by mass spectrometry	SWATH_Dn_8_PDN185.wiff	ftp://ftp.pride.ebi.ac.uk/pride/data/archive/2026/09/PXD067073/SWATH_Dn_8_PDN185.wiff	NT=label free sample;AC=MS:1002038	1	1	NT=TripleTOF 6600;AC=MS:1002533	NT=Data-independent acquisition;AC=PRIDE:0000450	not available	not available	not available	not available	not available	not available	NT=Carbamidomethyl;AC=UNIMOD:4;MT=fixed;TA=C;PP=Anywhere	NT=Oxidation;AC=UNIMOD:35;MT=variable;TA=M;PP=Anywhere	v3.0.0	ms-proteomics v1.1.0	human v1.1.0	dia-acquisition v1.1.0	diabetes without chronic kidney disease
PDN462	Homo sapiens	urine	not available	not available	type 2 diabetes mellitus	not available	not available	not available	PDN462	19	not pooled	study sample	diabetes without chronic kidney disease	combined small and large urinary extracellular vesicles	SWATH_Dn_9_PDN462	proteomic profiling by mass spectrometry	SWATH_Dn_9_PDN462.wiff	ftp://ftp.pride.ebi.ac.uk/pride/data/archive/2026/09/PXD067073/SWATH_Dn_9_PDN462.wiff	NT=label free sample;AC=MS:1002038	1	1	NT=TripleTOF 6600;AC=MS:1002533	NT=Data-independent acquisition;AC=PRIDE:0000450	not available	not available	not available	not available	not available	not available	NT=Carbamidomethyl;AC=UNIMOD:4;MT=fixed;TA=C;PP=Anywhere	NT=Oxidation;AC=UNIMOD:35;MT=variable;TA=M;PP=Anywhere	v3.0.0	ms-proteomics v1.1.0	human v1.1.0	dia-acquisition v1.1.0	diabetes without chronic kidney disease
PDN345	Homo sapiens	urine	not available	not available	normal	not available	not available	not available	PDN345	20	not pooled	study sample	healthy control	combined small and large urinary extracellular vesicles	SWATH_He_16_PDN345	proteomic profiling by mass spectrometry	SWATH_He_16_PDN345.wiff	ftp://ftp.pride.ebi.ac.uk/pride/data/archive/2026/09/PXD067073/SWATH_He_16_PDN345.wiff	NT=label free sample;AC=MS:1002038	1	1	NT=TripleTOF 6600;AC=MS:1002533	NT=Data-independent acquisition;AC=PRIDE:0000450	not available	not available	not available	not available	not available	not available	NT=Carbamidomethyl;AC=UNIMOD:4;MT=fixed;TA=C;PP=Anywhere	NT=Oxidation;AC=UNIMOD:35;MT=variable;TA=M;PP=Anywhere	v3.0.0	ms-proteomics v1.1.0	human v1.1.0	dia-acquisition v1.1.0	healthy control
PDN361	Homo sapiens	urine	not available	not available	normal	not available	not available	not available	PDN361	21	not pooled	study sample	healthy control	combined small and large urinary extracellular vesicles	SWATH_He_17_PDN361	proteomic profiling by mass spectrometry	SWATH_He_17_PDN361.wiff	ftp://ftp.pride.ebi.ac.uk/pride/data/archive/2026/09/PXD067073/SWATH_He_17_PDN361.wiff	NT=label free sample;AC=MS:1002038	1	1	NT=TripleTOF 6600;AC=MS:1002533	NT=Data-independent acquisition;AC=PRIDE:0000450	not available	not available	not available	not available	not available	not available	NT=Carbamidomethyl;AC=UNIMOD:4;MT=fixed;TA=C;PP=Anywhere	NT=Oxidation;AC=UNIMOD:35;MT=variable;TA=M;PP=Anywhere	v3.0.0	ms-proteomics v1.1.0	human v1.1.0	dia-acquisition v1.1.0	healthy control
PDN373	Homo sapiens	urine	not available	not available	normal	not available	not available	not available	PDN373	22	not pooled	study sample	healthy control	combined small and large urinary extracellular vesicles	SWATH_He_18_PDN373	proteomic profiling by mass spectrometry	SWATH_He_18_PDN373.wiff	ftp://ftp.pride.ebi.ac.uk/pride/data/archive/2026/09/PXD067073/SWATH_He_18_PDN373.wiff	NT=label free sample;AC=MS:1002038	1	1	NT=TripleTOF 6600;AC=MS:1002533	NT=Data-independent acquisition;AC=PRIDE:0000450	not available	not available	not available	not available	not available	not available	NT=Carbamidomethyl;AC=UNIMOD:4;MT=fixed;TA=C;PP=Anywhere	NT=Oxidation;AC=UNIMOD:35;MT=variable;TA=M;PP=Anywhere	v3.0.0	ms-proteomics v1.1.0	human v1.1.0	dia-acquisition v1.1.0	healthy control
PDN374	Homo sapiens	urine	not available	not available	normal	not available	not available	not available	PDN374	23	not pooled	study sample	healthy control	combined small and large urinary extracellular vesicles	SWATH_He_19_PDN374	proteomic profiling by mass spectrometry	SWATH_He_19_PDN374.wiff	ftp://ftp.pride.ebi.ac.uk/pride/data/archive/2026/09/PXD067073/SWATH_He_19_PDN374.wiff	NT=label free sample;AC=MS:1002038	1	1	NT=TripleTOF 6600;AC=MS:1002533	NT=Data-independent acquisition;AC=PRIDE:0000450	not available	not available	not available	not available	not available	not available	NT=Carbamidomethyl;AC=UNIMOD:4;MT=fixed;TA=C;PP=Anywhere	NT=Oxidation;AC=UNIMOD:35;MT=variable;TA=M;PP=Anywhere	v3.0.0	ms-proteomics v1.1.0	human v1.1.0	dia-acquisition v1.1.0	healthy control
PDN403	Homo sapiens	urine	not available	not available	normal	not available	not available	not available	PDN403	24	not pooled	study sample	healthy control	combined small and large urinary extracellular vesicles	SWATH_He_20_PDN403	proteomic profiling by mass spectrometry	SWATH_He_20_PDN403.wiff	ftp://ftp.pride.ebi.ac.uk/pride/data/archive/2026/09/PXD067073/SWATH_He_20_PDN403.wiff	NT=label free sample;AC=MS:1002038	1	1	NT=TripleTOF 6600;AC=MS:1002533	NT=Data-independent acquisition;AC=PRIDE:0000450	not available	not available	not available	not available	not available	not available	NT=Carbamidomethyl;AC=UNIMOD:4;MT=fixed;TA=C;PP=Anywhere	NT=Oxidation;AC=UNIMOD:35;MT=variable;TA=M;PP=Anywhere	v3.0.0	ms-proteomics v1.1.0	human v1.1.0	dia-acquisition v1.1.0	healthy control
PDN480	Homo sapiens	urine	not available	not available	normal	not available	not available	not available	PDN480	25	not pooled	study sample	healthy control	combined small and large urinary extracellular vesicles	SWATH_He_36_PDN480	proteomic profiling by mass spectrometry	SWATH_He_36_PDN480.wiff	ftp://ftp.pride.ebi.ac.uk/pride/data/archive/2026/09/PXD067073/SWATH_He_36_PDN480.wiff	NT=label free sample;AC=MS:1002038	1	1	NT=TripleTOF 6600;AC=MS:1002533	NT=Data-independent acquisition;AC=PRIDE:0000450	not available	not available	not available	not available	not available	not available	NT=Carbamidomethyl;AC=UNIMOD:4;MT=fixed;TA=C;PP=Anywhere	NT=Oxidation;AC=UNIMOD:35;MT=variable;TA=M;PP=Anywhere	v3.0.0	ms-proteomics v1.1.0	human v1.1.0	dia-acquisition v1.1.0	healthy control
PDN369	Homo sapiens	urine	not available	not available	normal	not available	not available	not available	PDN369	26	not pooled	study sample	healthy control	combined small and large urinary extracellular vesicles	SWATH_He_37_PDN369	proteomic profiling by mass spectrometry	SWATH_He_37_PDN369.wiff	ftp://ftp.pride.ebi.ac.uk/pride/data/archive/2026/09/PXD067073/SWATH_He_37_PDN369.wiff	NT=label free sample;AC=MS:1002038	1	1	NT=TripleTOF 6600;AC=MS:1002533	NT=Data-independent acquisition;AC=PRIDE:0000450	not available	not available	not available	not available	not available	not available	NT=Carbamidomethyl;AC=UNIMOD:4;MT=fixed;TA=C;PP=Anywhere	NT=Oxidation;AC=UNIMOD:35;MT=variable;TA=M;PP=Anywhere	v3.0.0	ms-proteomics v1.1.0	human v1.1.0	dia-acquisition v1.1.0	healthy control
PDN363	Homo sapiens	urine	not available	not available	normal	not available	not available	not available	PDN363	27	not pooled	study sample	healthy control	combined small and large urinary extracellular vesicles	SWATH_He_38_PDN363	proteomic profiling by mass spectrometry	SWATH_He_38_PDN363.wiff	ftp://ftp.pride.ebi.ac.uk/pride/data/archive/2026/09/PXD067073/SWATH_He_38_PDN363.wiff	NT=label free sample;AC=MS:1002038	1	1	NT=TripleTOF 6600;AC=MS:1002533	NT=Data-independent acquisition;AC=PRIDE:0000450	not available	not available	not available	not available	not available	not available	NT=Carbamidomethyl;AC=UNIMOD:4;MT=fixed;TA=C;PP=Anywhere	NT=Oxidation;AC=UNIMOD:35;MT=variable;TA=M;PP=Anywhere	v3.0.0	ms-proteomics v1.1.0	human v1.1.0	dia-acquisition v1.1.0	healthy control
PDN370	Homo sapiens	urine	not available	not available	normal	not available	not available	not available	PDN370	28	not pooled	study sample	healthy control	combined small and large urinary extracellular vesicles	SWATH_He_39_PDN370	proteomic profiling by mass spectrometry	SWATH_He_39_PDN370.wiff	ftp://ftp.pride.ebi.ac.uk/pride/data/archive/2026/09/PXD067073/SWATH_He_39_PDN370.wiff	NT=label free sample;AC=MS:1002038	1	1	NT=TripleTOF 6600;AC=MS:1002533	NT=Data-independent acquisition;AC=PRIDE:0000450	not available	not available	not available	not available	not available	not available	NT=Carbamidomethyl;AC=UNIMOD:4;MT=fixed;TA=C;PP=Anywhere	NT=Oxidation;AC=UNIMOD:35;MT=variable;TA=M;PP=Anywhere	v3.0.0	ms-proteomics v1.1.0	human v1.1.0	dia-acquisition v1.1.0	healthy control
PDN478	Homo sapiens	urine	not available	not available	normal	not available	not available	not available	PDN478	29	not pooled	study sample	healthy control	combined small and large urinary extracellular vesicles	SWATH_He_40_PDN478	proteomic profiling by mass spectrometry	SWATH_He_40_PDN478.wiff	ftp://ftp.pride.ebi.ac.uk/pride/data/archive/2026/09/PXD067073/SWATH_He_40_PDN478.wiff	NT=label free sample;AC=MS:1002038	1	1	NT=TripleTOF 6600;AC=MS:1002533	NT=Data-independent acquisition;AC=PRIDE:0000450	not available	not available	not available	not available	not available	not available	NT=Carbamidomethyl;AC=UNIMOD:4;MT=fixed;TA=C;PP=Anywhere	NT=Oxidation;AC=UNIMOD:35;MT=variable;TA=M;PP=Anywhere	v3.0.0	ms-proteomics v1.1.0	human v1.1.0	dia-acquisition v1.1.0	healthy control
SKI918	Homo sapiens	urine	not available	not available	normal	not available	not available	not available	SKI918	30	not pooled	study sample	healthy control	combined small and large urinary extracellular vesicles	SWATH_He_56_SKI918	proteomic profiling by mass spectrometry	SWATH_He_56_SKI918.wiff	ftp://ftp.pride.ebi.ac.uk/pride/data/archive/2026/09/PXD067073/SWATH_He_56_SKI918.wiff	NT=label free sample;AC=MS:1002038	1	1	NT=TripleTOF 6600;AC=MS:1002533	NT=Data-independent acquisition;AC=PRIDE:0000450	not available	not available	not available	not available	not available	not available	NT=Carbamidomethyl;AC=UNIMOD:4;MT=fixed;TA=C;PP=Anywhere	NT=Oxidation;AC=UNIMOD:35;MT=variable;TA=M;PP=Anywhere	v3.0.0	ms-proteomics v1.1.0	human v1.1.0	dia-acquisition v1.1.0	healthy control
SKI919	Homo sapiens	urine	not available	not available	normal	not available	not available	not available	SKI919	31	not pooled	study sample	healthy control	combined small and large urinary extracellular vesicles	SWATH_He_57_SKI919	proteomic profiling by mass spectrometry	SWATH_He_57_SKI919.wiff	ftp://ftp.pride.ebi.ac.uk/pride/data/archive/2026/09/PXD067073/SWATH_He_57_SKI919.wiff	NT=label free sample;AC=MS:1002038	1	1	NT=TripleTOF 6600;AC=MS:1002533	NT=Data-independent acquisition;AC=PRIDE:0000450	not available	not available	not available	not available	not available	not available	NT=Carbamidomethyl;AC=UNIMOD:4;MT=fixed;TA=C;PP=Anywhere	NT=Oxidation;AC=UNIMOD:35;MT=variable;TA=M;PP=Anywhere	v3.0.0	ms-proteomics v1.1.0	human v1.1.0	dia-acquisition v1.1.0	healthy control
SKI920	Homo sapiens	urine	not available	not available	normal	not available	not available	not available	SKI920	32	not pooled	study sample	healthy control	combined small and large urinary extracellular vesicles	SWATH_He_58_SKI920	proteomic profiling by mass spectrometry	SWATH_He_58_SKI920.wiff	ftp://ftp.pride.ebi.ac.uk/pride/data/archive/2026/09/PXD067073/SWATH_He_58_SKI920.wiff	NT=label free sample;AC=MS:1002038	1	1	NT=TripleTOF 6600;AC=MS:1002533	NT=Data-independent acquisition;AC=PRIDE:0000450	not available	not available	not available	not available	not available	not available	NT=Carbamidomethyl;AC=UNIMOD:4;MT=fixed;TA=C;PP=Anywhere	NT=Oxidation;AC=UNIMOD:35;MT=variable;TA=M;PP=Anywhere	v3.0.0	ms-proteomics v1.1.0	human v1.1.0	dia-acquisition v1.1.0	healthy control
SKI921	Homo sapiens	urine	not available	not available	normal	not available	not available	not available	SKI921	33	not pooled	study sample	healthy control	combined small and large urinary extracellular vesicles	SWATH_He_59_SKI921	proteomic profiling by mass spectrometry	SWATH_He_59_SKI921.wiff	ftp://ftp.pride.ebi.ac.uk/pride/data/archive/2026/09/PXD067073/SWATH_He_59_SKI921.wiff	NT=label free sample;AC=MS:1002038	1	1	NT=TripleTOF 6600;AC=MS:1002533	NT=Data-independent acquisition;AC=PRIDE:0000450	not available	not available	not available	not available	not available	not available	NT=Carbamidomethyl;AC=UNIMOD:4;MT=fixed;TA=C;PP=Anywhere	NT=Oxidation;AC=UNIMOD:35;MT=variable;TA=M;PP=Anywhere	v3.0.0	ms-proteomics v1.1.0	human v1.1.0	dia-acquisition v1.1.0	healthy control
SKI927	Homo sapiens	urine	not available	not available	normal	not available	not available	not available	SKI927	34	not pooled	study sample	healthy control	combined small and large urinary extracellular vesicles	SWATH_He_60_SKI927	proteomic profiling by mass spectrometry	SWATH_He_60_SKI927.wiff	ftp://ftp.pride.ebi.ac.uk/pride/data/archive/2026/09/PXD067073/SWATH_He_60_SKI927.wiff	NT=label free sample;AC=MS:1002038	1	1	NT=TripleTOF 6600;AC=MS:1002533	NT=Data-independent acquisition;AC=PRIDE:0000450	not available	not available	not available	not available	not available	not available	NT=Carbamidomethyl;AC=UNIMOD:4;MT=fixed;TA=C;PP=Anywhere	NT=Oxidation;AC=UNIMOD:35;MT=variable;TA=M;PP=Anywhere	v3.0.0	ms-proteomics v1.1.0	human v1.1.0	dia-acquisition v1.1.0	healthy control
SKI928	Homo sapiens	urine	not available	not available	normal	not available	not available	not available	SKI928	35	not pooled	study sample	healthy control	combined small and large urinary extracellular vesicles	SWATH_He_75_SKI928	proteomic profiling by mass spectrometry	SWATH_He_75_SKI928.wiff	ftp://ftp.pride.ebi.ac.uk/pride/data/archive/2026/09/PXD067073/SWATH_He_75_SKI928.wiff	NT=label free sample;AC=MS:1002038	1	1	NT=TripleTOF 6600;AC=MS:1002533	NT=Data-independent acquisition;AC=PRIDE:0000450	not available	not available	not available	not available	not available	not available	NT=Carbamidomethyl;AC=UNIMOD:4;MT=fixed;TA=C;PP=Anywhere	NT=Oxidation;AC=UNIMOD:35;MT=variable;TA=M;PP=Anywhere	v3.0.0	ms-proteomics v1.1.0	human v1.1.0	dia-acquisition v1.1.0	healthy control
SKI574	Homo sapiens	urine	not available	not available	normal	not available	not available	not available	SKI574	36	not pooled	study sample	healthy control	combined small and large urinary extracellular vesicles	SWATH_He_76_SKI574	proteomic profiling by mass spectrometry	SWATH_He_76_SKI574.wiff	ftp://ftp.pride.ebi.ac.uk/pride/data/archive/2026/09/PXD067073/SWATH_He_76_SKI574.wiff	NT=label free sample;AC=MS:1002038	1	1	NT=TripleTOF 6600;AC=MS:1002533	NT=Data-independent acquisition;AC=PRIDE:0000450	not available	not available	not available	not available	not available	not available	NT=Carbamidomethyl;AC=UNIMOD:4;MT=fixed;TA=C;PP=Anywhere	NT=Oxidation;AC=UNIMOD:35;MT=variable;TA=M;PP=Anywhere	v3.0.0	ms-proteomics v1.1.0	human v1.1.0	dia-acquisition v1.1.0	healthy control
SKI926	Homo sapiens	urine	not available	not available	normal	not available	not available	not available	SKI926	37	not pooled	study sample	healthy control	combined small and large urinary extracellular vesicles	SWATH_He_77_SKI926	proteomic profiling by mass spectrometry	SWATH_He_77_SKI926.wiff	ftp://ftp.pride.ebi.ac.uk/pride/data/archive/2026/09/PXD067073/SWATH_He_77_SKI926.wiff	NT=label free sample;AC=MS:1002038	1	1	NT=TripleTOF 6600;AC=MS:1002533	NT=Data-independent acquisition;AC=PRIDE:0000450	not available	not available	not available	not available	not available	not available	NT=Carbamidomethyl;AC=UNIMOD:4;MT=fixed;TA=C;PP=Anywhere	NT=Oxidation;AC=UNIMOD:35;MT=variable;TA=M;PP=Anywhere	v3.0.0	ms-proteomics v1.1.0	human v1.1.0	dia-acquisition v1.1.0	healthy control
SKI922	Homo sapiens	urine	not available	not available	normal	not available	not available	not available	SKI922	38	not pooled	study sample	healthy control	combined small and large urinary extracellular vesicles	SWATH_He_78_SKI922	proteomic profiling by mass spectrometry	SWATH_He_78_SKI922.wiff	ftp://ftp.pride.ebi.ac.uk/pride/data/archive/2026/09/PXD067073/SWATH_He_78_SKI922.wiff	NT=label free sample;AC=MS:1002038	1	1	NT=TripleTOF 6600;AC=MS:1002533	NT=Data-independent acquisition;AC=PRIDE:0000450	not available	not available	not available	not available	not available	not available	NT=Carbamidomethyl;AC=UNIMOD:4;MT=fixed;TA=C;PP=Anywhere	NT=Oxidation;AC=UNIMOD:35;MT=variable;TA=M;PP=Anywhere	v3.0.0	ms-proteomics v1.1.0	human v1.1.0	dia-acquisition v1.1.0	healthy control
SKI575	Homo sapiens	urine	not available	not available	normal	not available	not available	not available	SKI575	39	not pooled	study sample	healthy control	combined small and large urinary extracellular vesicles	SWATH_He_79_SKI575	proteomic profiling by mass spectrometry	SWATH_He_79_SKI575.wiff	ftp://ftp.pride.ebi.ac.uk/pride/data/archive/2026/09/PXD067073/SWATH_He_79_SKI575.wiff	NT=label free sample;AC=MS:1002038	1	1	NT=TripleTOF 6600;AC=MS:1002533	NT=Data-independent acquisition;AC=PRIDE:0000450	not available	not available	not available	not available	not available	not available	NT=Carbamidomethyl;AC=UNIMOD:4;MT=fixed;TA=C;PP=Anywhere	NT=Oxidation;AC=UNIMOD:35;MT=variable;TA=M;PP=Anywhere	v3.0.0	ms-proteomics v1.1.0	human v1.1.0	dia-acquisition v1.1.0	healthy control
PDN17	Homo sapiens	urine	not available	not available	diabetic nephropathy	not available	not available	not available	PDN17	40	not pooled	study sample	progressive diabetic kidney disease	combined small and large urinary extracellular vesicles	SWATH_Pr_11_PDN17	proteomic profiling by mass spectrometry	SWATH_Pr_11_PDN17.wiff	ftp://ftp.pride.ebi.ac.uk/pride/data/archive/2026/09/PXD067073/SWATH_Pr_11_PDN17.wiff	NT=label free sample;AC=MS:1002038	1	1	NT=TripleTOF 6600;AC=MS:1002533	NT=Data-independent acquisition;AC=PRIDE:0000450	not available	not available	not available	not available	not available	not available	NT=Carbamidomethyl;AC=UNIMOD:4;MT=fixed;TA=C;PP=Anywhere	NT=Oxidation;AC=UNIMOD:35;MT=variable;TA=M;PP=Anywhere	v3.0.0	ms-proteomics v1.1.0	human v1.1.0	dia-acquisition v1.1.0	progressive diabetic kidney disease
PDN216	Homo sapiens	urine	not available	not available	diabetic nephropathy	not available	not available	not available	PDN216	41	not pooled	study sample	progressive diabetic kidney disease	combined small and large urinary extracellular vesicles	SWATH_Pr_12_PDN216	proteomic profiling by mass spectrometry	SWATH_Pr_12_PDN216.wiff	ftp://ftp.pride.ebi.ac.uk/pride/data/archive/2026/09/PXD067073/SWATH_Pr_12_PDN216.wiff	NT=label free sample;AC=MS:1002038	1	1	NT=TripleTOF 6600;AC=MS:1002533	NT=Data-independent acquisition;AC=PRIDE:0000450	not available	not available	not available	not available	not available	not available	NT=Carbamidomethyl;AC=UNIMOD:4;MT=fixed;TA=C;PP=Anywhere	NT=Oxidation;AC=UNIMOD:35;MT=variable;TA=M;PP=Anywhere	v3.0.0	ms-proteomics v1.1.0	human v1.1.0	dia-acquisition v1.1.0	progressive diabetic kidney disease
PDN194	Homo sapiens	urine	not available	not available	diabetic nephropathy	not available	not available	not available	PDN194	42	not pooled	study sample	progressive diabetic kidney disease	combined small and large urinary extracellular vesicles	SWATH_Pr_13_PDN194	proteomic profiling by mass spectrometry	SWATH_Pr_13_PDN194.wiff	ftp://ftp.pride.ebi.ac.uk/pride/data/archive/2026/09/PXD067073/SWATH_Pr_13_PDN194.wiff	NT=label free sample;AC=MS:1002038	1	1	NT=TripleTOF 6600;AC=MS:1002533	NT=Data-independent acquisition;AC=PRIDE:0000450	not available	not available	not available	not available	not available	not available	NT=Carbamidomethyl;AC=UNIMOD:4;MT=fixed;TA=C;PP=Anywhere	NT=Oxidation;AC=UNIMOD:35;MT=variable;TA=M;PP=Anywhere	v3.0.0	ms-proteomics v1.1.0	human v1.1.0	dia-acquisition v1.1.0	progressive diabetic kidney disease
PDN51	Homo sapiens	urine	not available	not available	diabetic nephropathy	not available	not available	not available	PDN51	43	not pooled	study sample	progressive diabetic kidney disease	combined small and large urinary extracellular vesicles	SWATH_Pr_14_PDN51	proteomic profiling by mass spectrometry	SWATH_Pr_14_PDN51.wiff	ftp://ftp.pride.ebi.ac.uk/pride/data/archive/2026/09/PXD067073/SWATH_Pr_14_PDN51.wiff	NT=label free sample;AC=MS:1002038	1	1	NT=TripleTOF 6600;AC=MS:1002533	NT=Data-independent acquisition;AC=PRIDE:0000450	not available	not available	not available	not available	not available	not available	NT=Carbamidomethyl;AC=UNIMOD:4;MT=fixed;TA=C;PP=Anywhere	NT=Oxidation;AC=UNIMOD:35;MT=variable;TA=M;PP=Anywhere	v3.0.0	ms-proteomics v1.1.0	human v1.1.0	dia-acquisition v1.1.0	progressive diabetic kidney disease
PDN154	Homo sapiens	urine	not available	not available	diabetic nephropathy	not available	not available	not available	PDN154	44	not pooled	study sample	progressive diabetic kidney disease	combined small and large urinary extracellular vesicles	SWATH_Pr_15_PDN154	proteomic profiling by mass spectrometry	SWATH_Pr_15_PDN154.wiff	ftp://ftp.pride.ebi.ac.uk/pride/data/archive/2026/09/PXD067073/SWATH_Pr_15_PDN154.wiff	NT=label free sample;AC=MS:1002038	1	1	NT=TripleTOF 6600;AC=MS:1002533	NT=Data-independent acquisition;AC=PRIDE:0000450	not available	not available	not available	not available	not available	not available	NT=Carbamidomethyl;AC=UNIMOD:4;MT=fixed;TA=C;PP=Anywhere	NT=Oxidation;AC=UNIMOD:35;MT=variable;TA=M;PP=Anywhere	v3.0.0	ms-proteomics v1.1.0	human v1.1.0	dia-acquisition v1.1.0	progressive diabetic kidney disease
PDN22	Homo sapiens	urine	not available	not available	diabetic nephropathy	not available	not available	not available	PDN22	45	not pooled	study sample	progressive diabetic kidney disease	combined small and large urinary extracellular vesicles	SWATH_Pr_31_PDN22	proteomic profiling by mass spectrometry	SWATH_Pr_31_PDN22.wiff	ftp://ftp.pride.ebi.ac.uk/pride/data/archive/2026/09/PXD067073/SWATH_Pr_31_PDN22.wiff	NT=label free sample;AC=MS:1002038	1	1	NT=TripleTOF 6600;AC=MS:1002533	NT=Data-independent acquisition;AC=PRIDE:0000450	not available	not available	not available	not available	not available	not available	NT=Carbamidomethyl;AC=UNIMOD:4;MT=fixed;TA=C;PP=Anywhere	NT=Oxidation;AC=UNIMOD:35;MT=variable;TA=M;PP=Anywhere	v3.0.0	ms-proteomics v1.1.0	human v1.1.0	dia-acquisition v1.1.0	progressive diabetic kidney disease
PDN261	Homo sapiens	urine	not available	not available	diabetic nephropathy	not available	not available	not available	PDN261	46	not pooled	study sample	progressive diabetic kidney disease	combined small and large urinary extracellular vesicles	SWATH_Pr_32_PDN261	proteomic profiling by mass spectrometry	SWATH_Pr_32_PDN261.wiff	ftp://ftp.pride.ebi.ac.uk/pride/data/archive/2026/09/PXD067073/SWATH_Pr_32_PDN261.wiff	NT=label free sample;AC=MS:1002038	1	1	NT=TripleTOF 6600;AC=MS:1002533	NT=Data-independent acquisition;AC=PRIDE:0000450	not available	not available	not available	not available	not available	not available	NT=Carbamidomethyl;AC=UNIMOD:4;MT=fixed;TA=C;PP=Anywhere	NT=Oxidation;AC=UNIMOD:35;MT=variable;TA=M;PP=Anywhere	v3.0.0	ms-proteomics v1.1.0	human v1.1.0	dia-acquisition v1.1.0	progressive diabetic kidney disease
PDN138	Homo sapiens	urine	not available	not available	diabetic nephropathy	not available	not available	not available	PDN138	47	not pooled	study sample	progressive diabetic kidney disease	combined small and large urinary extracellular vesicles	SWATH_Pr_33_PDN138	proteomic profiling by mass spectrometry	SWATH_Pr_33_PDN138.wiff	ftp://ftp.pride.ebi.ac.uk/pride/data/archive/2026/09/PXD067073/SWATH_Pr_33_PDN138.wiff	NT=label free sample;AC=MS:1002038	1	1	NT=TripleTOF 6600;AC=MS:1002533	NT=Data-independent acquisition;AC=PRIDE:0000450	not available	not available	not available	not available	not available	not available	NT=Carbamidomethyl;AC=UNIMOD:4;MT=fixed;TA=C;PP=Anywhere	NT=Oxidation;AC=UNIMOD:35;MT=variable;TA=M;PP=Anywhere	v3.0.0	ms-proteomics v1.1.0	human v1.1.0	dia-acquisition v1.1.0	progressive diabetic kidney disease
PDN282	Homo sapiens	urine	not available	not available	diabetic nephropathy	not available	not available	not available	PDN282	48	not pooled	study sample	progressive diabetic kidney disease	combined small and large urinary extracellular vesicles	SWATH_Pr_34_PDN282	proteomic profiling by mass spectrometry	SWATH_Pr_34_PDN282.wiff	ftp://ftp.pride.ebi.ac.uk/pride/data/archive/2026/09/PXD067073/SWATH_Pr_34_PDN282.wiff	NT=label free sample;AC=MS:1002038	1	1	NT=TripleTOF 6600;AC=MS:1002533	NT=Data-independent acquisition;AC=PRIDE:0000450	not available	not available	not available	not available	not available	not available	NT=Carbamidomethyl;AC=UNIMOD:4;MT=fixed;TA=C;PP=Anywhere	NT=Oxidation;AC=UNIMOD:35;MT=variable;TA=M;PP=Anywhere	v3.0.0	ms-proteomics v1.1.0	human v1.1.0	dia-acquisition v1.1.0	progressive diabetic kidney disease
PDN414	Homo sapiens	urine	not available	not available	diabetic nephropathy	not available	not available	not available	PDN414	49	not pooled	study sample	progressive diabetic kidney disease	combined small and large urinary extracellular vesicles	SWATH_Pr_35_PDN414	proteomic profiling by mass spectrometry	SWATH_Pr_35_PDN414.wiff	ftp://ftp.pride.ebi.ac.uk/pride/data/archive/2026/09/PXD067073/SWATH_Pr_35_PDN414.wiff	NT=label free sample;AC=MS:1002038	1	1	NT=TripleTOF 6600;AC=MS:1002533	NT=Data-independent acquisition;AC=PRIDE:0000450	not available	not available	not available	not available	not available	not available	NT=Carbamidomethyl;AC=UNIMOD:4;MT=fixed;TA=C;PP=Anywhere	NT=Oxidation;AC=UNIMOD:35;MT=variable;TA=M;PP=Anywhere	v3.0.0	ms-proteomics v1.1.0	human v1.1.0	dia-acquisition v1.1.0	progressive diabetic kidney disease
PDN348	Homo sapiens	urine	not available	not available	diabetic nephropathy	not available	not available	not available	PDN348	50	not pooled	study sample	progressive diabetic kidney disease	combined small and large urinary extracellular vesicles	SWATH_Pr_51_PDN348	proteomic profiling by mass spectrometry	SWATH_Pr_51_PDN348.wiff	ftp://ftp.pride.ebi.ac.uk/pride/data/archive/2026/09/PXD067073/SWATH_Pr_51_PDN348.wiff	NT=label free sample;AC=MS:1002038	1	1	NT=TripleTOF 6600;AC=MS:1002533	NT=Data-independent acquisition;AC=PRIDE:0000450	not available	not available	not available	not available	not available	not available	NT=Carbamidomethyl;AC=UNIMOD:4;MT=fixed;TA=C;PP=Anywhere	NT=Oxidation;AC=UNIMOD:35;MT=variable;TA=M;PP=Anywhere	v3.0.0	ms-proteomics v1.1.0	human v1.1.0	dia-acquisition v1.1.0	progressive diabetic kidney disease
PDN382	Homo sapiens	urine	not available	not available	diabetic nephropathy	not available	not available	not available	PDN382	51	not pooled	study sample	progressive diabetic kidney disease	combined small and large urinary extracellular vesicles	SWATH_Pr_52_PDN382	proteomic profiling by mass spectrometry	SWATH_Pr_52_PDN382.wiff	ftp://ftp.pride.ebi.ac.uk/pride/data/archive/2026/09/PXD067073/SWATH_Pr_52_PDN382.wiff	NT=label free sample;AC=MS:1002038	1	1	NT=TripleTOF 6600;AC=MS:1002533	NT=Data-independent acquisition;AC=PRIDE:0000450	not available	not available	not available	not available	not available	not available	NT=Carbamidomethyl;AC=UNIMOD:4;MT=fixed;TA=C;PP=Anywhere	NT=Oxidation;AC=UNIMOD:35;MT=variable;TA=M;PP=Anywhere	v3.0.0	ms-proteomics v1.1.0	human v1.1.0	dia-acquisition v1.1.0	progressive diabetic kidney disease
PDN46	Homo sapiens	urine	not available	not available	diabetic nephropathy	not available	not available	not available	PDN46	52	not pooled	study sample	progressive diabetic kidney disease	combined small and large urinary extracellular vesicles	SWATH_Pr_53_PDN46	proteomic profiling by mass spectrometry	SWATH_Pr_53_PDN46.wiff	ftp://ftp.pride.ebi.ac.uk/pride/data/archive/2026/09/PXD067073/SWATH_Pr_53_PDN46.wiff	NT=label free sample;AC=MS:1002038	1	1	NT=TripleTOF 6600;AC=MS:1002533	NT=Data-independent acquisition;AC=PRIDE:0000450	not available	not available	not available	not available	not available	not available	NT=Carbamidomethyl;AC=UNIMOD:4;MT=fixed;TA=C;PP=Anywhere	NT=Oxidation;AC=UNIMOD:35;MT=variable;TA=M;PP=Anywhere	v3.0.0	ms-proteomics v1.1.0	human v1.1.0	dia-acquisition v1.1.0	progressive diabetic kidney disease
PDN436	Homo sapiens	urine	not available	not available	diabetic nephropathy	not available	not available	not available	PDN436	53	not pooled	study sample	progressive diabetic kidney disease	combined small and large urinary extracellular vesicles	SWATH_Pr_54_PDN436	proteomic profiling by mass spectrometry	SWATH_Pr_54_PDN436.wiff	ftp://ftp.pride.ebi.ac.uk/pride/data/archive/2026/09/PXD067073/SWATH_Pr_54_PDN436.wiff	NT=label free sample;AC=MS:1002038	1	1	NT=TripleTOF 6600;AC=MS:1002533	NT=Data-independent acquisition;AC=PRIDE:0000450	not available	not available	not available	not available	not available	not available	NT=Carbamidomethyl;AC=UNIMOD:4;MT=fixed;TA=C;PP=Anywhere	NT=Oxidation;AC=UNIMOD:35;MT=variable;TA=M;PP=Anywhere	v3.0.0	ms-proteomics v1.1.0	human v1.1.0	dia-acquisition v1.1.0	progressive diabetic kidney disease
SKI657	Homo sapiens	urine	not available	not available	diabetic nephropathy	not available	not available	not available	SKI657	54	not pooled	study sample	progressive diabetic kidney disease	combined small and large urinary extracellular vesicles	SWATH_Pr_55_SKI657	proteomic profiling by mass spectrometry	SWATH_Pr_55_SKI657.wiff	ftp://ftp.pride.ebi.ac.uk/pride/data/archive/2026/09/PXD067073/SWATH_Pr_55_SKI657.wiff	NT=label free sample;AC=MS:1002038	1	1	NT=TripleTOF 6600;AC=MS:1002533	NT=Data-independent acquisition;AC=PRIDE:0000450	not available	not available	not available	not available	not available	not available	NT=Carbamidomethyl;AC=UNIMOD:4;MT=fixed;TA=C;PP=Anywhere	NT=Oxidation;AC=UNIMOD:35;MT=variable;TA=M;PP=Anywhere	v3.0.0	ms-proteomics v1.1.0	human v1.1.0	dia-acquisition v1.1.0	progressive diabetic kidney disease
SKI662	Homo sapiens	urine	not available	not available	diabetic nephropathy	not available	not available	not available	SKI662	55	not pooled	study sample	progressive diabetic kidney disease	combined small and large urinary extracellular vesicles	SWATH_Pr_70_SKI662	proteomic profiling by mass spectrometry	SWATH_Pr_70_SKI662.wiff	ftp://ftp.pride.ebi.ac.uk/pride/data/archive/2026/09/PXD067073/SWATH_Pr_70_SKI662.wiff	NT=label free sample;AC=MS:1002038	1	1	NT=TripleTOF 6600;AC=MS:1002533	NT=Data-independent acquisition;AC=PRIDE:0000450	not available	not available	not available	not available	not available	not available	NT=Carbamidomethyl;AC=UNIMOD:4;MT=fixed;TA=C;PP=Anywhere	NT=Oxidation;AC=UNIMOD:35;MT=variable;TA=M;PP=Anywhere	v3.0.0	ms-proteomics v1.1.0	human v1.1.0	dia-acquisition v1.1.0	progressive diabetic kidney disease
SKI1001	Homo sapiens	urine	not available	not available	diabetic nephropathy	not available	not available	not available	SKI1001	56	not pooled	study sample	progressive diabetic kidney disease	combined small and large urinary extracellular vesicles	SWATH_Pr_71_SKI1001	proteomic profiling by mass spectrometry	SWATH_Pr_71_SKI1001.wiff	ftp://ftp.pride.ebi.ac.uk/pride/data/archive/2026/09/PXD067073/SWATH_Pr_71_SKI1001.wiff	NT=label free sample;AC=MS:1002038	1	1	NT=TripleTOF 6600;AC=MS:1002533	NT=Data-independent acquisition;AC=PRIDE:0000450	not available	not available	not available	not available	not available	not available	NT=Carbamidomethyl;AC=UNIMOD:4;MT=fixed;TA=C;PP=Anywhere	NT=Oxidation;AC=UNIMOD:35;MT=variable;TA=M;PP=Anywhere	v3.0.0	ms-proteomics v1.1.0	human v1.1.0	dia-acquisition v1.1.0	progressive diabetic kidney disease
SKI837	Homo sapiens	urine	not available	not available	diabetic nephropathy	not available	not available	not available	SKI837	57	not pooled	study sample	progressive diabetic kidney disease	combined small and large urinary extracellular vesicles	SWATH_Pr_72_SKI837	proteomic profiling by mass spectrometry	SWATH_Pr_72_SKI837.wiff	ftp://ftp.pride.ebi.ac.uk/pride/data/archive/2026/09/PXD067073/SWATH_Pr_72_SKI837.wiff	NT=label free sample;AC=MS:1002038	1	1	NT=TripleTOF 6600;AC=MS:1002533	NT=Data-independent acquisition;AC=PRIDE:0000450	not available	not available	not available	not available	not available	not available	NT=Carbamidomethyl;AC=UNIMOD:4;MT=fixed;TA=C;PP=Anywhere	NT=Oxidation;AC=UNIMOD:35;MT=variable;TA=M;PP=Anywhere	v3.0.0	ms-proteomics v1.1.0	human v1.1.0	dia-acquisition v1.1.0	progressive diabetic kidney disease
SKI901	Homo sapiens	urine	not available	not available	diabetic nephropathy	not available	not available	not available	SKI901	58	not pooled	study sample	progressive diabetic kidney disease	combined small and large urinary extracellular vesicles	SWATH_Pr_73_SKI901	proteomic profiling by mass spectrometry	SWATH_Pr_73_SKI901.wiff	ftp://ftp.pride.ebi.ac.uk/pride/data/archive/2026/09/PXD067073/SWATH_Pr_73_SKI901.wiff	NT=label free sample;AC=MS:1002038	1	1	NT=TripleTOF 6600;AC=MS:1002533	NT=Data-independent acquisition;AC=PRIDE:0000450	not available	not available	not available	not available	not available	not available	NT=Carbamidomethyl;AC=UNIMOD:4;MT=fixed;TA=C;PP=Anywhere	NT=Oxidation;AC=UNIMOD:35;MT=variable;TA=M;PP=Anywhere	v3.0.0	ms-proteomics v1.1.0	human v1.1.0	dia-acquisition v1.1.0	progressive diabetic kidney disease
SKI857	Homo sapiens	urine	not available	not available	diabetic nephropathy	not available	not available	not available	SKI857	59	not pooled	study sample	progressive diabetic kidney disease	combined small and large urinary extracellular vesicles	SWATH_Pr_74_SKI857	proteomic profiling by mass spectrometry	SWATH_Pr_74_SKI857.wiff	ftp://ftp.pride.ebi.ac.uk/pride/data/archive/2026/09/PXD067073/SWATH_Pr_74_SKI857.wiff	NT=label free sample;AC=MS:1002038	1	1	NT=TripleTOF 6600;AC=MS:1002533	NT=Data-independent acquisition;AC=PRIDE:0000450	not available	not available	not available	not available	not available	not available	NT=Carbamidomethyl;AC=UNIMOD:4;MT=fixed;TA=C;PP=Anywhere	NT=Oxidation;AC=UNIMOD:35;MT=variable;TA=M;PP=Anywhere	v3.0.0	ms-proteomics v1.1.0	human v1.1.0	dia-acquisition v1.1.0	progressive diabetic kidney disease
PDN13	Homo sapiens	urine	not available	not available	diabetic nephropathy	not available	not available	not available	PDN13	60	not pooled	study sample	stable diabetic kidney disease	combined small and large urinary extracellular vesicles	SWATH_St_1_PDN13	proteomic profiling by mass spectrometry	SWATH_St_1_PDN13.wiff	ftp://ftp.pride.ebi.ac.uk/pride/data/archive/2026/09/PXD067073/SWATH_St_1_PDN13.wiff	NT=label free sample;AC=MS:1002038	1	1	NT=TripleTOF 6600;AC=MS:1002533	NT=Data-independent acquisition;AC=PRIDE:0000450	not available	not available	not available	not available	not available	not available	NT=Carbamidomethyl;AC=UNIMOD:4;MT=fixed;TA=C;PP=Anywhere	NT=Oxidation;AC=UNIMOD:35;MT=variable;TA=M;PP=Anywhere	v3.0.0	ms-proteomics v1.1.0	human v1.1.0	dia-acquisition v1.1.0	stable diabetic kidney disease
PDN127	Homo sapiens	urine	not available	not available	diabetic nephropathy	not available	not available	not available	PDN127	61	not pooled	study sample	stable diabetic kidney disease	combined small and large urinary extracellular vesicles	SWATH_St_21_PDN127	proteomic profiling by mass spectrometry	SWATH_St_21_PDN127.wiff	ftp://ftp.pride.ebi.ac.uk/pride/data/archive/2026/09/PXD067073/SWATH_St_21_PDN127.wiff	NT=label free sample;AC=MS:1002038	1	1	NT=TripleTOF 6600;AC=MS:1002533	NT=Data-independent acquisition;AC=PRIDE:0000450	not available	not available	not available	not available	not available	not available	NT=Carbamidomethyl;AC=UNIMOD:4;MT=fixed;TA=C;PP=Anywhere	NT=Oxidation;AC=UNIMOD:35;MT=variable;TA=M;PP=Anywhere	v3.0.0	ms-proteomics v1.1.0	human v1.1.0	dia-acquisition v1.1.0	stable diabetic kidney disease
PDN162	Homo sapiens	urine	not available	not available	diabetic nephropathy	not available	not available	not available	PDN162	62	not pooled	study sample	stable diabetic kidney disease	combined small and large urinary extracellular vesicles	SWATH_St_22_PDN162	proteomic profiling by mass spectrometry	SWATH_St_22_PDN162.wiff	ftp://ftp.pride.ebi.ac.uk/pride/data/archive/2026/09/PXD067073/SWATH_St_22_PDN162.wiff	NT=label free sample;AC=MS:1002038	1	1	NT=TripleTOF 6600;AC=MS:1002533	NT=Data-independent acquisition;AC=PRIDE:0000450	not available	not available	not available	not available	not available	not available	NT=Carbamidomethyl;AC=UNIMOD:4;MT=fixed;TA=C;PP=Anywhere	NT=Oxidation;AC=UNIMOD:35;MT=variable;TA=M;PP=Anywhere	v3.0.0	ms-proteomics v1.1.0	human v1.1.0	dia-acquisition v1.1.0	stable diabetic kidney disease
PDN164	Homo sapiens	urine	not available	not available	diabetic nephropathy	not available	not available	not available	PDN164	63	not pooled	study sample	stable diabetic kidney disease	combined small and large urinary extracellular vesicles	SWATH_St_23_PDN164	proteomic profiling by mass spectrometry	SWATH_St_23_PDN164.wiff	ftp://ftp.pride.ebi.ac.uk/pride/data/archive/2026/09/PXD067073/SWATH_St_23_PDN164.wiff	NT=label free sample;AC=MS:1002038	1	1	NT=TripleTOF 6600;AC=MS:1002533	NT=Data-independent acquisition;AC=PRIDE:0000450	not available	not available	not available	not available	not available	not available	NT=Carbamidomethyl;AC=UNIMOD:4;MT=fixed;TA=C;PP=Anywhere	NT=Oxidation;AC=UNIMOD:35;MT=variable;TA=M;PP=Anywhere	v3.0.0	ms-proteomics v1.1.0	human v1.1.0	dia-acquisition v1.1.0	stable diabetic kidney disease
PDN300	Homo sapiens	urine	not available	not available	diabetic nephropathy	not available	not available	not available	PDN300	64	not pooled	study sample	stable diabetic kidney disease	combined small and large urinary extracellular vesicles	SWATH_St_24_PDN300	proteomic profiling by mass spectrometry	SWATH_St_24_PDN300.wiff	ftp://ftp.pride.ebi.ac.uk/pride/data/archive/2026/09/PXD067073/SWATH_St_24_PDN300.wiff	NT=label free sample;AC=MS:1002038	1	1	NT=TripleTOF 6600;AC=MS:1002533	NT=Data-independent acquisition;AC=PRIDE:0000450	not available	not available	not available	not available	not available	not available	NT=Carbamidomethyl;AC=UNIMOD:4;MT=fixed;TA=C;PP=Anywhere	NT=Oxidation;AC=UNIMOD:35;MT=variable;TA=M;PP=Anywhere	v3.0.0	ms-proteomics v1.1.0	human v1.1.0	dia-acquisition v1.1.0	stable diabetic kidney disease
PDN299	Homo sapiens	urine	not available	not available	diabetic nephropathy	not available	not available	not available	PDN299	65	not pooled	study sample	stable diabetic kidney disease	combined small and large urinary extracellular vesicles	SWATH_St_25_PDN299	proteomic profiling by mass spectrometry	SWATH_St_25_PDN299.wiff	ftp://ftp.pride.ebi.ac.uk/pride/data/archive/2026/09/PXD067073/SWATH_St_25_PDN299.wiff	NT=label free sample;AC=MS:1002038	1	1	NT=TripleTOF 6600;AC=MS:1002533	NT=Data-independent acquisition;AC=PRIDE:0000450	not available	not available	not available	not available	not available	not available	NT=Carbamidomethyl;AC=UNIMOD:4;MT=fixed;TA=C;PP=Anywhere	NT=Oxidation;AC=UNIMOD:35;MT=variable;TA=M;PP=Anywhere	v3.0.0	ms-proteomics v1.1.0	human v1.1.0	dia-acquisition v1.1.0	stable diabetic kidney disease
PDN10	Homo sapiens	urine	not available	not available	diabetic nephropathy	not available	not available	not available	PDN10	66	not pooled	study sample	stable diabetic kidney disease	combined small and large urinary extracellular vesicles	SWATH_St_2_PDN10	proteomic profiling by mass spectrometry	SWATH_St_2_PDN10.wiff	ftp://ftp.pride.ebi.ac.uk/pride/data/archive/2026/09/PXD067073/SWATH_St_2_PDN10.wiff	NT=label free sample;AC=MS:1002038	1	1	NT=TripleTOF 6600;AC=MS:1002533	NT=Data-independent acquisition;AC=PRIDE:0000450	not available	not available	not available	not available	not available	not available	NT=Carbamidomethyl;AC=UNIMOD:4;MT=fixed;TA=C;PP=Anywhere	NT=Oxidation;AC=UNIMOD:35;MT=variable;TA=M;PP=Anywhere	v3.0.0	ms-proteomics v1.1.0	human v1.1.0	dia-acquisition v1.1.0	stable diabetic kidney disease
PDN232	Homo sapiens	urine	not available	not available	diabetic nephropathy	not available	not available	not available	PDN232	67	not pooled	study sample	stable diabetic kidney disease	combined small and large urinary extracellular vesicles	SWATH_St_3_PDN232	proteomic profiling by mass spectrometry	SWATH_St_3_PDN232.wiff	ftp://ftp.pride.ebi.ac.uk/pride/data/archive/2026/09/PXD067073/SWATH_St_3_PDN232.wiff	NT=label free sample;AC=MS:1002038	1	1	NT=TripleTOF 6600;AC=MS:1002533	NT=Data-independent acquisition;AC=PRIDE:0000450	not available	not available	not available	not available	not available	not available	NT=Carbamidomethyl;AC=UNIMOD:4;MT=fixed;TA=C;PP=Anywhere	NT=Oxidation;AC=UNIMOD:35;MT=variable;TA=M;PP=Anywhere	v3.0.0	ms-proteomics v1.1.0	human v1.1.0	dia-acquisition v1.1.0	stable diabetic kidney disease
PDN423	Homo sapiens	urine	not available	not available	diabetic nephropathy	not available	not available	not available	PDN423	68	not pooled	study sample	stable diabetic kidney disease	combined small and large urinary extracellular vesicles	SWATH_St_41_PDN423	proteomic profiling by mass spectrometry	SWATH_St_41_PDN423.wiff	ftp://ftp.pride.ebi.ac.uk/pride/data/archive/2026/09/PXD067073/SWATH_St_41_PDN423.wiff	NT=label free sample;AC=MS:1002038	1	1	NT=TripleTOF 6600;AC=MS:1002533	NT=Data-independent acquisition;AC=PRIDE:0000450	not available	not available	not available	not available	not available	not available	NT=Carbamidomethyl;AC=UNIMOD:4;MT=fixed;TA=C;PP=Anywhere	NT=Oxidation;AC=UNIMOD:35;MT=variable;TA=M;PP=Anywhere	v3.0.0	ms-proteomics v1.1.0	human v1.1.0	dia-acquisition v1.1.0	stable diabetic kidney disease
PDN157	Homo sapiens	urine	not available	not available	diabetic nephropathy	not available	not available	not available	PDN157	69	not pooled	study sample	stable diabetic kidney disease	combined small and large urinary extracellular vesicles	SWATH_St_42_PDN157	proteomic profiling by mass spectrometry	SWATH_St_42_PDN157.wiff	ftp://ftp.pride.ebi.ac.uk/pride/data/archive/2026/09/PXD067073/SWATH_St_42_PDN157.wiff	NT=label free sample;AC=MS:1002038	1	1	NT=TripleTOF 6600;AC=MS:1002533	NT=Data-independent acquisition;AC=PRIDE:0000450	not available	not available	not available	not available	not available	not available	NT=Carbamidomethyl;AC=UNIMOD:4;MT=fixed;TA=C;PP=Anywhere	NT=Oxidation;AC=UNIMOD:35;MT=variable;TA=M;PP=Anywhere	v3.0.0	ms-proteomics v1.1.0	human v1.1.0	dia-acquisition v1.1.0	stable diabetic kidney disease
SKI410	Homo sapiens	urine	not available	not available	diabetic nephropathy	not available	not available	not available	SKI410	70	not pooled	study sample	stable diabetic kidney disease	combined small and large urinary extracellular vesicles	SWATH_St_43_SKI410	proteomic profiling by mass spectrometry	SWATH_St_43_SKI410.wiff	ftp://ftp.pride.ebi.ac.uk/pride/data/archive/2026/09/PXD067073/SWATH_St_43_SKI410.wiff	NT=label free sample;AC=MS:1002038	1	1	NT=TripleTOF 6600;AC=MS:1002533	NT=Data-independent acquisition;AC=PRIDE:0000450	not available	not available	not available	not available	not available	not available	NT=Carbamidomethyl;AC=UNIMOD:4;MT=fixed;TA=C;PP=Anywhere	NT=Oxidation;AC=UNIMOD:35;MT=variable;TA=M;PP=Anywhere	v3.0.0	ms-proteomics v1.1.0	human v1.1.0	dia-acquisition v1.1.0	stable diabetic kidney disease
SKI425	Homo sapiens	urine	not available	not available	diabetic nephropathy	not available	not available	not available	SKI425	71	not pooled	study sample	stable diabetic kidney disease	combined small and large urinary extracellular vesicles	SWATH_St_44_SKI425	proteomic profiling by mass spectrometry	SWATH_St_44_SKI425.wiff	ftp://ftp.pride.ebi.ac.uk/pride/data/archive/2026/09/PXD067073/SWATH_St_44_SKI425.wiff	NT=label free sample;AC=MS:1002038	1	1	NT=TripleTOF 6600;AC=MS:1002533	NT=Data-independent acquisition;AC=PRIDE:0000450	not available	not available	not available	not available	not available	not available	NT=Carbamidomethyl;AC=UNIMOD:4;MT=fixed;TA=C;PP=Anywhere	NT=Oxidation;AC=UNIMOD:35;MT=variable;TA=M;PP=Anywhere	v3.0.0	ms-proteomics v1.1.0	human v1.1.0	dia-acquisition v1.1.0	stable diabetic kidney disease
SKI453	Homo sapiens	urine	not available	not available	diabetic nephropathy	not available	not available	not available	SKI453	72	not pooled	study sample	stable diabetic kidney disease	combined small and large urinary extracellular vesicles	SWATH_St_45_SKI453	proteomic profiling by mass spectrometry	SWATH_St_45_SKI453.wiff	ftp://ftp.pride.ebi.ac.uk/pride/data/archive/2026/09/PXD067073/SWATH_St_45_SKI453.wiff	NT=label free sample;AC=MS:1002038	1	1	NT=TripleTOF 6600;AC=MS:1002533	NT=Data-independent acquisition;AC=PRIDE:0000450	not available	not available	not available	not available	not available	not available	NT=Carbamidomethyl;AC=UNIMOD:4;MT=fixed;TA=C;PP=Anywhere	NT=Oxidation;AC=UNIMOD:35;MT=variable;TA=M;PP=Anywhere	v3.0.0	ms-proteomics v1.1.0	human v1.1.0	dia-acquisition v1.1.0	stable diabetic kidney disease
PDN209	Homo sapiens	urine	not available	not available	diabetic nephropathy	not available	not available	not available	PDN209	73	not pooled	study sample	stable diabetic kidney disease	combined small and large urinary extracellular vesicles	SWATH_St_4_PDN209	proteomic profiling by mass spectrometry	SWATH_St_4_PDN209.wiff	ftp://ftp.pride.ebi.ac.uk/pride/data/archive/2026/09/PXD067073/SWATH_St_4_PDN209.wiff	NT=label free sample;AC=MS:1002038	1	1	NT=TripleTOF 6600;AC=MS:1002533	NT=Data-independent acquisition;AC=PRIDE:0000450	not available	not available	not available	not available	not available	not available	NT=Carbamidomethyl;AC=UNIMOD:4;MT=fixed;TA=C;PP=Anywhere	NT=Oxidation;AC=UNIMOD:35;MT=variable;TA=M;PP=Anywhere	v3.0.0	ms-proteomics v1.1.0	human v1.1.0	dia-acquisition v1.1.0	stable diabetic kidney disease
PDN266	Homo sapiens	urine	not available	not available	diabetic nephropathy	not available	not available	not available	PDN266	74	not pooled	study sample	stable diabetic kidney disease	combined small and large urinary extracellular vesicles	SWATH_St_5_PDN266	proteomic profiling by mass spectrometry	SWATH_St_5_PDN266.wiff	ftp://ftp.pride.ebi.ac.uk/pride/data/archive/2026/09/PXD067073/SWATH_St_5_PDN266.wiff	NT=label free sample;AC=MS:1002038	1	1	NT=TripleTOF 6600;AC=MS:1002533	NT=Data-independent acquisition;AC=PRIDE:0000450	not available	not available	not available	not available	not available	not available	NT=Carbamidomethyl;AC=UNIMOD:4;MT=fixed;TA=C;PP=Anywhere	NT=Oxidation;AC=UNIMOD:35;MT=variable;TA=M;PP=Anywhere	v3.0.0	ms-proteomics v1.1.0	human v1.1.0	dia-acquisition v1.1.0	stable diabetic kidney disease
SKI581	Homo sapiens	urine	not available	not available	diabetic nephropathy	not available	not available	not available	SKI581	75	not pooled	study sample	stable diabetic kidney disease	combined small and large urinary extracellular vesicles	SWATH_St_61_SKI581	proteomic profiling by mass spectrometry	SWATH_St_61_SKI581.wiff	ftp://ftp.pride.ebi.ac.uk/pride/data/archive/2026/09/PXD067073/SWATH_St_61_SKI581.wiff	NT=label free sample;AC=MS:1002038	1	1	NT=TripleTOF 6600;AC=MS:1002533	NT=Data-independent acquisition;AC=PRIDE:0000450	not available	not available	not available	not available	not available	not available	NT=Carbamidomethyl;AC=UNIMOD:4;MT=fixed;TA=C;PP=Anywhere	NT=Oxidation;AC=UNIMOD:35;MT=variable;TA=M;PP=Anywhere	v3.0.0	ms-proteomics v1.1.0	human v1.1.0	dia-acquisition v1.1.0	stable diabetic kidney disease
SKI594	Homo sapiens	urine	not available	not available	diabetic nephropathy	not available	not available	not available	SKI594	76	not pooled	study sample	stable diabetic kidney disease	combined small and large urinary extracellular vesicles	SWATH_St_62_SKI594	proteomic profiling by mass spectrometry	SWATH_St_62_SKI594.wiff	ftp://ftp.pride.ebi.ac.uk/pride/data/archive/2026/09/PXD067073/SWATH_St_62_SKI594.wiff	NT=label free sample;AC=MS:1002038	1	1	NT=TripleTOF 6600;AC=MS:1002533	NT=Data-independent acquisition;AC=PRIDE:0000450	not available	not available	not available	not available	not available	not available	NT=Carbamidomethyl;AC=UNIMOD:4;MT=fixed;TA=C;PP=Anywhere	NT=Oxidation;AC=UNIMOD:35;MT=variable;TA=M;PP=Anywhere	v3.0.0	ms-proteomics v1.1.0	human v1.1.0	dia-acquisition v1.1.0	stable diabetic kidney disease
SKI470	Homo sapiens	urine	not available	not available	diabetic nephropathy	not available	not available	not available	SKI470	77	not pooled	study sample	stable diabetic kidney disease	combined small and large urinary extracellular vesicles	SWATH_St_63_SKI470	proteomic profiling by mass spectrometry	SWATH_St_63_SKI470.wiff	ftp://ftp.pride.ebi.ac.uk/pride/data/archive/2026/09/PXD067073/SWATH_St_63_SKI470.wiff	NT=label free sample;AC=MS:1002038	1	1	NT=TripleTOF 6600;AC=MS:1002533	NT=Data-independent acquisition;AC=PRIDE:0000450	not available	not available	not available	not available	not available	not available	NT=Carbamidomethyl;AC=UNIMOD:4;MT=fixed;TA=C;PP=Anywhere	NT=Oxidation;AC=UNIMOD:35;MT=variable;TA=M;PP=Anywhere	v3.0.0	ms-proteomics v1.1.0	human v1.1.0	dia-acquisition v1.1.0	stable diabetic kidney disease
SKI535	Homo sapiens	urine	not available	not available	diabetic nephropathy	not available	not available	not available	SKI535	78	not pooled	study sample	stable diabetic kidney disease	combined small and large urinary extracellular vesicles	SWATH_St_64_SKI535	proteomic profiling by mass spectrometry	SWATH_St_64_SKI535.wiff	ftp://ftp.pride.ebi.ac.uk/pride/data/archive/2026/09/PXD067073/SWATH_St_64_SKI535.wiff	NT=label free sample;AC=MS:1002038	1	1	NT=TripleTOF 6600;AC=MS:1002533	NT=Data-independent acquisition;AC=PRIDE:0000450	not available	not available	not available	not available	not available	not available	NT=Carbamidomethyl;AC=UNIMOD:4;MT=fixed;TA=C;PP=Anywhere	NT=Oxidation;AC=UNIMOD:35;MT=variable;TA=M;PP=Anywhere	v3.0.0	ms-proteomics v1.1.0	human v1.1.0	dia-acquisition v1.1.0	stable diabetic kidney disease
SKI417	Homo sapiens	urine	not available	not available	diabetic nephropathy	not available	not available	not available	SKI417	79	not pooled	study sample	stable diabetic kidney disease	combined small and large urinary extracellular vesicles	SWATH_St_65_SKI417	proteomic profiling by mass spectrometry	SWATH_St_65_SKI417.wiff	ftp://ftp.pride.ebi.ac.uk/pride/data/archive/2026/09/PXD067073/SWATH_St_65_SKI417.wiff	NT=label free sample;AC=MS:1002038	1	1	NT=TripleTOF 6600;AC=MS:1002533	NT=Data-independent acquisition;AC=PRIDE:0000450	not available	not available	not available	not available	not available	not available	NT=Carbamidomethyl;AC=UNIMOD:4;MT=fixed;TA=C;PP=Anywhere	NT=Oxidation;AC=UNIMOD:35;MT=variable;TA=M;PP=Anywhere	v3.0.0	ms-proteomics v1.1.0	human v1.1.0	dia-acquisition v1.1.0	stable diabetic kidney disease
