source name	characteristics[organism]	characteristics[organism part]	characteristics[cell type]	characteristics[cell line]	characteristics[cellosaurus accession]	characteristics[material type]	characteristics[disease]	characteristics[sex]	characteristics[age]	characteristics[ancestry category]	characteristics[developmental stage]	characteristics[individual]	characteristics[pooled sample]	characteristics[sample type]	characteristics[biological replicate]	characteristics[experimental block]	characteristics[cell cycle state]	characteristics[arrest pretreatment]	characteristics[treatment]	characteristics[treatment duration]	characteristics[treatment concentration]	assay name	technology type	comment[data file]	comment[file uri]	comment[label]	comment[technical replicate]	comment[fraction identifier]	comment[instrument]	comment[proteomics data acquisition method]	comment[cleavage agent details]	comment[reduction reagent]	comment[alkylation reagent]	comment[dissociation method]	comment[collision energy]	comment[ms1 scan range]	comment[precursor mass tolerance]	comment[fragment mass tolerance]	comment[modification parameters]	comment[modification parameters]	comment[modification parameters]	comment[modification parameters]	comment[sdrf version]	comment[sdrf template]	comment[sdrf template]	comment[sdrf template]	factor value[cell line]	factor value[cell cycle state]	factor value[treatment]
Exp02_P31_DMSO_R1	Homo sapiens	blood	not available	P31/FUJ	CVCL_1632	cell	childhood acute myeloid leukemia	male	7Y	not available	not available	CVCL_1632	not available	study sample	25	Exp02	asynchronous	not applicable	DMSO	2h	not available	QE1_SMMG_Exp02_Sample_01_T25_P31_DMSO_R1	proteomic profiling by mass spectrometry	QE1_SMMG_Exp02_Sample_01_T25_P31_DMSO_R1.raw	ftp://ftp.pride.ebi.ac.uk/pride/data/archive/2026/09/PXD068482/QE1_SMMG_Exp02_Sample_01_T25_P31_DMSO_R1.raw	NT=label free sample;AC=MS:1002038	1	1	NT=Q Exactive Plus;AC=MS:1002634	NT=Data-dependent acquisition;AC=PRIDE:0000627	NT=Trypsin;AC=MS:1001251	NT=Dithiothreitol (DTT);AC=PRIDE:0000608	NT=Iodoacetamide (IAA);AC=PRIDE:0000599	NT=beam-type collision-induced dissociation;AC=MS:1000422	not available	375m/z-1500m/z	10 ppm	0.025 Da	NT=Carbamidomethyl;AC=UNIMOD:4;MT=fixed;TA=C;PP=Anywhere	NT=Oxidation;AC=UNIMOD:35;MT=variable;TA=M;PP=Anywhere	NT=Gln->pyro-Glu;AC=UNIMOD:28;MT=variable;TA=Q;PP=Any N-term	NT=Phospho;AC=UNIMOD:21;MT=variable;TA=S,T,Y;PP=Anywhere	v3.0.0	ms-proteomics v1.1.0	human v1.1.0	cell-lines v1.1.0	P31/FUJ	asynchronous	DMSO
Exp02_P31_STLC_R1	Homo sapiens	blood	not available	P31/FUJ	CVCL_1632	cell	childhood acute myeloid leukemia	male	7Y	not available	not available	CVCL_1632	not available	study sample	26	Exp02	prometaphase-arrested	STLC, 5 uM, 18-20h	DMSO	2h	not available	QE1_SMMG_Exp02_Sample_02_T26_P31_STLC_R1	proteomic profiling by mass spectrometry	QE1_SMMG_Exp02_Sample_02_T26_P31_STLC_R1.raw	ftp://ftp.pride.ebi.ac.uk/pride/data/archive/2026/09/PXD068482/QE1_SMMG_Exp02_Sample_02_T26_P31_STLC_R1.raw	NT=label free sample;AC=MS:1002038	1	1	NT=Q Exactive Plus;AC=MS:1002634	NT=Data-dependent acquisition;AC=PRIDE:0000627	NT=Trypsin;AC=MS:1001251	NT=Dithiothreitol (DTT);AC=PRIDE:0000608	NT=Iodoacetamide (IAA);AC=PRIDE:0000599	NT=beam-type collision-induced dissociation;AC=MS:1000422	not available	375m/z-1500m/z	10 ppm	0.025 Da	NT=Carbamidomethyl;AC=UNIMOD:4;MT=fixed;TA=C;PP=Anywhere	NT=Oxidation;AC=UNIMOD:35;MT=variable;TA=M;PP=Anywhere	NT=Gln->pyro-Glu;AC=UNIMOD:28;MT=variable;TA=Q;PP=Any N-term	NT=Phospho;AC=UNIMOD:21;MT=variable;TA=S,T,Y;PP=Anywhere	v3.0.0	ms-proteomics v1.1.0	human v1.1.0	cell-lines v1.1.0	P31/FUJ	prometaphase-arrested	DMSO
Exp02_P31_GWLi_R1	Homo sapiens	blood	not available	P31/FUJ	CVCL_1632	cell	childhood acute myeloid leukemia	male	7Y	not available	not available	CVCL_1632	not available	study sample	27	Exp02	prometaphase-arrested	STLC, 5 uM, 18-20h	C-604	2h	2 uM	QE1_SMMG_Exp02_Sample_03_T27_P31_GWLi_R1	proteomic profiling by mass spectrometry	QE1_SMMG_Exp02_Sample_03_T27_P31_GWLi_R1.raw	ftp://ftp.pride.ebi.ac.uk/pride/data/archive/2026/09/PXD068482/QE1_SMMG_Exp02_Sample_03_T27_P31_GWLi_R1.raw	NT=label free sample;AC=MS:1002038	1	1	NT=Q Exactive Plus;AC=MS:1002634	NT=Data-dependent acquisition;AC=PRIDE:0000627	NT=Trypsin;AC=MS:1001251	NT=Dithiothreitol (DTT);AC=PRIDE:0000608	NT=Iodoacetamide (IAA);AC=PRIDE:0000599	NT=beam-type collision-induced dissociation;AC=MS:1000422	not available	375m/z-1500m/z	10 ppm	0.025 Da	NT=Carbamidomethyl;AC=UNIMOD:4;MT=fixed;TA=C;PP=Anywhere	NT=Oxidation;AC=UNIMOD:35;MT=variable;TA=M;PP=Anywhere	NT=Gln->pyro-Glu;AC=UNIMOD:28;MT=variable;TA=Q;PP=Any N-term	NT=Phospho;AC=UNIMOD:21;MT=variable;TA=S,T,Y;PP=Anywhere	v3.0.0	ms-proteomics v1.1.0	human v1.1.0	cell-lines v1.1.0	P31/FUJ	prometaphase-arrested	C-604
Exp02_P31_CDKi_R1	Homo sapiens	blood	not available	P31/FUJ	CVCL_1632	cell	childhood acute myeloid leukemia	male	7Y	not available	not available	CVCL_1632	not available	study sample	28	Exp02	prometaphase-arrested	STLC, 5 uM, 18-20h	RO-3306	2h	10 uM	QE1_SMMG_Exp02_Sample_04_T28_P31_CDKi_R1	proteomic profiling by mass spectrometry	QE1_SMMG_Exp02_Sample_04_T28_P31_CDKi_R1.raw	ftp://ftp.pride.ebi.ac.uk/pride/data/archive/2026/09/PXD068482/QE1_SMMG_Exp02_Sample_04_T28_P31_CDKi_R1.raw	NT=label free sample;AC=MS:1002038	1	1	NT=Q Exactive Plus;AC=MS:1002634	NT=Data-dependent acquisition;AC=PRIDE:0000627	NT=Trypsin;AC=MS:1001251	NT=Dithiothreitol (DTT);AC=PRIDE:0000608	NT=Iodoacetamide (IAA);AC=PRIDE:0000599	NT=beam-type collision-induced dissociation;AC=MS:1000422	not available	375m/z-1500m/z	10 ppm	0.025 Da	NT=Carbamidomethyl;AC=UNIMOD:4;MT=fixed;TA=C;PP=Anywhere	NT=Oxidation;AC=UNIMOD:35;MT=variable;TA=M;PP=Anywhere	NT=Gln->pyro-Glu;AC=UNIMOD:28;MT=variable;TA=Q;PP=Any N-term	NT=Phospho;AC=UNIMOD:21;MT=variable;TA=S,T,Y;PP=Anywhere	v3.0.0	ms-proteomics v1.1.0	human v1.1.0	cell-lines v1.1.0	P31/FUJ	prometaphase-arrested	RO-3306
Exp02_Hela_STLC_R1	Homo sapiens	cervix	not available	HeLa	CVCL_0030	cell	cervical adenocarcinoma	female	30Y6M	not available	not available	CVCL_0030	not available	study sample	29	Exp02	prometaphase-arrested	STLC, 5 uM, 18-20h	DMSO	2h	not available	QE1_SMMG_Exp02_Sample_06_T46_Hela_STLC_R1	proteomic profiling by mass spectrometry	QE1_SMMG_Exp02_Sample_06_T46_Hela_STLC_R1.raw	ftp://ftp.pride.ebi.ac.uk/pride/data/archive/2026/09/PXD068482/QE1_SMMG_Exp02_Sample_06_T46_Hela_STLC_R1.raw	NT=label free sample;AC=MS:1002038	1	1	NT=Q Exactive Plus;AC=MS:1002634	NT=Data-dependent acquisition;AC=PRIDE:0000627	NT=Trypsin;AC=MS:1001251	NT=Dithiothreitol (DTT);AC=PRIDE:0000608	NT=Iodoacetamide (IAA);AC=PRIDE:0000599	NT=beam-type collision-induced dissociation;AC=MS:1000422	not available	375m/z-1500m/z	10 ppm	0.025 Da	NT=Carbamidomethyl;AC=UNIMOD:4;MT=fixed;TA=C;PP=Anywhere	NT=Oxidation;AC=UNIMOD:35;MT=variable;TA=M;PP=Anywhere	NT=Gln->pyro-Glu;AC=UNIMOD:28;MT=variable;TA=Q;PP=Any N-term	NT=Phospho;AC=UNIMOD:21;MT=variable;TA=S,T,Y;PP=Anywhere	v3.0.0	ms-proteomics v1.1.0	human v1.1.0	cell-lines v1.1.0	HeLa	prometaphase-arrested	DMSO
Exp02_Hela_GWLi_R1	Homo sapiens	cervix	not available	HeLa	CVCL_0030	cell	cervical adenocarcinoma	female	30Y6M	not available	not available	CVCL_0030	not available	study sample	30	Exp02	prometaphase-arrested	STLC, 5 uM, 18-20h	C-604	2h	2 uM	QE1_SMMG_Exp02_Sample_07_T47_Hela_GWLi_R1	proteomic profiling by mass spectrometry	QE1_SMMG_Exp02_Sample_07_T47_Hela_GWLi_R1.raw	ftp://ftp.pride.ebi.ac.uk/pride/data/archive/2026/09/PXD068482/QE1_SMMG_Exp02_Sample_07_T47_Hela_GWLi_R1.raw	NT=label free sample;AC=MS:1002038	1	1	NT=Q Exactive Plus;AC=MS:1002634	NT=Data-dependent acquisition;AC=PRIDE:0000627	NT=Trypsin;AC=MS:1001251	NT=Dithiothreitol (DTT);AC=PRIDE:0000608	NT=Iodoacetamide (IAA);AC=PRIDE:0000599	NT=beam-type collision-induced dissociation;AC=MS:1000422	not available	375m/z-1500m/z	10 ppm	0.025 Da	NT=Carbamidomethyl;AC=UNIMOD:4;MT=fixed;TA=C;PP=Anywhere	NT=Oxidation;AC=UNIMOD:35;MT=variable;TA=M;PP=Anywhere	NT=Gln->pyro-Glu;AC=UNIMOD:28;MT=variable;TA=Q;PP=Any N-term	NT=Phospho;AC=UNIMOD:21;MT=variable;TA=S,T,Y;PP=Anywhere	v3.0.0	ms-proteomics v1.1.0	human v1.1.0	cell-lines v1.1.0	HeLa	prometaphase-arrested	C-604
Exp02_P31_DMSO_R2	Homo sapiens	blood	not available	P31/FUJ	CVCL_1632	cell	childhood acute myeloid leukemia	male	7Y	not available	not available	CVCL_1632	not available	study sample	31	Exp02	asynchronous	not applicable	DMSO	2h	not available	QE1_SMMG_Exp02_Sample_09_T29_P31_DMSO_R2	proteomic profiling by mass spectrometry	QE1_SMMG_Exp02_Sample_09_T29_P31_DMSO_R2.raw	ftp://ftp.pride.ebi.ac.uk/pride/data/archive/2026/09/PXD068482/QE1_SMMG_Exp02_Sample_09_T29_P31_DMSO_R2.raw	NT=label free sample;AC=MS:1002038	1	1	NT=Q Exactive Plus;AC=MS:1002634	NT=Data-dependent acquisition;AC=PRIDE:0000627	NT=Trypsin;AC=MS:1001251	NT=Dithiothreitol (DTT);AC=PRIDE:0000608	NT=Iodoacetamide (IAA);AC=PRIDE:0000599	NT=beam-type collision-induced dissociation;AC=MS:1000422	not available	375m/z-1500m/z	10 ppm	0.025 Da	NT=Carbamidomethyl;AC=UNIMOD:4;MT=fixed;TA=C;PP=Anywhere	NT=Oxidation;AC=UNIMOD:35;MT=variable;TA=M;PP=Anywhere	NT=Gln->pyro-Glu;AC=UNIMOD:28;MT=variable;TA=Q;PP=Any N-term	NT=Phospho;AC=UNIMOD:21;MT=variable;TA=S,T,Y;PP=Anywhere	v3.0.0	ms-proteomics v1.1.0	human v1.1.0	cell-lines v1.1.0	P31/FUJ	asynchronous	DMSO
Exp02_P31_STLC_R2	Homo sapiens	blood	not available	P31/FUJ	CVCL_1632	cell	childhood acute myeloid leukemia	male	7Y	not available	not available	CVCL_1632	not available	study sample	32	Exp02	prometaphase-arrested	STLC, 5 uM, 18-20h	DMSO	2h	not available	QE1_SMMG_Exp02_Sample_10_T30_P31_STLC_R2	proteomic profiling by mass spectrometry	QE1_SMMG_Exp02_Sample_10_T30_P31_STLC_R2.raw	ftp://ftp.pride.ebi.ac.uk/pride/data/archive/2026/09/PXD068482/QE1_SMMG_Exp02_Sample_10_T30_P31_STLC_R2.raw	NT=label free sample;AC=MS:1002038	1	1	NT=Q Exactive Plus;AC=MS:1002634	NT=Data-dependent acquisition;AC=PRIDE:0000627	NT=Trypsin;AC=MS:1001251	NT=Dithiothreitol (DTT);AC=PRIDE:0000608	NT=Iodoacetamide (IAA);AC=PRIDE:0000599	NT=beam-type collision-induced dissociation;AC=MS:1000422	not available	375m/z-1500m/z	10 ppm	0.025 Da	NT=Carbamidomethyl;AC=UNIMOD:4;MT=fixed;TA=C;PP=Anywhere	NT=Oxidation;AC=UNIMOD:35;MT=variable;TA=M;PP=Anywhere	NT=Gln->pyro-Glu;AC=UNIMOD:28;MT=variable;TA=Q;PP=Any N-term	NT=Phospho;AC=UNIMOD:21;MT=variable;TA=S,T,Y;PP=Anywhere	v3.0.0	ms-proteomics v1.1.0	human v1.1.0	cell-lines v1.1.0	P31/FUJ	prometaphase-arrested	DMSO
Exp02_P31_GWLi_R2	Homo sapiens	blood	not available	P31/FUJ	CVCL_1632	cell	childhood acute myeloid leukemia	male	7Y	not available	not available	CVCL_1632	not available	study sample	33	Exp02	prometaphase-arrested	STLC, 5 uM, 18-20h	C-604	2h	2 uM	QE1_SMMG_Exp02_Sample_11_T31_P31_GWLi_R2	proteomic profiling by mass spectrometry	QE1_SMMG_Exp02_Sample_11_T31_P31_GWLi_R2.raw	ftp://ftp.pride.ebi.ac.uk/pride/data/archive/2026/09/PXD068482/QE1_SMMG_Exp02_Sample_11_T31_P31_GWLi_R2.raw	NT=label free sample;AC=MS:1002038	1	1	NT=Q Exactive Plus;AC=MS:1002634	NT=Data-dependent acquisition;AC=PRIDE:0000627	NT=Trypsin;AC=MS:1001251	NT=Dithiothreitol (DTT);AC=PRIDE:0000608	NT=Iodoacetamide (IAA);AC=PRIDE:0000599	NT=beam-type collision-induced dissociation;AC=MS:1000422	not available	375m/z-1500m/z	10 ppm	0.025 Da	NT=Carbamidomethyl;AC=UNIMOD:4;MT=fixed;TA=C;PP=Anywhere	NT=Oxidation;AC=UNIMOD:35;MT=variable;TA=M;PP=Anywhere	NT=Gln->pyro-Glu;AC=UNIMOD:28;MT=variable;TA=Q;PP=Any N-term	NT=Phospho;AC=UNIMOD:21;MT=variable;TA=S,T,Y;PP=Anywhere	v3.0.0	ms-proteomics v1.1.0	human v1.1.0	cell-lines v1.1.0	P31/FUJ	prometaphase-arrested	C-604
Exp02_P31_CDKi_R2	Homo sapiens	blood	not available	P31/FUJ	CVCL_1632	cell	childhood acute myeloid leukemia	male	7Y	not available	not available	CVCL_1632	not available	study sample	34	Exp02	prometaphase-arrested	STLC, 5 uM, 18-20h	RO-3306	2h	10 uM	QE1_SMMG_Exp02_Sample_12_T32_P31_CDKi_R2	proteomic profiling by mass spectrometry	QE1_SMMG_Exp02_Sample_12_T32_P31_CDKi_R2.raw	ftp://ftp.pride.ebi.ac.uk/pride/data/archive/2026/09/PXD068482/QE1_SMMG_Exp02_Sample_12_T32_P31_CDKi_R2.raw	NT=label free sample;AC=MS:1002038	1	1	NT=Q Exactive Plus;AC=MS:1002634	NT=Data-dependent acquisition;AC=PRIDE:0000627	NT=Trypsin;AC=MS:1001251	NT=Dithiothreitol (DTT);AC=PRIDE:0000608	NT=Iodoacetamide (IAA);AC=PRIDE:0000599	NT=beam-type collision-induced dissociation;AC=MS:1000422	not available	375m/z-1500m/z	10 ppm	0.025 Da	NT=Carbamidomethyl;AC=UNIMOD:4;MT=fixed;TA=C;PP=Anywhere	NT=Oxidation;AC=UNIMOD:35;MT=variable;TA=M;PP=Anywhere	NT=Gln->pyro-Glu;AC=UNIMOD:28;MT=variable;TA=Q;PP=Any N-term	NT=Phospho;AC=UNIMOD:21;MT=variable;TA=S,T,Y;PP=Anywhere	v3.0.0	ms-proteomics v1.1.0	human v1.1.0	cell-lines v1.1.0	P31/FUJ	prometaphase-arrested	RO-3306
Exp02_Hela_STLC_R2	Homo sapiens	cervix	not available	HeLa	CVCL_0030	cell	cervical adenocarcinoma	female	30Y6M	not available	not available	CVCL_0030	not available	study sample	35	Exp02	prometaphase-arrested	STLC, 5 uM, 18-20h	DMSO	2h	not available	QE1_SMMG_Exp02_Sample_14_T50_Hela_STLC_R2	proteomic profiling by mass spectrometry	QE1_SMMG_Exp02_Sample_14_T50_Hela_STLC_R2.raw	ftp://ftp.pride.ebi.ac.uk/pride/data/archive/2026/09/PXD068482/QE1_SMMG_Exp02_Sample_14_T50_Hela_STLC_R2.raw	NT=label free sample;AC=MS:1002038	1	1	NT=Q Exactive Plus;AC=MS:1002634	NT=Data-dependent acquisition;AC=PRIDE:0000627	NT=Trypsin;AC=MS:1001251	NT=Dithiothreitol (DTT);AC=PRIDE:0000608	NT=Iodoacetamide (IAA);AC=PRIDE:0000599	NT=beam-type collision-induced dissociation;AC=MS:1000422	not available	375m/z-1500m/z	10 ppm	0.025 Da	NT=Carbamidomethyl;AC=UNIMOD:4;MT=fixed;TA=C;PP=Anywhere	NT=Oxidation;AC=UNIMOD:35;MT=variable;TA=M;PP=Anywhere	NT=Gln->pyro-Glu;AC=UNIMOD:28;MT=variable;TA=Q;PP=Any N-term	NT=Phospho;AC=UNIMOD:21;MT=variable;TA=S,T,Y;PP=Anywhere	v3.0.0	ms-proteomics v1.1.0	human v1.1.0	cell-lines v1.1.0	HeLa	prometaphase-arrested	DMSO
Exp02_Hela_GWLi_R2	Homo sapiens	cervix	not available	HeLa	CVCL_0030	cell	cervical adenocarcinoma	female	30Y6M	not available	not available	CVCL_0030	not available	study sample	36	Exp02	prometaphase-arrested	STLC, 5 uM, 18-20h	C-604	2h	2 uM	QE1_SMMG_Exp02_Sample_15_T51_Hela_GWLi_R2	proteomic profiling by mass spectrometry	QE1_SMMG_Exp02_Sample_15_T51_Hela_GWLi_R2.raw	ftp://ftp.pride.ebi.ac.uk/pride/data/archive/2026/09/PXD068482/QE1_SMMG_Exp02_Sample_15_T51_Hela_GWLi_R2.raw	NT=label free sample;AC=MS:1002038	1	1	NT=Q Exactive Plus;AC=MS:1002634	NT=Data-dependent acquisition;AC=PRIDE:0000627	NT=Trypsin;AC=MS:1001251	NT=Dithiothreitol (DTT);AC=PRIDE:0000608	NT=Iodoacetamide (IAA);AC=PRIDE:0000599	NT=beam-type collision-induced dissociation;AC=MS:1000422	not available	375m/z-1500m/z	10 ppm	0.025 Da	NT=Carbamidomethyl;AC=UNIMOD:4;MT=fixed;TA=C;PP=Anywhere	NT=Oxidation;AC=UNIMOD:35;MT=variable;TA=M;PP=Anywhere	NT=Gln->pyro-Glu;AC=UNIMOD:28;MT=variable;TA=Q;PP=Any N-term	NT=Phospho;AC=UNIMOD:21;MT=variable;TA=S,T,Y;PP=Anywhere	v3.0.0	ms-proteomics v1.1.0	human v1.1.0	cell-lines v1.1.0	HeLa	prometaphase-arrested	C-604
Exp02_P31_DMSO_R3	Homo sapiens	blood	not available	P31/FUJ	CVCL_1632	cell	childhood acute myeloid leukemia	male	7Y	not available	not available	CVCL_1632	not available	study sample	37	Exp02	asynchronous	not applicable	DMSO	2h	not available	QE1_SMMG_Exp02_Sample_17_T33_P31_DMSO_R3	proteomic profiling by mass spectrometry	QE1_SMMG_Exp02_Sample_17_T33_P31_DMSO_R3.raw	ftp://ftp.pride.ebi.ac.uk/pride/data/archive/2026/09/PXD068482/QE1_SMMG_Exp02_Sample_17_T33_P31_DMSO_R3.raw	NT=label free sample;AC=MS:1002038	1	1	NT=Q Exactive Plus;AC=MS:1002634	NT=Data-dependent acquisition;AC=PRIDE:0000627	NT=Trypsin;AC=MS:1001251	NT=Dithiothreitol (DTT);AC=PRIDE:0000608	NT=Iodoacetamide (IAA);AC=PRIDE:0000599	NT=beam-type collision-induced dissociation;AC=MS:1000422	not available	375m/z-1500m/z	10 ppm	0.025 Da	NT=Carbamidomethyl;AC=UNIMOD:4;MT=fixed;TA=C;PP=Anywhere	NT=Oxidation;AC=UNIMOD:35;MT=variable;TA=M;PP=Anywhere	NT=Gln->pyro-Glu;AC=UNIMOD:28;MT=variable;TA=Q;PP=Any N-term	NT=Phospho;AC=UNIMOD:21;MT=variable;TA=S,T,Y;PP=Anywhere	v3.0.0	ms-proteomics v1.1.0	human v1.1.0	cell-lines v1.1.0	P31/FUJ	asynchronous	DMSO
Exp02_P31_STLC_R3	Homo sapiens	blood	not available	P31/FUJ	CVCL_1632	cell	childhood acute myeloid leukemia	male	7Y	not available	not available	CVCL_1632	not available	study sample	38	Exp02	prometaphase-arrested	STLC, 5 uM, 18-20h	DMSO	2h	not available	QE1_SMMG_Exp02_Sample_18_T34_P31_STLC_R3	proteomic profiling by mass spectrometry	QE1_SMMG_Exp02_Sample_18_T34_P31_STLC_R3.raw	ftp://ftp.pride.ebi.ac.uk/pride/data/archive/2026/09/PXD068482/QE1_SMMG_Exp02_Sample_18_T34_P31_STLC_R3.raw	NT=label free sample;AC=MS:1002038	1	1	NT=Q Exactive Plus;AC=MS:1002634	NT=Data-dependent acquisition;AC=PRIDE:0000627	NT=Trypsin;AC=MS:1001251	NT=Dithiothreitol (DTT);AC=PRIDE:0000608	NT=Iodoacetamide (IAA);AC=PRIDE:0000599	NT=beam-type collision-induced dissociation;AC=MS:1000422	not available	375m/z-1500m/z	10 ppm	0.025 Da	NT=Carbamidomethyl;AC=UNIMOD:4;MT=fixed;TA=C;PP=Anywhere	NT=Oxidation;AC=UNIMOD:35;MT=variable;TA=M;PP=Anywhere	NT=Gln->pyro-Glu;AC=UNIMOD:28;MT=variable;TA=Q;PP=Any N-term	NT=Phospho;AC=UNIMOD:21;MT=variable;TA=S,T,Y;PP=Anywhere	v3.0.0	ms-proteomics v1.1.0	human v1.1.0	cell-lines v1.1.0	P31/FUJ	prometaphase-arrested	DMSO
Exp02_P31_GWLi_R3	Homo sapiens	blood	not available	P31/FUJ	CVCL_1632	cell	childhood acute myeloid leukemia	male	7Y	not available	not available	CVCL_1632	not available	study sample	39	Exp02	prometaphase-arrested	STLC, 5 uM, 18-20h	C-604	2h	2 uM	QE1_SMMG_Exp02_Sample_19_T35_P31_GWLi_R3	proteomic profiling by mass spectrometry	QE1_SMMG_Exp02_Sample_19_T35_P31_GWLi_R3.raw	ftp://ftp.pride.ebi.ac.uk/pride/data/archive/2026/09/PXD068482/QE1_SMMG_Exp02_Sample_19_T35_P31_GWLi_R3.raw	NT=label free sample;AC=MS:1002038	1	1	NT=Q Exactive Plus;AC=MS:1002634	NT=Data-dependent acquisition;AC=PRIDE:0000627	NT=Trypsin;AC=MS:1001251	NT=Dithiothreitol (DTT);AC=PRIDE:0000608	NT=Iodoacetamide (IAA);AC=PRIDE:0000599	NT=beam-type collision-induced dissociation;AC=MS:1000422	not available	375m/z-1500m/z	10 ppm	0.025 Da	NT=Carbamidomethyl;AC=UNIMOD:4;MT=fixed;TA=C;PP=Anywhere	NT=Oxidation;AC=UNIMOD:35;MT=variable;TA=M;PP=Anywhere	NT=Gln->pyro-Glu;AC=UNIMOD:28;MT=variable;TA=Q;PP=Any N-term	NT=Phospho;AC=UNIMOD:21;MT=variable;TA=S,T,Y;PP=Anywhere	v3.0.0	ms-proteomics v1.1.0	human v1.1.0	cell-lines v1.1.0	P31/FUJ	prometaphase-arrested	C-604
Exp02_P31_CDKi_R3	Homo sapiens	blood	not available	P31/FUJ	CVCL_1632	cell	childhood acute myeloid leukemia	male	7Y	not available	not available	CVCL_1632	not available	study sample	40	Exp02	prometaphase-arrested	STLC, 5 uM, 18-20h	RO-3306	2h	10 uM	QE1_SMMG_Exp02_Sample_20_T36_P31_CDKi_R3	proteomic profiling by mass spectrometry	QE1_SMMG_Exp02_Sample_20_T36_P31_CDKi_R3.raw	ftp://ftp.pride.ebi.ac.uk/pride/data/archive/2026/09/PXD068482/QE1_SMMG_Exp02_Sample_20_T36_P31_CDKi_R3.raw	NT=label free sample;AC=MS:1002038	1	1	NT=Q Exactive Plus;AC=MS:1002634	NT=Data-dependent acquisition;AC=PRIDE:0000627	NT=Trypsin;AC=MS:1001251	NT=Dithiothreitol (DTT);AC=PRIDE:0000608	NT=Iodoacetamide (IAA);AC=PRIDE:0000599	NT=beam-type collision-induced dissociation;AC=MS:1000422	not available	375m/z-1500m/z	10 ppm	0.025 Da	NT=Carbamidomethyl;AC=UNIMOD:4;MT=fixed;TA=C;PP=Anywhere	NT=Oxidation;AC=UNIMOD:35;MT=variable;TA=M;PP=Anywhere	NT=Gln->pyro-Glu;AC=UNIMOD:28;MT=variable;TA=Q;PP=Any N-term	NT=Phospho;AC=UNIMOD:21;MT=variable;TA=S,T,Y;PP=Anywhere	v3.0.0	ms-proteomics v1.1.0	human v1.1.0	cell-lines v1.1.0	P31/FUJ	prometaphase-arrested	RO-3306
Exp02_Hela_STLC_R3	Homo sapiens	cervix	not available	HeLa	CVCL_0030	cell	cervical adenocarcinoma	female	30Y6M	not available	not available	CVCL_0030	not available	study sample	41	Exp02	prometaphase-arrested	STLC, 5 uM, 18-20h	DMSO	2h	not available	QE1_SMMG_Exp02_Sample_22_T54_Hela_STLC_R3	proteomic profiling by mass spectrometry	QE1_SMMG_Exp02_Sample_22_T54_Hela_STLC_R3.raw	ftp://ftp.pride.ebi.ac.uk/pride/data/archive/2026/09/PXD068482/QE1_SMMG_Exp02_Sample_22_T54_Hela_STLC_R3.raw	NT=label free sample;AC=MS:1002038	1	1	NT=Q Exactive Plus;AC=MS:1002634	NT=Data-dependent acquisition;AC=PRIDE:0000627	NT=Trypsin;AC=MS:1001251	NT=Dithiothreitol (DTT);AC=PRIDE:0000608	NT=Iodoacetamide (IAA);AC=PRIDE:0000599	NT=beam-type collision-induced dissociation;AC=MS:1000422	not available	375m/z-1500m/z	10 ppm	0.025 Da	NT=Carbamidomethyl;AC=UNIMOD:4;MT=fixed;TA=C;PP=Anywhere	NT=Oxidation;AC=UNIMOD:35;MT=variable;TA=M;PP=Anywhere	NT=Gln->pyro-Glu;AC=UNIMOD:28;MT=variable;TA=Q;PP=Any N-term	NT=Phospho;AC=UNIMOD:21;MT=variable;TA=S,T,Y;PP=Anywhere	v3.0.0	ms-proteomics v1.1.0	human v1.1.0	cell-lines v1.1.0	HeLa	prometaphase-arrested	DMSO
Exp02_Hela_GWLi_R3	Homo sapiens	cervix	not available	HeLa	CVCL_0030	cell	cervical adenocarcinoma	female	30Y6M	not available	not available	CVCL_0030	not available	study sample	42	Exp02	prometaphase-arrested	STLC, 5 uM, 18-20h	C-604	2h	2 uM	QE1_SMMG_Exp02_Sample_23_T55_Hela_GWLi_R3	proteomic profiling by mass spectrometry	QE1_SMMG_Exp02_Sample_23_T55_Hela_GWLi_R3.raw	ftp://ftp.pride.ebi.ac.uk/pride/data/archive/2026/09/PXD068482/QE1_SMMG_Exp02_Sample_23_T55_Hela_GWLi_R3.raw	NT=label free sample;AC=MS:1002038	1	1	NT=Q Exactive Plus;AC=MS:1002634	NT=Data-dependent acquisition;AC=PRIDE:0000627	NT=Trypsin;AC=MS:1001251	NT=Dithiothreitol (DTT);AC=PRIDE:0000608	NT=Iodoacetamide (IAA);AC=PRIDE:0000599	NT=beam-type collision-induced dissociation;AC=MS:1000422	not available	375m/z-1500m/z	10 ppm	0.025 Da	NT=Carbamidomethyl;AC=UNIMOD:4;MT=fixed;TA=C;PP=Anywhere	NT=Oxidation;AC=UNIMOD:35;MT=variable;TA=M;PP=Anywhere	NT=Gln->pyro-Glu;AC=UNIMOD:28;MT=variable;TA=Q;PP=Any N-term	NT=Phospho;AC=UNIMOD:21;MT=variable;TA=S,T,Y;PP=Anywhere	v3.0.0	ms-proteomics v1.1.0	human v1.1.0	cell-lines v1.1.0	HeLa	prometaphase-arrested	C-604
Exp02_P31_DMSO_R4	Homo sapiens	blood	not available	P31/FUJ	CVCL_1632	cell	childhood acute myeloid leukemia	male	7Y	not available	not available	CVCL_1632	not available	study sample	43	Exp02	asynchronous	not applicable	DMSO	2h	not available	QE1_SMMG_Exp02_Sample_25_T37_P31_DMSO_R4	proteomic profiling by mass spectrometry	QE1_SMMG_Exp02_Sample_25_T37_P31_DMSO_R4.raw	ftp://ftp.pride.ebi.ac.uk/pride/data/archive/2026/09/PXD068482/QE1_SMMG_Exp02_Sample_25_T37_P31_DMSO_R4.raw	NT=label free sample;AC=MS:1002038	1	1	NT=Q Exactive Plus;AC=MS:1002634	NT=Data-dependent acquisition;AC=PRIDE:0000627	NT=Trypsin;AC=MS:1001251	NT=Dithiothreitol (DTT);AC=PRIDE:0000608	NT=Iodoacetamide (IAA);AC=PRIDE:0000599	NT=beam-type collision-induced dissociation;AC=MS:1000422	not available	375m/z-1500m/z	10 ppm	0.025 Da	NT=Carbamidomethyl;AC=UNIMOD:4;MT=fixed;TA=C;PP=Anywhere	NT=Oxidation;AC=UNIMOD:35;MT=variable;TA=M;PP=Anywhere	NT=Gln->pyro-Glu;AC=UNIMOD:28;MT=variable;TA=Q;PP=Any N-term	NT=Phospho;AC=UNIMOD:21;MT=variable;TA=S,T,Y;PP=Anywhere	v3.0.0	ms-proteomics v1.1.0	human v1.1.0	cell-lines v1.1.0	P31/FUJ	asynchronous	DMSO
Exp02_P31_STLC_R4	Homo sapiens	blood	not available	P31/FUJ	CVCL_1632	cell	childhood acute myeloid leukemia	male	7Y	not available	not available	CVCL_1632	not available	study sample	44	Exp02	prometaphase-arrested	STLC, 5 uM, 18-20h	DMSO	2h	not available	QE1_SMMG_Exp02_Sample_26_T38_P31_STLC_R4	proteomic profiling by mass spectrometry	QE1_SMMG_Exp02_Sample_26_T38_P31_STLC_R4.raw	ftp://ftp.pride.ebi.ac.uk/pride/data/archive/2026/09/PXD068482/QE1_SMMG_Exp02_Sample_26_T38_P31_STLC_R4.raw	NT=label free sample;AC=MS:1002038	1	1	NT=Q Exactive Plus;AC=MS:1002634	NT=Data-dependent acquisition;AC=PRIDE:0000627	NT=Trypsin;AC=MS:1001251	NT=Dithiothreitol (DTT);AC=PRIDE:0000608	NT=Iodoacetamide (IAA);AC=PRIDE:0000599	NT=beam-type collision-induced dissociation;AC=MS:1000422	not available	375m/z-1500m/z	10 ppm	0.025 Da	NT=Carbamidomethyl;AC=UNIMOD:4;MT=fixed;TA=C;PP=Anywhere	NT=Oxidation;AC=UNIMOD:35;MT=variable;TA=M;PP=Anywhere	NT=Gln->pyro-Glu;AC=UNIMOD:28;MT=variable;TA=Q;PP=Any N-term	NT=Phospho;AC=UNIMOD:21;MT=variable;TA=S,T,Y;PP=Anywhere	v3.0.0	ms-proteomics v1.1.0	human v1.1.0	cell-lines v1.1.0	P31/FUJ	prometaphase-arrested	DMSO
Exp02_P31_GWLi_R4	Homo sapiens	blood	not available	P31/FUJ	CVCL_1632	cell	childhood acute myeloid leukemia	male	7Y	not available	not available	CVCL_1632	not available	study sample	45	Exp02	prometaphase-arrested	STLC, 5 uM, 18-20h	C-604	2h	2 uM	QE1_SMMG_Exp02_Sample_27_T39_P31_GWLi_R4	proteomic profiling by mass spectrometry	QE1_SMMG_Exp02_Sample_27_T39_P31_GWLi_R4.raw	ftp://ftp.pride.ebi.ac.uk/pride/data/archive/2026/09/PXD068482/QE1_SMMG_Exp02_Sample_27_T39_P31_GWLi_R4.raw	NT=label free sample;AC=MS:1002038	1	1	NT=Q Exactive Plus;AC=MS:1002634	NT=Data-dependent acquisition;AC=PRIDE:0000627	NT=Trypsin;AC=MS:1001251	NT=Dithiothreitol (DTT);AC=PRIDE:0000608	NT=Iodoacetamide (IAA);AC=PRIDE:0000599	NT=beam-type collision-induced dissociation;AC=MS:1000422	not available	375m/z-1500m/z	10 ppm	0.025 Da	NT=Carbamidomethyl;AC=UNIMOD:4;MT=fixed;TA=C;PP=Anywhere	NT=Oxidation;AC=UNIMOD:35;MT=variable;TA=M;PP=Anywhere	NT=Gln->pyro-Glu;AC=UNIMOD:28;MT=variable;TA=Q;PP=Any N-term	NT=Phospho;AC=UNIMOD:21;MT=variable;TA=S,T,Y;PP=Anywhere	v3.0.0	ms-proteomics v1.1.0	human v1.1.0	cell-lines v1.1.0	P31/FUJ	prometaphase-arrested	C-604
Exp02_P31_CDKi_R4	Homo sapiens	blood	not available	P31/FUJ	CVCL_1632	cell	childhood acute myeloid leukemia	male	7Y	not available	not available	CVCL_1632	not available	study sample	46	Exp02	prometaphase-arrested	STLC, 5 uM, 18-20h	RO-3306	2h	10 uM	QE1_SMMG_Exp02_Sample_28_T40_P31_CDKi_R4	proteomic profiling by mass spectrometry	QE1_SMMG_Exp02_Sample_28_T40_P31_CDKi_R4.raw	ftp://ftp.pride.ebi.ac.uk/pride/data/archive/2026/09/PXD068482/QE1_SMMG_Exp02_Sample_28_T40_P31_CDKi_R4.raw	NT=label free sample;AC=MS:1002038	1	1	NT=Q Exactive Plus;AC=MS:1002634	NT=Data-dependent acquisition;AC=PRIDE:0000627	NT=Trypsin;AC=MS:1001251	NT=Dithiothreitol (DTT);AC=PRIDE:0000608	NT=Iodoacetamide (IAA);AC=PRIDE:0000599	NT=beam-type collision-induced dissociation;AC=MS:1000422	not available	375m/z-1500m/z	10 ppm	0.025 Da	NT=Carbamidomethyl;AC=UNIMOD:4;MT=fixed;TA=C;PP=Anywhere	NT=Oxidation;AC=UNIMOD:35;MT=variable;TA=M;PP=Anywhere	NT=Gln->pyro-Glu;AC=UNIMOD:28;MT=variable;TA=Q;PP=Any N-term	NT=Phospho;AC=UNIMOD:21;MT=variable;TA=S,T,Y;PP=Anywhere	v3.0.0	ms-proteomics v1.1.0	human v1.1.0	cell-lines v1.1.0	P31/FUJ	prometaphase-arrested	RO-3306
Exp02_Hela_STLC_R4	Homo sapiens	cervix	not available	HeLa	CVCL_0030	cell	cervical adenocarcinoma	female	30Y6M	not available	not available	CVCL_0030	not available	study sample	47	Exp02	prometaphase-arrested	STLC, 5 uM, 18-20h	DMSO	2h	not available	QE1_SMMG_Exp02_Sample_30_T58_Hela_STLC_R4	proteomic profiling by mass spectrometry	QE1_SMMG_Exp02_Sample_30_T58_Hela_STLC_R4.raw	ftp://ftp.pride.ebi.ac.uk/pride/data/archive/2026/09/PXD068482/QE1_SMMG_Exp02_Sample_30_T58_Hela_STLC_R4.raw	NT=label free sample;AC=MS:1002038	1	1	NT=Q Exactive Plus;AC=MS:1002634	NT=Data-dependent acquisition;AC=PRIDE:0000627	NT=Trypsin;AC=MS:1001251	NT=Dithiothreitol (DTT);AC=PRIDE:0000608	NT=Iodoacetamide (IAA);AC=PRIDE:0000599	NT=beam-type collision-induced dissociation;AC=MS:1000422	not available	375m/z-1500m/z	10 ppm	0.025 Da	NT=Carbamidomethyl;AC=UNIMOD:4;MT=fixed;TA=C;PP=Anywhere	NT=Oxidation;AC=UNIMOD:35;MT=variable;TA=M;PP=Anywhere	NT=Gln->pyro-Glu;AC=UNIMOD:28;MT=variable;TA=Q;PP=Any N-term	NT=Phospho;AC=UNIMOD:21;MT=variable;TA=S,T,Y;PP=Anywhere	v3.0.0	ms-proteomics v1.1.0	human v1.1.0	cell-lines v1.1.0	HeLa	prometaphase-arrested	DMSO
Exp02_Hela_GWLi_R4	Homo sapiens	cervix	not available	HeLa	CVCL_0030	cell	cervical adenocarcinoma	female	30Y6M	not available	not available	CVCL_0030	not available	study sample	48	Exp02	prometaphase-arrested	STLC, 5 uM, 18-20h	C-604	2h	2 uM	QE1_SMMG_Exp02_Sample_31_T59_Hela_GWLi_R4	proteomic profiling by mass spectrometry	QE1_SMMG_Exp02_Sample_31_T59_Hela_GWLi_R4.raw	ftp://ftp.pride.ebi.ac.uk/pride/data/archive/2026/09/PXD068482/QE1_SMMG_Exp02_Sample_31_T59_Hela_GWLi_R4.raw	NT=label free sample;AC=MS:1002038	1	1	NT=Q Exactive Plus;AC=MS:1002634	NT=Data-dependent acquisition;AC=PRIDE:0000627	NT=Trypsin;AC=MS:1001251	NT=Dithiothreitol (DTT);AC=PRIDE:0000608	NT=Iodoacetamide (IAA);AC=PRIDE:0000599	NT=beam-type collision-induced dissociation;AC=MS:1000422	not available	375m/z-1500m/z	10 ppm	0.025 Da	NT=Carbamidomethyl;AC=UNIMOD:4;MT=fixed;TA=C;PP=Anywhere	NT=Oxidation;AC=UNIMOD:35;MT=variable;TA=M;PP=Anywhere	NT=Gln->pyro-Glu;AC=UNIMOD:28;MT=variable;TA=Q;PP=Any N-term	NT=Phospho;AC=UNIMOD:21;MT=variable;TA=S,T,Y;PP=Anywhere	v3.0.0	ms-proteomics v1.1.0	human v1.1.0	cell-lines v1.1.0	HeLa	prometaphase-arrested	C-604
Exp02_P31_DMSO_R5	Homo sapiens	blood	not available	P31/FUJ	CVCL_1632	cell	childhood acute myeloid leukemia	male	7Y	not available	not available	CVCL_1632	not available	study sample	49	Exp02	asynchronous	not applicable	DMSO	2h	not available	QE1_SMMG_Exp02_Sample_33_T41_P31_DMSO_R5	proteomic profiling by mass spectrometry	QE1_SMMG_Exp02_Sample_33_T41_P31_DMSO_R5.raw	ftp://ftp.pride.ebi.ac.uk/pride/data/archive/2026/09/PXD068482/QE1_SMMG_Exp02_Sample_33_T41_P31_DMSO_R5.raw	NT=label free sample;AC=MS:1002038	1	1	NT=Q Exactive Plus;AC=MS:1002634	NT=Data-dependent acquisition;AC=PRIDE:0000627	NT=Trypsin;AC=MS:1001251	NT=Dithiothreitol (DTT);AC=PRIDE:0000608	NT=Iodoacetamide (IAA);AC=PRIDE:0000599	NT=beam-type collision-induced dissociation;AC=MS:1000422	not available	375m/z-1500m/z	10 ppm	0.025 Da	NT=Carbamidomethyl;AC=UNIMOD:4;MT=fixed;TA=C;PP=Anywhere	NT=Oxidation;AC=UNIMOD:35;MT=variable;TA=M;PP=Anywhere	NT=Gln->pyro-Glu;AC=UNIMOD:28;MT=variable;TA=Q;PP=Any N-term	NT=Phospho;AC=UNIMOD:21;MT=variable;TA=S,T,Y;PP=Anywhere	v3.0.0	ms-proteomics v1.1.0	human v1.1.0	cell-lines v1.1.0	P31/FUJ	asynchronous	DMSO
Exp02_P31_STLC_R5	Homo sapiens	blood	not available	P31/FUJ	CVCL_1632	cell	childhood acute myeloid leukemia	male	7Y	not available	not available	CVCL_1632	not available	study sample	50	Exp02	prometaphase-arrested	STLC, 5 uM, 18-20h	DMSO	2h	not available	QE1_SMMG_Exp02_Sample_34_T42_P31_STLC_R5	proteomic profiling by mass spectrometry	QE1_SMMG_Exp02_Sample_34_T42_P31_STLC_R5.raw	ftp://ftp.pride.ebi.ac.uk/pride/data/archive/2026/09/PXD068482/QE1_SMMG_Exp02_Sample_34_T42_P31_STLC_R5.raw	NT=label free sample;AC=MS:1002038	1	1	NT=Q Exactive Plus;AC=MS:1002634	NT=Data-dependent acquisition;AC=PRIDE:0000627	NT=Trypsin;AC=MS:1001251	NT=Dithiothreitol (DTT);AC=PRIDE:0000608	NT=Iodoacetamide (IAA);AC=PRIDE:0000599	NT=beam-type collision-induced dissociation;AC=MS:1000422	not available	375m/z-1500m/z	10 ppm	0.025 Da	NT=Carbamidomethyl;AC=UNIMOD:4;MT=fixed;TA=C;PP=Anywhere	NT=Oxidation;AC=UNIMOD:35;MT=variable;TA=M;PP=Anywhere	NT=Gln->pyro-Glu;AC=UNIMOD:28;MT=variable;TA=Q;PP=Any N-term	NT=Phospho;AC=UNIMOD:21;MT=variable;TA=S,T,Y;PP=Anywhere	v3.0.0	ms-proteomics v1.1.0	human v1.1.0	cell-lines v1.1.0	P31/FUJ	prometaphase-arrested	DMSO
Exp02_P31_GWLi_R5	Homo sapiens	blood	not available	P31/FUJ	CVCL_1632	cell	childhood acute myeloid leukemia	male	7Y	not available	not available	CVCL_1632	not available	study sample	51	Exp02	prometaphase-arrested	STLC, 5 uM, 18-20h	C-604	2h	2 uM	QE1_SMMG_Exp02_Sample_35_T43_P31_GWLi_R5	proteomic profiling by mass spectrometry	QE1_SMMG_Exp02_Sample_35_T43_P31_GWLi_R5.raw	ftp://ftp.pride.ebi.ac.uk/pride/data/archive/2026/09/PXD068482/QE1_SMMG_Exp02_Sample_35_T43_P31_GWLi_R5.raw	NT=label free sample;AC=MS:1002038	1	1	NT=Q Exactive Plus;AC=MS:1002634	NT=Data-dependent acquisition;AC=PRIDE:0000627	NT=Trypsin;AC=MS:1001251	NT=Dithiothreitol (DTT);AC=PRIDE:0000608	NT=Iodoacetamide (IAA);AC=PRIDE:0000599	NT=beam-type collision-induced dissociation;AC=MS:1000422	not available	375m/z-1500m/z	10 ppm	0.025 Da	NT=Carbamidomethyl;AC=UNIMOD:4;MT=fixed;TA=C;PP=Anywhere	NT=Oxidation;AC=UNIMOD:35;MT=variable;TA=M;PP=Anywhere	NT=Gln->pyro-Glu;AC=UNIMOD:28;MT=variable;TA=Q;PP=Any N-term	NT=Phospho;AC=UNIMOD:21;MT=variable;TA=S,T,Y;PP=Anywhere	v3.0.0	ms-proteomics v1.1.0	human v1.1.0	cell-lines v1.1.0	P31/FUJ	prometaphase-arrested	C-604
Exp02_P31_CDKi_R5	Homo sapiens	blood	not available	P31/FUJ	CVCL_1632	cell	childhood acute myeloid leukemia	male	7Y	not available	not available	CVCL_1632	not available	study sample	52	Exp02	prometaphase-arrested	STLC, 5 uM, 18-20h	RO-3306	2h	10 uM	QE1_SMMG_Exp02_Sample_36_T44_P31_CDKi_R5	proteomic profiling by mass spectrometry	QE1_SMMG_Exp02_Sample_36_T44_P31_CDKi_R5.raw	ftp://ftp.pride.ebi.ac.uk/pride/data/archive/2026/09/PXD068482/QE1_SMMG_Exp02_Sample_36_T44_P31_CDKi_R5.raw	NT=label free sample;AC=MS:1002038	1	1	NT=Q Exactive Plus;AC=MS:1002634	NT=Data-dependent acquisition;AC=PRIDE:0000627	NT=Trypsin;AC=MS:1001251	NT=Dithiothreitol (DTT);AC=PRIDE:0000608	NT=Iodoacetamide (IAA);AC=PRIDE:0000599	NT=beam-type collision-induced dissociation;AC=MS:1000422	not available	375m/z-1500m/z	10 ppm	0.025 Da	NT=Carbamidomethyl;AC=UNIMOD:4;MT=fixed;TA=C;PP=Anywhere	NT=Oxidation;AC=UNIMOD:35;MT=variable;TA=M;PP=Anywhere	NT=Gln->pyro-Glu;AC=UNIMOD:28;MT=variable;TA=Q;PP=Any N-term	NT=Phospho;AC=UNIMOD:21;MT=variable;TA=S,T,Y;PP=Anywhere	v3.0.0	ms-proteomics v1.1.0	human v1.1.0	cell-lines v1.1.0	P31/FUJ	prometaphase-arrested	RO-3306
Exp02_Hela_STLC_R5	Homo sapiens	cervix	not available	HeLa	CVCL_0030	cell	cervical adenocarcinoma	female	30Y6M	not available	not available	CVCL_0030	not available	study sample	53	Exp02	prometaphase-arrested	STLC, 5 uM, 18-20h	DMSO	2h	not available	QE1_SMMG_Exp02_Sample_38_T62_Hela_STLC_R5	proteomic profiling by mass spectrometry	QE1_SMMG_Exp02_Sample_38_T62_Hela_STLC_R5.raw	ftp://ftp.pride.ebi.ac.uk/pride/data/archive/2026/09/PXD068482/QE1_SMMG_Exp02_Sample_38_T62_Hela_STLC_R5.raw	NT=label free sample;AC=MS:1002038	1	1	NT=Q Exactive Plus;AC=MS:1002634	NT=Data-dependent acquisition;AC=PRIDE:0000627	NT=Trypsin;AC=MS:1001251	NT=Dithiothreitol (DTT);AC=PRIDE:0000608	NT=Iodoacetamide (IAA);AC=PRIDE:0000599	NT=beam-type collision-induced dissociation;AC=MS:1000422	not available	375m/z-1500m/z	10 ppm	0.025 Da	NT=Carbamidomethyl;AC=UNIMOD:4;MT=fixed;TA=C;PP=Anywhere	NT=Oxidation;AC=UNIMOD:35;MT=variable;TA=M;PP=Anywhere	NT=Gln->pyro-Glu;AC=UNIMOD:28;MT=variable;TA=Q;PP=Any N-term	NT=Phospho;AC=UNIMOD:21;MT=variable;TA=S,T,Y;PP=Anywhere	v3.0.0	ms-proteomics v1.1.0	human v1.1.0	cell-lines v1.1.0	HeLa	prometaphase-arrested	DMSO
Exp02_Hela_GWLi_R5	Homo sapiens	cervix	not available	HeLa	CVCL_0030	cell	cervical adenocarcinoma	female	30Y6M	not available	not available	CVCL_0030	not available	study sample	54	Exp02	prometaphase-arrested	STLC, 5 uM, 18-20h	C-604	2h	2 uM	QE1_SMMG_Exp02_Sample_39_T63_Hela_GWLi_R5	proteomic profiling by mass spectrometry	QE1_SMMG_Exp02_Sample_39_T63_Hela_GWLi_R5.raw	ftp://ftp.pride.ebi.ac.uk/pride/data/archive/2026/09/PXD068482/QE1_SMMG_Exp02_Sample_39_T63_Hela_GWLi_R5.raw	NT=label free sample;AC=MS:1002038	1	1	NT=Q Exactive Plus;AC=MS:1002634	NT=Data-dependent acquisition;AC=PRIDE:0000627	NT=Trypsin;AC=MS:1001251	NT=Dithiothreitol (DTT);AC=PRIDE:0000608	NT=Iodoacetamide (IAA);AC=PRIDE:0000599	NT=beam-type collision-induced dissociation;AC=MS:1000422	not available	375m/z-1500m/z	10 ppm	0.025 Da	NT=Carbamidomethyl;AC=UNIMOD:4;MT=fixed;TA=C;PP=Anywhere	NT=Oxidation;AC=UNIMOD:35;MT=variable;TA=M;PP=Anywhere	NT=Gln->pyro-Glu;AC=UNIMOD:28;MT=variable;TA=Q;PP=Any N-term	NT=Phospho;AC=UNIMOD:21;MT=variable;TA=S,T,Y;PP=Anywhere	v3.0.0	ms-proteomics v1.1.0	human v1.1.0	cell-lines v1.1.0	HeLa	prometaphase-arrested	C-604
