source name	characteristics[organism]	characteristics[organism part]	characteristics[cell type]	characteristics[cell line]	characteristics[cellosaurus accession]	characteristics[material type]	characteristics[disease]	characteristics[sex]	characteristics[age]	characteristics[ancestry category]	characteristics[developmental stage]	characteristics[individual]	characteristics[pooled sample]	characteristics[sample type]	characteristics[biological replicate]	characteristics[experimental block]	characteristics[cell cycle state]	characteristics[treatment]	characteristics[treatment duration]	characteristics[treatment concentration]	assay name	technology type	comment[data file]	comment[file uri]	comment[label]	comment[technical replicate]	comment[fraction identifier]	comment[instrument]	comment[proteomics data acquisition method]	comment[cleavage agent details]	comment[reduction reagent]	comment[alkylation reagent]	comment[dissociation method]	comment[collision energy]	comment[ms1 scan range]	comment[precursor mass tolerance]	comment[fragment mass tolerance]	comment[modification parameters]	comment[modification parameters]	comment[modification parameters]	comment[modification parameters]	comment[sdrf version]	comment[sdrf template]	comment[sdrf template]	comment[sdrf template]	factor value[cell line]	factor value[cell cycle state]	factor value[treatment]
Exp01_P31_DMSO_R1	Homo sapiens	blood	not available	P31/FUJ	CVCL_1632	cell	childhood acute myeloid leukemia	male	7Y	not available	not available	CVCL_1632	not available	study sample	1	Exp01	asynchronous	DMSO	2h	not available	QE1_SMMG_Exp01_Sample_01_T1_P31_DMSO_R1	proteomic profiling by mass spectrometry	QE1_SMMG_Exp01_Sample_01_T1_P31_DMSO_R1.raw	ftp://ftp.pride.ebi.ac.uk/pride/data/archive/2026/09/PXD068482/QE1_SMMG_Exp01_Sample_01_T1_P31_DMSO_R1.raw	NT=label free sample;AC=MS:1002038	1	1	NT=Q Exactive Plus;AC=MS:1002634	NT=Data-dependent acquisition;AC=PRIDE:0000627	NT=Trypsin;AC=MS:1001251	NT=Dithiothreitol (DTT);AC=PRIDE:0000608	NT=Iodoacetamide (IAA);AC=PRIDE:0000599	NT=beam-type collision-induced dissociation;AC=MS:1000422	not available	375m/z-1500m/z	10 ppm	0.025 Da	NT=Carbamidomethyl;AC=UNIMOD:4;MT=fixed;TA=C;PP=Anywhere	NT=Oxidation;AC=UNIMOD:35;MT=variable;TA=M;PP=Anywhere	NT=Gln->pyro-Glu;AC=UNIMOD:28;MT=variable;TA=Q;PP=Any N-term	NT=Phospho;AC=UNIMOD:21;MT=variable;TA=S,T,Y;PP=Anywhere	v3.0.0	ms-proteomics v1.1.0	human v1.1.0	cell-lines v1.1.0	P31/FUJ	asynchronous	DMSO
Exp01_P31_GWLi_R1	Homo sapiens	blood	not available	P31/FUJ	CVCL_1632	cell	childhood acute myeloid leukemia	male	7Y	not available	not available	CVCL_1632	not available	study sample	2	Exp01	asynchronous	C-604	2h	2 uM	QE1_SMMG_Exp01_Sample_02_T2_P31_GWLi_R1	proteomic profiling by mass spectrometry	QE1_SMMG_Exp01_Sample_02_T2_P31_GWLi_R1.raw	ftp://ftp.pride.ebi.ac.uk/pride/data/archive/2026/09/PXD068482/QE1_SMMG_Exp01_Sample_02_T2_P31_GWLi_R1.raw	NT=label free sample;AC=MS:1002038	1	1	NT=Q Exactive Plus;AC=MS:1002634	NT=Data-dependent acquisition;AC=PRIDE:0000627	NT=Trypsin;AC=MS:1001251	NT=Dithiothreitol (DTT);AC=PRIDE:0000608	NT=Iodoacetamide (IAA);AC=PRIDE:0000599	NT=beam-type collision-induced dissociation;AC=MS:1000422	not available	375m/z-1500m/z	10 ppm	0.025 Da	NT=Carbamidomethyl;AC=UNIMOD:4;MT=fixed;TA=C;PP=Anywhere	NT=Oxidation;AC=UNIMOD:35;MT=variable;TA=M;PP=Anywhere	NT=Gln->pyro-Glu;AC=UNIMOD:28;MT=variable;TA=Q;PP=Any N-term	NT=Phospho;AC=UNIMOD:21;MT=variable;TA=S,T,Y;PP=Anywhere	v3.0.0	ms-proteomics v1.1.0	human v1.1.0	cell-lines v1.1.0	P31/FUJ	asynchronous	C-604
Exp01_MV4_DMSO_R1	Homo sapiens	blood	not available	MV4-11	CVCL_0064	cell	childhood acute monocytic leukemia	male	10Y	not available	not available	CVCL_0064	not available	study sample	3	Exp01	asynchronous	DMSO	2h	not available	QE1_SMMG_Exp01_Sample_03_T9_MV4_DMSO_R1	proteomic profiling by mass spectrometry	QE1_SMMG_Exp01_Sample_03_T9_MV4_DMSO_R1.raw	ftp://ftp.pride.ebi.ac.uk/pride/data/archive/2026/09/PXD068482/QE1_SMMG_Exp01_Sample_03_T9_MV4_DMSO_R1.raw	NT=label free sample;AC=MS:1002038	1	1	NT=Q Exactive Plus;AC=MS:1002634	NT=Data-dependent acquisition;AC=PRIDE:0000627	NT=Trypsin;AC=MS:1001251	NT=Dithiothreitol (DTT);AC=PRIDE:0000608	NT=Iodoacetamide (IAA);AC=PRIDE:0000599	NT=beam-type collision-induced dissociation;AC=MS:1000422	not available	375m/z-1500m/z	10 ppm	0.025 Da	NT=Carbamidomethyl;AC=UNIMOD:4;MT=fixed;TA=C;PP=Anywhere	NT=Oxidation;AC=UNIMOD:35;MT=variable;TA=M;PP=Anywhere	NT=Gln->pyro-Glu;AC=UNIMOD:28;MT=variable;TA=Q;PP=Any N-term	NT=Phospho;AC=UNIMOD:21;MT=variable;TA=S,T,Y;PP=Anywhere	v3.0.0	ms-proteomics v1.1.0	human v1.1.0	cell-lines v1.1.0	MV4-11	asynchronous	DMSO
Exp01_MV4_GWLi_R1	Homo sapiens	blood	not available	MV4-11	CVCL_0064	cell	childhood acute monocytic leukemia	male	10Y	not available	not available	CVCL_0064	not available	study sample	4	Exp01	asynchronous	C-604	2h	2 uM	QE1_SMMG_Exp01_Sample_04_T10_MV4_GWLi_R1	proteomic profiling by mass spectrometry	QE1_SMMG_Exp01_Sample_04_T10_MV4_GWLi_R1.raw	ftp://ftp.pride.ebi.ac.uk/pride/data/archive/2026/09/PXD068482/QE1_SMMG_Exp01_Sample_04_T10_MV4_GWLi_R1.raw	NT=label free sample;AC=MS:1002038	1	1	NT=Q Exactive Plus;AC=MS:1002634	NT=Data-dependent acquisition;AC=PRIDE:0000627	NT=Trypsin;AC=MS:1001251	NT=Dithiothreitol (DTT);AC=PRIDE:0000608	NT=Iodoacetamide (IAA);AC=PRIDE:0000599	NT=beam-type collision-induced dissociation;AC=MS:1000422	not available	375m/z-1500m/z	10 ppm	0.025 Da	NT=Carbamidomethyl;AC=UNIMOD:4;MT=fixed;TA=C;PP=Anywhere	NT=Oxidation;AC=UNIMOD:35;MT=variable;TA=M;PP=Anywhere	NT=Gln->pyro-Glu;AC=UNIMOD:28;MT=variable;TA=Q;PP=Any N-term	NT=Phospho;AC=UNIMOD:21;MT=variable;TA=S,T,Y;PP=Anywhere	v3.0.0	ms-proteomics v1.1.0	human v1.1.0	cell-lines v1.1.0	MV4-11	asynchronous	C-604
Exp01_HL60_DMSO_R1	Homo sapiens	blood	not available	HL-60	CVCL_0002	cell	adult acute myeloid leukemia with maturation	female	36Y	not available	not available	CVCL_0002	not available	study sample	5	Exp01	asynchronous	DMSO	2h	not available	QE1_SMMG_Exp01_Sample_05_T17_HL60_DMSO_R1	proteomic profiling by mass spectrometry	QE1_SMMG_Exp01_Sample_05_T17_HL60_DMSO_R1.raw	ftp://ftp.pride.ebi.ac.uk/pride/data/archive/2026/09/PXD068482/QE1_SMMG_Exp01_Sample_05_T17_HL60_DMSO_R1.raw	NT=label free sample;AC=MS:1002038	1	1	NT=Q Exactive Plus;AC=MS:1002634	NT=Data-dependent acquisition;AC=PRIDE:0000627	NT=Trypsin;AC=MS:1001251	NT=Dithiothreitol (DTT);AC=PRIDE:0000608	NT=Iodoacetamide (IAA);AC=PRIDE:0000599	NT=beam-type collision-induced dissociation;AC=MS:1000422	not available	375m/z-1500m/z	10 ppm	0.025 Da	NT=Carbamidomethyl;AC=UNIMOD:4;MT=fixed;TA=C;PP=Anywhere	NT=Oxidation;AC=UNIMOD:35;MT=variable;TA=M;PP=Anywhere	NT=Gln->pyro-Glu;AC=UNIMOD:28;MT=variable;TA=Q;PP=Any N-term	NT=Phospho;AC=UNIMOD:21;MT=variable;TA=S,T,Y;PP=Anywhere	v3.0.0	ms-proteomics v1.1.0	human v1.1.0	cell-lines v1.1.0	HL-60	asynchronous	DMSO
Exp01_HL60_GWLi_R1	Homo sapiens	blood	not available	HL-60	CVCL_0002	cell	adult acute myeloid leukemia with maturation	female	36Y	not available	not available	CVCL_0002	not available	study sample	6	Exp01	asynchronous	C-604	2h	2 uM	QE1_SMMG_Exp01_Sample_06_T18_HL60_GWLi_R1	proteomic profiling by mass spectrometry	QE1_SMMG_Exp01_Sample_06_T18_HL60_GWLi_R1.raw	ftp://ftp.pride.ebi.ac.uk/pride/data/archive/2026/09/PXD068482/QE1_SMMG_Exp01_Sample_06_T18_HL60_GWLi_R1.raw	NT=label free sample;AC=MS:1002038	1	1	NT=Q Exactive Plus;AC=MS:1002634	NT=Data-dependent acquisition;AC=PRIDE:0000627	NT=Trypsin;AC=MS:1001251	NT=Dithiothreitol (DTT);AC=PRIDE:0000608	NT=Iodoacetamide (IAA);AC=PRIDE:0000599	NT=beam-type collision-induced dissociation;AC=MS:1000422	not available	375m/z-1500m/z	10 ppm	0.025 Da	NT=Carbamidomethyl;AC=UNIMOD:4;MT=fixed;TA=C;PP=Anywhere	NT=Oxidation;AC=UNIMOD:35;MT=variable;TA=M;PP=Anywhere	NT=Gln->pyro-Glu;AC=UNIMOD:28;MT=variable;TA=Q;PP=Any N-term	NT=Phospho;AC=UNIMOD:21;MT=variable;TA=S,T,Y;PP=Anywhere	v3.0.0	ms-proteomics v1.1.0	human v1.1.0	cell-lines v1.1.0	HL-60	asynchronous	C-604
Exp01_P31_DMSO_R2	Homo sapiens	blood	not available	P31/FUJ	CVCL_1632	cell	childhood acute myeloid leukemia	male	7Y	not available	not available	CVCL_1632	not available	study sample	7	Exp01	asynchronous	DMSO	2h	not available	QE1_SMMG_Exp01_Sample_07_T3_P31_DMSO_R2	proteomic profiling by mass spectrometry	QE1_SMMG_Exp01_Sample_07_T3_P31_DMSO_R2.raw	ftp://ftp.pride.ebi.ac.uk/pride/data/archive/2026/09/PXD068482/QE1_SMMG_Exp01_Sample_07_T3_P31_DMSO_R2.raw	NT=label free sample;AC=MS:1002038	1	1	NT=Q Exactive Plus;AC=MS:1002634	NT=Data-dependent acquisition;AC=PRIDE:0000627	NT=Trypsin;AC=MS:1001251	NT=Dithiothreitol (DTT);AC=PRIDE:0000608	NT=Iodoacetamide (IAA);AC=PRIDE:0000599	NT=beam-type collision-induced dissociation;AC=MS:1000422	not available	375m/z-1500m/z	10 ppm	0.025 Da	NT=Carbamidomethyl;AC=UNIMOD:4;MT=fixed;TA=C;PP=Anywhere	NT=Oxidation;AC=UNIMOD:35;MT=variable;TA=M;PP=Anywhere	NT=Gln->pyro-Glu;AC=UNIMOD:28;MT=variable;TA=Q;PP=Any N-term	NT=Phospho;AC=UNIMOD:21;MT=variable;TA=S,T,Y;PP=Anywhere	v3.0.0	ms-proteomics v1.1.0	human v1.1.0	cell-lines v1.1.0	P31/FUJ	asynchronous	DMSO
Exp01_P31_GWLi_R2	Homo sapiens	blood	not available	P31/FUJ	CVCL_1632	cell	childhood acute myeloid leukemia	male	7Y	not available	not available	CVCL_1632	not available	study sample	8	Exp01	asynchronous	C-604	2h	2 uM	QE1_SMMG_Exp01_Sample_08_T4_P31_GWLi_R2	proteomic profiling by mass spectrometry	QE1_SMMG_Exp01_Sample_08_T4_P31_GWLi_R2.raw	ftp://ftp.pride.ebi.ac.uk/pride/data/archive/2026/09/PXD068482/QE1_SMMG_Exp01_Sample_08_T4_P31_GWLi_R2.raw	NT=label free sample;AC=MS:1002038	1	1	NT=Q Exactive Plus;AC=MS:1002634	NT=Data-dependent acquisition;AC=PRIDE:0000627	NT=Trypsin;AC=MS:1001251	NT=Dithiothreitol (DTT);AC=PRIDE:0000608	NT=Iodoacetamide (IAA);AC=PRIDE:0000599	NT=beam-type collision-induced dissociation;AC=MS:1000422	not available	375m/z-1500m/z	10 ppm	0.025 Da	NT=Carbamidomethyl;AC=UNIMOD:4;MT=fixed;TA=C;PP=Anywhere	NT=Oxidation;AC=UNIMOD:35;MT=variable;TA=M;PP=Anywhere	NT=Gln->pyro-Glu;AC=UNIMOD:28;MT=variable;TA=Q;PP=Any N-term	NT=Phospho;AC=UNIMOD:21;MT=variable;TA=S,T,Y;PP=Anywhere	v3.0.0	ms-proteomics v1.1.0	human v1.1.0	cell-lines v1.1.0	P31/FUJ	asynchronous	C-604
Exp01_MV4_DMSO_R2	Homo sapiens	blood	not available	MV4-11	CVCL_0064	cell	childhood acute monocytic leukemia	male	10Y	not available	not available	CVCL_0064	not available	study sample	9	Exp01	asynchronous	DMSO	2h	not available	QE1_SMMG_Exp01_Sample_09_T11_MV4_DMSO_R2	proteomic profiling by mass spectrometry	QE1_SMMG_Exp01_Sample_09_T11_MV4_DMSO_R2.raw	ftp://ftp.pride.ebi.ac.uk/pride/data/archive/2026/09/PXD068482/QE1_SMMG_Exp01_Sample_09_T11_MV4_DMSO_R2.raw	NT=label free sample;AC=MS:1002038	1	1	NT=Q Exactive Plus;AC=MS:1002634	NT=Data-dependent acquisition;AC=PRIDE:0000627	NT=Trypsin;AC=MS:1001251	NT=Dithiothreitol (DTT);AC=PRIDE:0000608	NT=Iodoacetamide (IAA);AC=PRIDE:0000599	NT=beam-type collision-induced dissociation;AC=MS:1000422	not available	375m/z-1500m/z	10 ppm	0.025 Da	NT=Carbamidomethyl;AC=UNIMOD:4;MT=fixed;TA=C;PP=Anywhere	NT=Oxidation;AC=UNIMOD:35;MT=variable;TA=M;PP=Anywhere	NT=Gln->pyro-Glu;AC=UNIMOD:28;MT=variable;TA=Q;PP=Any N-term	NT=Phospho;AC=UNIMOD:21;MT=variable;TA=S,T,Y;PP=Anywhere	v3.0.0	ms-proteomics v1.1.0	human v1.1.0	cell-lines v1.1.0	MV4-11	asynchronous	DMSO
Exp01_MV4_GWLi_R2	Homo sapiens	blood	not available	MV4-11	CVCL_0064	cell	childhood acute monocytic leukemia	male	10Y	not available	not available	CVCL_0064	not available	study sample	10	Exp01	asynchronous	C-604	2h	2 uM	QE1_SMMG_Exp01_Sample_10_T12_MV4_GWLi_R2	proteomic profiling by mass spectrometry	QE1_SMMG_Exp01_Sample_10_T12_MV4_GWLi_R2.raw	ftp://ftp.pride.ebi.ac.uk/pride/data/archive/2026/09/PXD068482/QE1_SMMG_Exp01_Sample_10_T12_MV4_GWLi_R2.raw	NT=label free sample;AC=MS:1002038	1	1	NT=Q Exactive Plus;AC=MS:1002634	NT=Data-dependent acquisition;AC=PRIDE:0000627	NT=Trypsin;AC=MS:1001251	NT=Dithiothreitol (DTT);AC=PRIDE:0000608	NT=Iodoacetamide (IAA);AC=PRIDE:0000599	NT=beam-type collision-induced dissociation;AC=MS:1000422	not available	375m/z-1500m/z	10 ppm	0.025 Da	NT=Carbamidomethyl;AC=UNIMOD:4;MT=fixed;TA=C;PP=Anywhere	NT=Oxidation;AC=UNIMOD:35;MT=variable;TA=M;PP=Anywhere	NT=Gln->pyro-Glu;AC=UNIMOD:28;MT=variable;TA=Q;PP=Any N-term	NT=Phospho;AC=UNIMOD:21;MT=variable;TA=S,T,Y;PP=Anywhere	v3.0.0	ms-proteomics v1.1.0	human v1.1.0	cell-lines v1.1.0	MV4-11	asynchronous	C-604
Exp01_HL60_DMSO_R2	Homo sapiens	blood	not available	HL-60	CVCL_0002	cell	adult acute myeloid leukemia with maturation	female	36Y	not available	not available	CVCL_0002	not available	study sample	11	Exp01	asynchronous	DMSO	2h	not available	QE1_SMMG_Exp01_Sample_11_T19_HL60_DMSO_R2	proteomic profiling by mass spectrometry	QE1_SMMG_Exp01_Sample_11_T19_HL60_DMSO_R2.raw	ftp://ftp.pride.ebi.ac.uk/pride/data/archive/2026/09/PXD068482/QE1_SMMG_Exp01_Sample_11_T19_HL60_DMSO_R2.raw	NT=label free sample;AC=MS:1002038	1	1	NT=Q Exactive Plus;AC=MS:1002634	NT=Data-dependent acquisition;AC=PRIDE:0000627	NT=Trypsin;AC=MS:1001251	NT=Dithiothreitol (DTT);AC=PRIDE:0000608	NT=Iodoacetamide (IAA);AC=PRIDE:0000599	NT=beam-type collision-induced dissociation;AC=MS:1000422	not available	375m/z-1500m/z	10 ppm	0.025 Da	NT=Carbamidomethyl;AC=UNIMOD:4;MT=fixed;TA=C;PP=Anywhere	NT=Oxidation;AC=UNIMOD:35;MT=variable;TA=M;PP=Anywhere	NT=Gln->pyro-Glu;AC=UNIMOD:28;MT=variable;TA=Q;PP=Any N-term	NT=Phospho;AC=UNIMOD:21;MT=variable;TA=S,T,Y;PP=Anywhere	v3.0.0	ms-proteomics v1.1.0	human v1.1.0	cell-lines v1.1.0	HL-60	asynchronous	DMSO
Exp01_HL60_GWLi_R2	Homo sapiens	blood	not available	HL-60	CVCL_0002	cell	adult acute myeloid leukemia with maturation	female	36Y	not available	not available	CVCL_0002	not available	study sample	12	Exp01	asynchronous	C-604	2h	2 uM	QE1_SMMG_Exp01_Sample_12_T20_HL60_GWLi_R2	proteomic profiling by mass spectrometry	QE1_SMMG_Exp01_Sample_12_T20_HL60_GWLi_R2.raw	ftp://ftp.pride.ebi.ac.uk/pride/data/archive/2026/09/PXD068482/QE1_SMMG_Exp01_Sample_12_T20_HL60_GWLi_R2.raw	NT=label free sample;AC=MS:1002038	1	1	NT=Q Exactive Plus;AC=MS:1002634	NT=Data-dependent acquisition;AC=PRIDE:0000627	NT=Trypsin;AC=MS:1001251	NT=Dithiothreitol (DTT);AC=PRIDE:0000608	NT=Iodoacetamide (IAA);AC=PRIDE:0000599	NT=beam-type collision-induced dissociation;AC=MS:1000422	not available	375m/z-1500m/z	10 ppm	0.025 Da	NT=Carbamidomethyl;AC=UNIMOD:4;MT=fixed;TA=C;PP=Anywhere	NT=Oxidation;AC=UNIMOD:35;MT=variable;TA=M;PP=Anywhere	NT=Gln->pyro-Glu;AC=UNIMOD:28;MT=variable;TA=Q;PP=Any N-term	NT=Phospho;AC=UNIMOD:21;MT=variable;TA=S,T,Y;PP=Anywhere	v3.0.0	ms-proteomics v1.1.0	human v1.1.0	cell-lines v1.1.0	HL-60	asynchronous	C-604
Exp01_P31_DMSO_R3	Homo sapiens	blood	not available	P31/FUJ	CVCL_1632	cell	childhood acute myeloid leukemia	male	7Y	not available	not available	CVCL_1632	not available	study sample	13	Exp01	asynchronous	DMSO	2h	not available	QE1_SMMG_Exp01_Sample_13_T5_P31_DMSO_R3	proteomic profiling by mass spectrometry	QE1_SMMG_Exp01_Sample_13_T5_P31_DMSO_R3.raw	ftp://ftp.pride.ebi.ac.uk/pride/data/archive/2026/09/PXD068482/QE1_SMMG_Exp01_Sample_13_T5_P31_DMSO_R3.raw	NT=label free sample;AC=MS:1002038	1	1	NT=Q Exactive Plus;AC=MS:1002634	NT=Data-dependent acquisition;AC=PRIDE:0000627	NT=Trypsin;AC=MS:1001251	NT=Dithiothreitol (DTT);AC=PRIDE:0000608	NT=Iodoacetamide (IAA);AC=PRIDE:0000599	NT=beam-type collision-induced dissociation;AC=MS:1000422	not available	375m/z-1500m/z	10 ppm	0.025 Da	NT=Carbamidomethyl;AC=UNIMOD:4;MT=fixed;TA=C;PP=Anywhere	NT=Oxidation;AC=UNIMOD:35;MT=variable;TA=M;PP=Anywhere	NT=Gln->pyro-Glu;AC=UNIMOD:28;MT=variable;TA=Q;PP=Any N-term	NT=Phospho;AC=UNIMOD:21;MT=variable;TA=S,T,Y;PP=Anywhere	v3.0.0	ms-proteomics v1.1.0	human v1.1.0	cell-lines v1.1.0	P31/FUJ	asynchronous	DMSO
Exp01_P31_GWLi_R3	Homo sapiens	blood	not available	P31/FUJ	CVCL_1632	cell	childhood acute myeloid leukemia	male	7Y	not available	not available	CVCL_1632	not available	study sample	14	Exp01	asynchronous	C-604	2h	2 uM	QE1_SMMG_Exp01_Sample_14_T6_P31_GWLi_R3	proteomic profiling by mass spectrometry	QE1_SMMG_Exp01_Sample_14_T6_P31_GWLi_R3.raw	ftp://ftp.pride.ebi.ac.uk/pride/data/archive/2026/09/PXD068482/QE1_SMMG_Exp01_Sample_14_T6_P31_GWLi_R3.raw	NT=label free sample;AC=MS:1002038	1	1	NT=Q Exactive Plus;AC=MS:1002634	NT=Data-dependent acquisition;AC=PRIDE:0000627	NT=Trypsin;AC=MS:1001251	NT=Dithiothreitol (DTT);AC=PRIDE:0000608	NT=Iodoacetamide (IAA);AC=PRIDE:0000599	NT=beam-type collision-induced dissociation;AC=MS:1000422	not available	375m/z-1500m/z	10 ppm	0.025 Da	NT=Carbamidomethyl;AC=UNIMOD:4;MT=fixed;TA=C;PP=Anywhere	NT=Oxidation;AC=UNIMOD:35;MT=variable;TA=M;PP=Anywhere	NT=Gln->pyro-Glu;AC=UNIMOD:28;MT=variable;TA=Q;PP=Any N-term	NT=Phospho;AC=UNIMOD:21;MT=variable;TA=S,T,Y;PP=Anywhere	v3.0.0	ms-proteomics v1.1.0	human v1.1.0	cell-lines v1.1.0	P31/FUJ	asynchronous	C-604
Exp01_MV4_DMSO_R3	Homo sapiens	blood	not available	MV4-11	CVCL_0064	cell	childhood acute monocytic leukemia	male	10Y	not available	not available	CVCL_0064	not available	study sample	15	Exp01	asynchronous	DMSO	2h	not available	QE1_SMMG_Exp01_Sample_15_T13_MV4_DMSO_R3	proteomic profiling by mass spectrometry	QE1_SMMG_Exp01_Sample_15_T13_MV4_DMSO_R3.raw	ftp://ftp.pride.ebi.ac.uk/pride/data/archive/2026/09/PXD068482/QE1_SMMG_Exp01_Sample_15_T13_MV4_DMSO_R3.raw	NT=label free sample;AC=MS:1002038	1	1	NT=Q Exactive Plus;AC=MS:1002634	NT=Data-dependent acquisition;AC=PRIDE:0000627	NT=Trypsin;AC=MS:1001251	NT=Dithiothreitol (DTT);AC=PRIDE:0000608	NT=Iodoacetamide (IAA);AC=PRIDE:0000599	NT=beam-type collision-induced dissociation;AC=MS:1000422	not available	375m/z-1500m/z	10 ppm	0.025 Da	NT=Carbamidomethyl;AC=UNIMOD:4;MT=fixed;TA=C;PP=Anywhere	NT=Oxidation;AC=UNIMOD:35;MT=variable;TA=M;PP=Anywhere	NT=Gln->pyro-Glu;AC=UNIMOD:28;MT=variable;TA=Q;PP=Any N-term	NT=Phospho;AC=UNIMOD:21;MT=variable;TA=S,T,Y;PP=Anywhere	v3.0.0	ms-proteomics v1.1.0	human v1.1.0	cell-lines v1.1.0	MV4-11	asynchronous	DMSO
Exp01_MV4_GWLi_R3	Homo sapiens	blood	not available	MV4-11	CVCL_0064	cell	childhood acute monocytic leukemia	male	10Y	not available	not available	CVCL_0064	not available	study sample	16	Exp01	asynchronous	C-604	2h	2 uM	QE1_SMMG_Exp01_Sample_16_T14_MV4_GWLi_R3	proteomic profiling by mass spectrometry	QE1_SMMG_Exp01_Sample_16_T14_MV4_GWLi_R3.raw	ftp://ftp.pride.ebi.ac.uk/pride/data/archive/2026/09/PXD068482/QE1_SMMG_Exp01_Sample_16_T14_MV4_GWLi_R3.raw	NT=label free sample;AC=MS:1002038	1	1	NT=Q Exactive Plus;AC=MS:1002634	NT=Data-dependent acquisition;AC=PRIDE:0000627	NT=Trypsin;AC=MS:1001251	NT=Dithiothreitol (DTT);AC=PRIDE:0000608	NT=Iodoacetamide (IAA);AC=PRIDE:0000599	NT=beam-type collision-induced dissociation;AC=MS:1000422	not available	375m/z-1500m/z	10 ppm	0.025 Da	NT=Carbamidomethyl;AC=UNIMOD:4;MT=fixed;TA=C;PP=Anywhere	NT=Oxidation;AC=UNIMOD:35;MT=variable;TA=M;PP=Anywhere	NT=Gln->pyro-Glu;AC=UNIMOD:28;MT=variable;TA=Q;PP=Any N-term	NT=Phospho;AC=UNIMOD:21;MT=variable;TA=S,T,Y;PP=Anywhere	v3.0.0	ms-proteomics v1.1.0	human v1.1.0	cell-lines v1.1.0	MV4-11	asynchronous	C-604
Exp01_HL60_DMSO_R3	Homo sapiens	blood	not available	HL-60	CVCL_0002	cell	adult acute myeloid leukemia with maturation	female	36Y	not available	not available	CVCL_0002	not available	study sample	17	Exp01	asynchronous	DMSO	2h	not available	QE1_SMMG_Exp01_Sample_17_T21_HL60_DMSO_R3	proteomic profiling by mass spectrometry	QE1_SMMG_Exp01_Sample_17_T21_HL60_DMSO_R3.raw	ftp://ftp.pride.ebi.ac.uk/pride/data/archive/2026/09/PXD068482/QE1_SMMG_Exp01_Sample_17_T21_HL60_DMSO_R3.raw	NT=label free sample;AC=MS:1002038	1	1	NT=Q Exactive Plus;AC=MS:1002634	NT=Data-dependent acquisition;AC=PRIDE:0000627	NT=Trypsin;AC=MS:1001251	NT=Dithiothreitol (DTT);AC=PRIDE:0000608	NT=Iodoacetamide (IAA);AC=PRIDE:0000599	NT=beam-type collision-induced dissociation;AC=MS:1000422	not available	375m/z-1500m/z	10 ppm	0.025 Da	NT=Carbamidomethyl;AC=UNIMOD:4;MT=fixed;TA=C;PP=Anywhere	NT=Oxidation;AC=UNIMOD:35;MT=variable;TA=M;PP=Anywhere	NT=Gln->pyro-Glu;AC=UNIMOD:28;MT=variable;TA=Q;PP=Any N-term	NT=Phospho;AC=UNIMOD:21;MT=variable;TA=S,T,Y;PP=Anywhere	v3.0.0	ms-proteomics v1.1.0	human v1.1.0	cell-lines v1.1.0	HL-60	asynchronous	DMSO
Exp01_HL60_GWLi_R3	Homo sapiens	blood	not available	HL-60	CVCL_0002	cell	adult acute myeloid leukemia with maturation	female	36Y	not available	not available	CVCL_0002	not available	study sample	18	Exp01	asynchronous	C-604	2h	2 uM	QE1_SMMG_Exp01_Sample_18_T22_HL60_GWLi_R3	proteomic profiling by mass spectrometry	QE1_SMMG_Exp01_Sample_18_T22_HL60_GWLi_R3.raw	ftp://ftp.pride.ebi.ac.uk/pride/data/archive/2026/09/PXD068482/QE1_SMMG_Exp01_Sample_18_T22_HL60_GWLi_R3.raw	NT=label free sample;AC=MS:1002038	1	1	NT=Q Exactive Plus;AC=MS:1002634	NT=Data-dependent acquisition;AC=PRIDE:0000627	NT=Trypsin;AC=MS:1001251	NT=Dithiothreitol (DTT);AC=PRIDE:0000608	NT=Iodoacetamide (IAA);AC=PRIDE:0000599	NT=beam-type collision-induced dissociation;AC=MS:1000422	not available	375m/z-1500m/z	10 ppm	0.025 Da	NT=Carbamidomethyl;AC=UNIMOD:4;MT=fixed;TA=C;PP=Anywhere	NT=Oxidation;AC=UNIMOD:35;MT=variable;TA=M;PP=Anywhere	NT=Gln->pyro-Glu;AC=UNIMOD:28;MT=variable;TA=Q;PP=Any N-term	NT=Phospho;AC=UNIMOD:21;MT=variable;TA=S,T,Y;PP=Anywhere	v3.0.0	ms-proteomics v1.1.0	human v1.1.0	cell-lines v1.1.0	HL-60	asynchronous	C-604
Exp01_P31_DMSO_R4	Homo sapiens	blood	not available	P31/FUJ	CVCL_1632	cell	childhood acute myeloid leukemia	male	7Y	not available	not available	CVCL_1632	not available	study sample	19	Exp01	asynchronous	DMSO	2h	not available	QE1_SMMG_Exp01_Sample_19_T7_P31_DMSO_R4	proteomic profiling by mass spectrometry	QE1_SMMG_Exp01_Sample_19_T7_P31_DMSO_R4.raw	ftp://ftp.pride.ebi.ac.uk/pride/data/archive/2026/09/PXD068482/QE1_SMMG_Exp01_Sample_19_T7_P31_DMSO_R4.raw	NT=label free sample;AC=MS:1002038	1	1	NT=Q Exactive Plus;AC=MS:1002634	NT=Data-dependent acquisition;AC=PRIDE:0000627	NT=Trypsin;AC=MS:1001251	NT=Dithiothreitol (DTT);AC=PRIDE:0000608	NT=Iodoacetamide (IAA);AC=PRIDE:0000599	NT=beam-type collision-induced dissociation;AC=MS:1000422	not available	375m/z-1500m/z	10 ppm	0.025 Da	NT=Carbamidomethyl;AC=UNIMOD:4;MT=fixed;TA=C;PP=Anywhere	NT=Oxidation;AC=UNIMOD:35;MT=variable;TA=M;PP=Anywhere	NT=Gln->pyro-Glu;AC=UNIMOD:28;MT=variable;TA=Q;PP=Any N-term	NT=Phospho;AC=UNIMOD:21;MT=variable;TA=S,T,Y;PP=Anywhere	v3.0.0	ms-proteomics v1.1.0	human v1.1.0	cell-lines v1.1.0	P31/FUJ	asynchronous	DMSO
Exp01_P31_GWLi_R4	Homo sapiens	blood	not available	P31/FUJ	CVCL_1632	cell	childhood acute myeloid leukemia	male	7Y	not available	not available	CVCL_1632	not available	study sample	20	Exp01	asynchronous	C-604	2h	2 uM	QE1_SMMG_Exp01_Sample_20_T8_P31_GWLi_R4	proteomic profiling by mass spectrometry	QE1_SMMG_Exp01_Sample_20_T8_P31_GWLi_R4.raw	ftp://ftp.pride.ebi.ac.uk/pride/data/archive/2026/09/PXD068482/QE1_SMMG_Exp01_Sample_20_T8_P31_GWLi_R4.raw	NT=label free sample;AC=MS:1002038	1	1	NT=Q Exactive Plus;AC=MS:1002634	NT=Data-dependent acquisition;AC=PRIDE:0000627	NT=Trypsin;AC=MS:1001251	NT=Dithiothreitol (DTT);AC=PRIDE:0000608	NT=Iodoacetamide (IAA);AC=PRIDE:0000599	NT=beam-type collision-induced dissociation;AC=MS:1000422	not available	375m/z-1500m/z	10 ppm	0.025 Da	NT=Carbamidomethyl;AC=UNIMOD:4;MT=fixed;TA=C;PP=Anywhere	NT=Oxidation;AC=UNIMOD:35;MT=variable;TA=M;PP=Anywhere	NT=Gln->pyro-Glu;AC=UNIMOD:28;MT=variable;TA=Q;PP=Any N-term	NT=Phospho;AC=UNIMOD:21;MT=variable;TA=S,T,Y;PP=Anywhere	v3.0.0	ms-proteomics v1.1.0	human v1.1.0	cell-lines v1.1.0	P31/FUJ	asynchronous	C-604
Exp01_MV4_DMSO_R4	Homo sapiens	blood	not available	MV4-11	CVCL_0064	cell	childhood acute monocytic leukemia	male	10Y	not available	not available	CVCL_0064	not available	study sample	21	Exp01	asynchronous	DMSO	2h	not available	QE1_SMMG_Exp01_Sample_21_T15_MV4_DMSO_R4	proteomic profiling by mass spectrometry	QE1_SMMG_Exp01_Sample_21_T15_MV4_DMSO_R4.raw	ftp://ftp.pride.ebi.ac.uk/pride/data/archive/2026/09/PXD068482/QE1_SMMG_Exp01_Sample_21_T15_MV4_DMSO_R4.raw	NT=label free sample;AC=MS:1002038	1	1	NT=Q Exactive Plus;AC=MS:1002634	NT=Data-dependent acquisition;AC=PRIDE:0000627	NT=Trypsin;AC=MS:1001251	NT=Dithiothreitol (DTT);AC=PRIDE:0000608	NT=Iodoacetamide (IAA);AC=PRIDE:0000599	NT=beam-type collision-induced dissociation;AC=MS:1000422	not available	375m/z-1500m/z	10 ppm	0.025 Da	NT=Carbamidomethyl;AC=UNIMOD:4;MT=fixed;TA=C;PP=Anywhere	NT=Oxidation;AC=UNIMOD:35;MT=variable;TA=M;PP=Anywhere	NT=Gln->pyro-Glu;AC=UNIMOD:28;MT=variable;TA=Q;PP=Any N-term	NT=Phospho;AC=UNIMOD:21;MT=variable;TA=S,T,Y;PP=Anywhere	v3.0.0	ms-proteomics v1.1.0	human v1.1.0	cell-lines v1.1.0	MV4-11	asynchronous	DMSO
Exp01_MV4_GWLi_R4	Homo sapiens	blood	not available	MV4-11	CVCL_0064	cell	childhood acute monocytic leukemia	male	10Y	not available	not available	CVCL_0064	not available	study sample	22	Exp01	asynchronous	C-604	2h	2 uM	QE1_SMMG_Exp01_Sample_22_T16_MV4_GWLi_R4	proteomic profiling by mass spectrometry	QE1_SMMG_Exp01_Sample_22_T16_MV4_GWLi_R4.raw	ftp://ftp.pride.ebi.ac.uk/pride/data/archive/2026/09/PXD068482/QE1_SMMG_Exp01_Sample_22_T16_MV4_GWLi_R4.raw	NT=label free sample;AC=MS:1002038	1	1	NT=Q Exactive Plus;AC=MS:1002634	NT=Data-dependent acquisition;AC=PRIDE:0000627	NT=Trypsin;AC=MS:1001251	NT=Dithiothreitol (DTT);AC=PRIDE:0000608	NT=Iodoacetamide (IAA);AC=PRIDE:0000599	NT=beam-type collision-induced dissociation;AC=MS:1000422	not available	375m/z-1500m/z	10 ppm	0.025 Da	NT=Carbamidomethyl;AC=UNIMOD:4;MT=fixed;TA=C;PP=Anywhere	NT=Oxidation;AC=UNIMOD:35;MT=variable;TA=M;PP=Anywhere	NT=Gln->pyro-Glu;AC=UNIMOD:28;MT=variable;TA=Q;PP=Any N-term	NT=Phospho;AC=UNIMOD:21;MT=variable;TA=S,T,Y;PP=Anywhere	v3.0.0	ms-proteomics v1.1.0	human v1.1.0	cell-lines v1.1.0	MV4-11	asynchronous	C-604
Exp01_HL60_DMSO_R4	Homo sapiens	blood	not available	HL-60	CVCL_0002	cell	adult acute myeloid leukemia with maturation	female	36Y	not available	not available	CVCL_0002	not available	study sample	23	Exp01	asynchronous	DMSO	2h	not available	QE1_SMMG_Exp01_Sample_23_T23_HL60_DMSO_R4	proteomic profiling by mass spectrometry	QE1_SMMG_Exp01_Sample_23_T23_HL60_DMSO_R4.raw	ftp://ftp.pride.ebi.ac.uk/pride/data/archive/2026/09/PXD068482/QE1_SMMG_Exp01_Sample_23_T23_HL60_DMSO_R4.raw	NT=label free sample;AC=MS:1002038	1	1	NT=Q Exactive Plus;AC=MS:1002634	NT=Data-dependent acquisition;AC=PRIDE:0000627	NT=Trypsin;AC=MS:1001251	NT=Dithiothreitol (DTT);AC=PRIDE:0000608	NT=Iodoacetamide (IAA);AC=PRIDE:0000599	NT=beam-type collision-induced dissociation;AC=MS:1000422	not available	375m/z-1500m/z	10 ppm	0.025 Da	NT=Carbamidomethyl;AC=UNIMOD:4;MT=fixed;TA=C;PP=Anywhere	NT=Oxidation;AC=UNIMOD:35;MT=variable;TA=M;PP=Anywhere	NT=Gln->pyro-Glu;AC=UNIMOD:28;MT=variable;TA=Q;PP=Any N-term	NT=Phospho;AC=UNIMOD:21;MT=variable;TA=S,T,Y;PP=Anywhere	v3.0.0	ms-proteomics v1.1.0	human v1.1.0	cell-lines v1.1.0	HL-60	asynchronous	DMSO
Exp01_HL60_GWLi_R4	Homo sapiens	blood	not available	HL-60	CVCL_0002	cell	adult acute myeloid leukemia with maturation	female	36Y	not available	not available	CVCL_0002	not available	study sample	24	Exp01	asynchronous	C-604	2h	2 uM	QE1_SMMG_Exp01_Sample_24_T24_HL60_GWLi_R4	proteomic profiling by mass spectrometry	QE1_SMMG_Exp01_Sample_24_T24_HL60_GWLi_R4.raw	ftp://ftp.pride.ebi.ac.uk/pride/data/archive/2026/09/PXD068482/QE1_SMMG_Exp01_Sample_24_T24_HL60_GWLi_R4.raw	NT=label free sample;AC=MS:1002038	1	1	NT=Q Exactive Plus;AC=MS:1002634	NT=Data-dependent acquisition;AC=PRIDE:0000627	NT=Trypsin;AC=MS:1001251	NT=Dithiothreitol (DTT);AC=PRIDE:0000608	NT=Iodoacetamide (IAA);AC=PRIDE:0000599	NT=beam-type collision-induced dissociation;AC=MS:1000422	not available	375m/z-1500m/z	10 ppm	0.025 Da	NT=Carbamidomethyl;AC=UNIMOD:4;MT=fixed;TA=C;PP=Anywhere	NT=Oxidation;AC=UNIMOD:35;MT=variable;TA=M;PP=Anywhere	NT=Gln->pyro-Glu;AC=UNIMOD:28;MT=variable;TA=Q;PP=Any N-term	NT=Phospho;AC=UNIMOD:21;MT=variable;TA=S,T,Y;PP=Anywhere	v3.0.0	ms-proteomics v1.1.0	human v1.1.0	cell-lines v1.1.0	HL-60	asynchronous	C-604
