source name	characteristics[organism]	characteristics[organism part]	characteristics[cell type]	characteristics[disease]	characteristics[material type]	characteristics[sample type]	characteristics[sex]	characteristics[age]	characteristics[developmental stage]	characteristics[ancestry category]	characteristics[individual]	characteristics[pooled sample]	characteristics[biological replicate]	characteristics[preservation method]	characteristics[antigen retrieval condition]	assay name	technology type	comment[data file]	comment[file uri]	comment[label]	comment[technical replicate]	comment[fraction identifier]	comment[instrument]	comment[proteomics data acquisition method]	comment[cleavage agent details]	comment[reduction reagent]	comment[alkylation reagent]	comment[precursor mass tolerance]	comment[fragment mass tolerance]	comment[ms1 scan range]	comment[dissociation method]	comment[collision energy]	comment[modification parameters]	comment[modification parameters]	comment[modification parameters]	comment[sdrf version]	comment[sdrf template]	comment[sdrf template]	factor value[antigen retrieval condition]
20220224_TIMS02_ThNo_SA_01_N756_DDA_120min_Glycerol_DVP_C1_1_8967	Homo sapiens	tonsil	not available	not available	tissue	study sample	not available	not available	not available	not available	not available	not available	not available	formalin-fixed paraffin-embedded	Citrate_pH6_Glycerol	20220224_TIMS02_ThNo_SA_01_N756_DDA_120min_Glycerol_DVP_C1_1_8967	proteomic profiling by mass spectrometry	20220224_TIMS02_ThNo_SA_01_N756_DDA_120min_Glycerol_DVP_C1_1_8967.d	ftp://ftp.pride.ebi.ac.uk/pride/data/archive/2023/10/PXD040281/Bulk.zip	NT=label free sample;AC=MS:1002038	not available	1	NT=timsTOF Pro 2;AC=MS:1003230	NT=Data-dependent acquisition;AC=PRIDE:0000627	not available	NT=Tris(2-carboxyethyl)phosphine (TCEP);AC=PRIDE:0000609	NT=Chloroacetamide (ClAA);AC=PRIDE:0000600	not available	not available	not available	NT=collision-induced dissociation;AC=MS:1000133	not available	NT=Carbamidomethyl;AC=UNIMOD:4;MT=fixed;TA=C;PP=Anywhere	NT=Oxidation;AC=UNIMOD:35;MT=variable;TA=M;PP=Anywhere	NT=Acetyl;AC=UNIMOD:1;MT=variable;PP=Protein N-term	v3.0.0	ms-proteomics v1.1.0	human v1.1.0	Citrate_pH6_Glycerol
20220224_TIMS02_ThNo_SA_02_N756_DDA_120min_Glycerol_DVP_C2_1_8962	Homo sapiens	tonsil	not available	not available	tissue	study sample	not available	not available	not available	not available	not available	not available	not available	formalin-fixed paraffin-embedded	Dako_pH9	20220224_TIMS02_ThNo_SA_02_N756_DDA_120min_Glycerol_DVP_C2_1_8962	proteomic profiling by mass spectrometry	20220224_TIMS02_ThNo_SA_02_N756_DDA_120min_Glycerol_DVP_C2_1_8962.d	ftp://ftp.pride.ebi.ac.uk/pride/data/archive/2023/10/PXD040281/Bulk.zip	NT=label free sample;AC=MS:1002038	not available	1	NT=timsTOF Pro 2;AC=MS:1003230	NT=Data-dependent acquisition;AC=PRIDE:0000627	not available	NT=Tris(2-carboxyethyl)phosphine (TCEP);AC=PRIDE:0000609	NT=Chloroacetamide (ClAA);AC=PRIDE:0000600	not available	not available	not available	NT=collision-induced dissociation;AC=MS:1000133	not available	NT=Carbamidomethyl;AC=UNIMOD:4;MT=fixed;TA=C;PP=Anywhere	NT=Oxidation;AC=UNIMOD:35;MT=variable;TA=M;PP=Anywhere	NT=Acetyl;AC=UNIMOD:1;MT=variable;PP=Protein N-term	v3.0.0	ms-proteomics v1.1.0	human v1.1.0	Dako_pH9
20220224_TIMS02_ThNo_SA_03_N756_DDA_120min_Glycerol_DVP_C3_1_8965	Homo sapiens	tonsil	not available	not available	tissue	study sample	not available	not available	not available	not available	not available	not available	not available	formalin-fixed paraffin-embedded	Dako_pH9	20220224_TIMS02_ThNo_SA_03_N756_DDA_120min_Glycerol_DVP_C3_1_8965	proteomic profiling by mass spectrometry	20220224_TIMS02_ThNo_SA_03_N756_DDA_120min_Glycerol_DVP_C3_1_8965.d	ftp://ftp.pride.ebi.ac.uk/pride/data/archive/2023/10/PXD040281/Bulk.zip	NT=label free sample;AC=MS:1002038	not available	1	NT=timsTOF Pro 2;AC=MS:1003230	NT=Data-dependent acquisition;AC=PRIDE:0000627	not available	NT=Tris(2-carboxyethyl)phosphine (TCEP);AC=PRIDE:0000609	NT=Chloroacetamide (ClAA);AC=PRIDE:0000600	not available	not available	not available	NT=collision-induced dissociation;AC=MS:1000133	not available	NT=Carbamidomethyl;AC=UNIMOD:4;MT=fixed;TA=C;PP=Anywhere	NT=Oxidation;AC=UNIMOD:35;MT=variable;TA=M;PP=Anywhere	NT=Acetyl;AC=UNIMOD:1;MT=variable;PP=Protein N-term	v3.0.0	ms-proteomics v1.1.0	human v1.1.0	Dako_pH9
20220224_TIMS02_ThNo_SA_04_N756_DDA_120min_Glycerol_DVP_C4_1_8972	Homo sapiens	tonsil	not available	not available	tissue	study sample	not available	not available	not available	not available	not available	not available	not available	formalin-fixed paraffin-embedded	Citrate_pH6	20220224_TIMS02_ThNo_SA_04_N756_DDA_120min_Glycerol_DVP_C4_1_8972	proteomic profiling by mass spectrometry	20220224_TIMS02_ThNo_SA_04_N756_DDA_120min_Glycerol_DVP_C4_1_8972.d	ftp://ftp.pride.ebi.ac.uk/pride/data/archive/2023/10/PXD040281/Bulk.zip	NT=label free sample;AC=MS:1002038	not available	1	NT=timsTOF Pro 2;AC=MS:1003230	NT=Data-dependent acquisition;AC=PRIDE:0000627	not available	NT=Tris(2-carboxyethyl)phosphine (TCEP);AC=PRIDE:0000609	NT=Chloroacetamide (ClAA);AC=PRIDE:0000600	not available	not available	not available	NT=collision-induced dissociation;AC=MS:1000133	not available	NT=Carbamidomethyl;AC=UNIMOD:4;MT=fixed;TA=C;PP=Anywhere	NT=Oxidation;AC=UNIMOD:35;MT=variable;TA=M;PP=Anywhere	NT=Acetyl;AC=UNIMOD:1;MT=variable;PP=Protein N-term	v3.0.0	ms-proteomics v1.1.0	human v1.1.0	Citrate_pH6
20220224_TIMS02_ThNo_SA_05_N756_DDA_120min_Glycerol_DVP_C5_1_8978	Homo sapiens	tonsil	not available	not available	tissue	study sample	not available	not available	not available	not available	not available	not available	not available	formalin-fixed paraffin-embedded	Dako_pH6	20220224_TIMS02_ThNo_SA_05_N756_DDA_120min_Glycerol_DVP_C5_1_8978	proteomic profiling by mass spectrometry	20220224_TIMS02_ThNo_SA_05_N756_DDA_120min_Glycerol_DVP_C5_1_8978.d	ftp://ftp.pride.ebi.ac.uk/pride/data/archive/2023/10/PXD040281/Bulk.zip	NT=label free sample;AC=MS:1002038	not available	1	NT=timsTOF Pro 2;AC=MS:1003230	NT=Data-dependent acquisition;AC=PRIDE:0000627	not available	NT=Tris(2-carboxyethyl)phosphine (TCEP);AC=PRIDE:0000609	NT=Chloroacetamide (ClAA);AC=PRIDE:0000600	not available	not available	not available	NT=collision-induced dissociation;AC=MS:1000133	not available	NT=Carbamidomethyl;AC=UNIMOD:4;MT=fixed;TA=C;PP=Anywhere	NT=Oxidation;AC=UNIMOD:35;MT=variable;TA=M;PP=Anywhere	NT=Acetyl;AC=UNIMOD:1;MT=variable;PP=Protein N-term	v3.0.0	ms-proteomics v1.1.0	human v1.1.0	Dako_pH6
20220224_TIMS02_ThNo_SA_06_N756_DDA_120min_Glycerol_DVP_C6_1_8963	Homo sapiens	tonsil	not available	not available	tissue	study sample	not available	not available	not available	not available	not available	not available	not available	formalin-fixed paraffin-embedded	Citrate_pH6_Glycerol	20220224_TIMS02_ThNo_SA_06_N756_DDA_120min_Glycerol_DVP_C6_1_8963	proteomic profiling by mass spectrometry	20220224_TIMS02_ThNo_SA_06_N756_DDA_120min_Glycerol_DVP_C6_1_8963.d	ftp://ftp.pride.ebi.ac.uk/pride/data/archive/2023/10/PXD040281/Bulk.zip	NT=label free sample;AC=MS:1002038	not available	1	NT=timsTOF Pro 2;AC=MS:1003230	NT=Data-dependent acquisition;AC=PRIDE:0000627	not available	NT=Tris(2-carboxyethyl)phosphine (TCEP);AC=PRIDE:0000609	NT=Chloroacetamide (ClAA);AC=PRIDE:0000600	not available	not available	not available	NT=collision-induced dissociation;AC=MS:1000133	not available	NT=Carbamidomethyl;AC=UNIMOD:4;MT=fixed;TA=C;PP=Anywhere	NT=Oxidation;AC=UNIMOD:35;MT=variable;TA=M;PP=Anywhere	NT=Acetyl;AC=UNIMOD:1;MT=variable;PP=Protein N-term	v3.0.0	ms-proteomics v1.1.0	human v1.1.0	Citrate_pH6_Glycerol
20220224_TIMS02_ThNo_SA_07_N756_DDA_120min_Glycerol_DVP_4ul_C7_1_8986	Homo sapiens	tonsil	not available	not available	tissue	study sample	not available	not available	not available	not available	not available	not available	not available	formalin-fixed paraffin-embedded	Dako_pH6_Glycerol	20220224_TIMS02_ThNo_SA_07_N756_DDA_120min_Glycerol_DVP_4ul_C7_1_8986	proteomic profiling by mass spectrometry	20220224_TIMS02_ThNo_SA_07_N756_DDA_120min_Glycerol_DVP_4ul_C7_1_8986.d	ftp://ftp.pride.ebi.ac.uk/pride/data/archive/2023/10/PXD040281/Bulk.zip	NT=label free sample;AC=MS:1002038	not available	1	NT=timsTOF Pro 2;AC=MS:1003230	NT=Data-dependent acquisition;AC=PRIDE:0000627	not available	NT=Tris(2-carboxyethyl)phosphine (TCEP);AC=PRIDE:0000609	NT=Chloroacetamide (ClAA);AC=PRIDE:0000600	not available	not available	not available	NT=collision-induced dissociation;AC=MS:1000133	not available	NT=Carbamidomethyl;AC=UNIMOD:4;MT=fixed;TA=C;PP=Anywhere	NT=Oxidation;AC=UNIMOD:35;MT=variable;TA=M;PP=Anywhere	NT=Acetyl;AC=UNIMOD:1;MT=variable;PP=Protein N-term	v3.0.0	ms-proteomics v1.1.0	human v1.1.0	Dako_pH6_Glycerol
20220224_TIMS02_ThNo_SA_08_N756_DDA_120min_Glycerol_DVP_C8_1_8981	Homo sapiens	tonsil	not available	not available	tissue	study sample	not available	not available	not available	not available	not available	not available	not available	formalin-fixed paraffin-embedded	Dako_pH9	20220224_TIMS02_ThNo_SA_08_N756_DDA_120min_Glycerol_DVP_C8_1_8981	proteomic profiling by mass spectrometry	20220224_TIMS02_ThNo_SA_08_N756_DDA_120min_Glycerol_DVP_C8_1_8981.d	ftp://ftp.pride.ebi.ac.uk/pride/data/archive/2023/10/PXD040281/Bulk.zip	NT=label free sample;AC=MS:1002038	not available	1	NT=timsTOF Pro 2;AC=MS:1003230	NT=Data-dependent acquisition;AC=PRIDE:0000627	not available	NT=Tris(2-carboxyethyl)phosphine (TCEP);AC=PRIDE:0000609	NT=Chloroacetamide (ClAA);AC=PRIDE:0000600	not available	not available	not available	NT=collision-induced dissociation;AC=MS:1000133	not available	NT=Carbamidomethyl;AC=UNIMOD:4;MT=fixed;TA=C;PP=Anywhere	NT=Oxidation;AC=UNIMOD:35;MT=variable;TA=M;PP=Anywhere	NT=Acetyl;AC=UNIMOD:1;MT=variable;PP=Protein N-term	v3.0.0	ms-proteomics v1.1.0	human v1.1.0	Dako_pH9
20220224_TIMS02_ThNo_SA_09_N756_DDA_120min_Glycerol_DVP_D1_1_8975	Homo sapiens	tonsil	not available	not available	tissue	study sample	not available	not available	not available	not available	not available	not available	not available	formalin-fixed paraffin-embedded	Dako_pH6_Glycerol	20220224_TIMS02_ThNo_SA_09_N756_DDA_120min_Glycerol_DVP_D1_1_8975	proteomic profiling by mass spectrometry	20220224_TIMS02_ThNo_SA_09_N756_DDA_120min_Glycerol_DVP_D1_1_8975.d	ftp://ftp.pride.ebi.ac.uk/pride/data/archive/2023/10/PXD040281/Bulk.zip	NT=label free sample;AC=MS:1002038	not available	1	NT=timsTOF Pro 2;AC=MS:1003230	NT=Data-dependent acquisition;AC=PRIDE:0000627	not available	NT=Tris(2-carboxyethyl)phosphine (TCEP);AC=PRIDE:0000609	NT=Chloroacetamide (ClAA);AC=PRIDE:0000600	not available	not available	not available	NT=collision-induced dissociation;AC=MS:1000133	not available	NT=Carbamidomethyl;AC=UNIMOD:4;MT=fixed;TA=C;PP=Anywhere	NT=Oxidation;AC=UNIMOD:35;MT=variable;TA=M;PP=Anywhere	NT=Acetyl;AC=UNIMOD:1;MT=variable;PP=Protein N-term	v3.0.0	ms-proteomics v1.1.0	human v1.1.0	Dako_pH6_Glycerol
20220224_TIMS02_ThNo_SA_10_N756_DDA_120min_Glycerol_DVP_D2_1_8974	Homo sapiens	tonsil	not available	not available	tissue	study sample	not available	not available	not available	not available	not available	not available	not available	formalin-fixed paraffin-embedded	Dako_pH6_Glycerol	20220224_TIMS02_ThNo_SA_10_N756_DDA_120min_Glycerol_DVP_D2_1_8974	proteomic profiling by mass spectrometry	20220224_TIMS02_ThNo_SA_10_N756_DDA_120min_Glycerol_DVP_D2_1_8974.d	ftp://ftp.pride.ebi.ac.uk/pride/data/archive/2023/10/PXD040281/Bulk.zip	NT=label free sample;AC=MS:1002038	not available	1	NT=timsTOF Pro 2;AC=MS:1003230	NT=Data-dependent acquisition;AC=PRIDE:0000627	not available	NT=Tris(2-carboxyethyl)phosphine (TCEP);AC=PRIDE:0000609	NT=Chloroacetamide (ClAA);AC=PRIDE:0000600	not available	not available	not available	NT=collision-induced dissociation;AC=MS:1000133	not available	NT=Carbamidomethyl;AC=UNIMOD:4;MT=fixed;TA=C;PP=Anywhere	NT=Oxidation;AC=UNIMOD:35;MT=variable;TA=M;PP=Anywhere	NT=Acetyl;AC=UNIMOD:1;MT=variable;PP=Protein N-term	v3.0.0	ms-proteomics v1.1.0	human v1.1.0	Dako_pH6_Glycerol
20220224_TIMS02_ThNo_SA_11_N756_DDA_120min_Glycerol_DVP_D3_1_8958	Homo sapiens	tonsil	not available	not available	tissue	study sample	not available	not available	not available	not available	not available	not available	not available	formalin-fixed paraffin-embedded	Citrate_pH6_Glycerol	20220224_TIMS02_ThNo_SA_11_N756_DDA_120min_Glycerol_DVP_D3_1_8958	proteomic profiling by mass spectrometry	20220224_TIMS02_ThNo_SA_11_N756_DDA_120min_Glycerol_DVP_D3_1_8958.d	ftp://ftp.pride.ebi.ac.uk/pride/data/archive/2023/10/PXD040281/Bulk.zip	NT=label free sample;AC=MS:1002038	not available	1	NT=timsTOF Pro 2;AC=MS:1003230	NT=Data-dependent acquisition;AC=PRIDE:0000627	not available	NT=Tris(2-carboxyethyl)phosphine (TCEP);AC=PRIDE:0000609	NT=Chloroacetamide (ClAA);AC=PRIDE:0000600	not available	not available	not available	NT=collision-induced dissociation;AC=MS:1000133	not available	NT=Carbamidomethyl;AC=UNIMOD:4;MT=fixed;TA=C;PP=Anywhere	NT=Oxidation;AC=UNIMOD:35;MT=variable;TA=M;PP=Anywhere	NT=Acetyl;AC=UNIMOD:1;MT=variable;PP=Protein N-term	v3.0.0	ms-proteomics v1.1.0	human v1.1.0	Citrate_pH6_Glycerol
20220224_TIMS02_ThNo_SA_12_N756_DDA_120min_Glycerol_DVP_D4_1_8956	Homo sapiens	tonsil	not available	not available	tissue	study sample	not available	not available	not available	not available	not available	not available	not available	formalin-fixed paraffin-embedded	Dako_pH9	20220224_TIMS02_ThNo_SA_12_N756_DDA_120min_Glycerol_DVP_D4_1_8956	proteomic profiling by mass spectrometry	20220224_TIMS02_ThNo_SA_12_N756_DDA_120min_Glycerol_DVP_D4_1_8956.d	ftp://ftp.pride.ebi.ac.uk/pride/data/archive/2023/10/PXD040281/Bulk.zip	NT=label free sample;AC=MS:1002038	not available	1	NT=timsTOF Pro 2;AC=MS:1003230	NT=Data-dependent acquisition;AC=PRIDE:0000627	not available	NT=Tris(2-carboxyethyl)phosphine (TCEP);AC=PRIDE:0000609	NT=Chloroacetamide (ClAA);AC=PRIDE:0000600	not available	not available	not available	NT=collision-induced dissociation;AC=MS:1000133	not available	NT=Carbamidomethyl;AC=UNIMOD:4;MT=fixed;TA=C;PP=Anywhere	NT=Oxidation;AC=UNIMOD:35;MT=variable;TA=M;PP=Anywhere	NT=Acetyl;AC=UNIMOD:1;MT=variable;PP=Protein N-term	v3.0.0	ms-proteomics v1.1.0	human v1.1.0	Dako_pH9
20220224_TIMS02_ThNo_SA_13_N756_DDA_120min_Glycerol_DVP_D5_1_8976	Homo sapiens	tonsil	not available	not available	tissue	study sample	not available	not available	not available	not available	not available	not available	not available	formalin-fixed paraffin-embedded	Citrate_pH6	20220224_TIMS02_ThNo_SA_13_N756_DDA_120min_Glycerol_DVP_D5_1_8976	proteomic profiling by mass spectrometry	20220224_TIMS02_ThNo_SA_13_N756_DDA_120min_Glycerol_DVP_D5_1_8976.d	ftp://ftp.pride.ebi.ac.uk/pride/data/archive/2023/10/PXD040281/Bulk.zip	NT=label free sample;AC=MS:1002038	not available	1	NT=timsTOF Pro 2;AC=MS:1003230	NT=Data-dependent acquisition;AC=PRIDE:0000627	not available	NT=Tris(2-carboxyethyl)phosphine (TCEP);AC=PRIDE:0000609	NT=Chloroacetamide (ClAA);AC=PRIDE:0000600	not available	not available	not available	NT=collision-induced dissociation;AC=MS:1000133	not available	NT=Carbamidomethyl;AC=UNIMOD:4;MT=fixed;TA=C;PP=Anywhere	NT=Oxidation;AC=UNIMOD:35;MT=variable;TA=M;PP=Anywhere	NT=Acetyl;AC=UNIMOD:1;MT=variable;PP=Protein N-term	v3.0.0	ms-proteomics v1.1.0	human v1.1.0	Citrate_pH6
20220224_TIMS02_ThNo_SA_14_N756_DDA_120min_Glycerol_DVP_D6_1_8955	Homo sapiens	tonsil	not available	not available	tissue	study sample	not available	not available	not available	not available	not available	not available	not available	formalin-fixed paraffin-embedded	Citrate_pH6	20220224_TIMS02_ThNo_SA_14_N756_DDA_120min_Glycerol_DVP_D6_1_8955	proteomic profiling by mass spectrometry	20220224_TIMS02_ThNo_SA_14_N756_DDA_120min_Glycerol_DVP_D6_1_8955.d	ftp://ftp.pride.ebi.ac.uk/pride/data/archive/2023/10/PXD040281/Bulk.zip	NT=label free sample;AC=MS:1002038	not available	1	NT=timsTOF Pro 2;AC=MS:1003230	NT=Data-dependent acquisition;AC=PRIDE:0000627	not available	NT=Tris(2-carboxyethyl)phosphine (TCEP);AC=PRIDE:0000609	NT=Chloroacetamide (ClAA);AC=PRIDE:0000600	not available	not available	not available	NT=collision-induced dissociation;AC=MS:1000133	not available	NT=Carbamidomethyl;AC=UNIMOD:4;MT=fixed;TA=C;PP=Anywhere	NT=Oxidation;AC=UNIMOD:35;MT=variable;TA=M;PP=Anywhere	NT=Acetyl;AC=UNIMOD:1;MT=variable;PP=Protein N-term	v3.0.0	ms-proteomics v1.1.0	human v1.1.0	Citrate_pH6
20220224_TIMS02_ThNo_SA_15_N756_DDA_120min_Glycerol_DVP_D7_1_8973	Homo sapiens	tonsil	not available	not available	tissue	study sample	not available	not available	not available	not available	not available	not available	not available	formalin-fixed paraffin-embedded	Citrate_pH6	20220224_TIMS02_ThNo_SA_15_N756_DDA_120min_Glycerol_DVP_D7_1_8973	proteomic profiling by mass spectrometry	20220224_TIMS02_ThNo_SA_15_N756_DDA_120min_Glycerol_DVP_D7_1_8973.d	ftp://ftp.pride.ebi.ac.uk/pride/data/archive/2023/10/PXD040281/Bulk.zip	NT=label free sample;AC=MS:1002038	not available	1	NT=timsTOF Pro 2;AC=MS:1003230	NT=Data-dependent acquisition;AC=PRIDE:0000627	not available	NT=Tris(2-carboxyethyl)phosphine (TCEP);AC=PRIDE:0000609	NT=Chloroacetamide (ClAA);AC=PRIDE:0000600	not available	not available	not available	NT=collision-induced dissociation;AC=MS:1000133	not available	NT=Carbamidomethyl;AC=UNIMOD:4;MT=fixed;TA=C;PP=Anywhere	NT=Oxidation;AC=UNIMOD:35;MT=variable;TA=M;PP=Anywhere	NT=Acetyl;AC=UNIMOD:1;MT=variable;PP=Protein N-term	v3.0.0	ms-proteomics v1.1.0	human v1.1.0	Citrate_pH6
20220224_TIMS02_ThNo_SA_16_N756_DDA_120min_Glycerol_DVP_D8_1_8960	Homo sapiens	tonsil	not available	not available	tissue	study sample	not available	not available	not available	not available	not available	not available	not available	formalin-fixed paraffin-embedded	Dako_pH6	20220224_TIMS02_ThNo_SA_16_N756_DDA_120min_Glycerol_DVP_D8_1_8960	proteomic profiling by mass spectrometry	20220224_TIMS02_ThNo_SA_16_N756_DDA_120min_Glycerol_DVP_D8_1_8960.d	ftp://ftp.pride.ebi.ac.uk/pride/data/archive/2023/10/PXD040281/Bulk.zip	NT=label free sample;AC=MS:1002038	not available	1	NT=timsTOF Pro 2;AC=MS:1003230	NT=Data-dependent acquisition;AC=PRIDE:0000627	not available	NT=Tris(2-carboxyethyl)phosphine (TCEP);AC=PRIDE:0000609	NT=Chloroacetamide (ClAA);AC=PRIDE:0000600	not available	not available	not available	NT=collision-induced dissociation;AC=MS:1000133	not available	NT=Carbamidomethyl;AC=UNIMOD:4;MT=fixed;TA=C;PP=Anywhere	NT=Oxidation;AC=UNIMOD:35;MT=variable;TA=M;PP=Anywhere	NT=Acetyl;AC=UNIMOD:1;MT=variable;PP=Protein N-term	v3.0.0	ms-proteomics v1.1.0	human v1.1.0	Dako_pH6
20220224_TIMS02_ThNo_SA_17_N756_DDA_120min_Glycerol_DVP_E1_1_8977	Homo sapiens	tonsil	not available	not available	tissue	study sample	not available	not available	not available	not available	not available	not available	not available	formalin-fixed paraffin-embedded	Dako_pH9_Glycerol	20220224_TIMS02_ThNo_SA_17_N756_DDA_120min_Glycerol_DVP_E1_1_8977	proteomic profiling by mass spectrometry	20220224_TIMS02_ThNo_SA_17_N756_DDA_120min_Glycerol_DVP_E1_1_8977.d	ftp://ftp.pride.ebi.ac.uk/pride/data/archive/2023/10/PXD040281/Bulk.zip	NT=label free sample;AC=MS:1002038	not available	1	NT=timsTOF Pro 2;AC=MS:1003230	NT=Data-dependent acquisition;AC=PRIDE:0000627	not available	NT=Tris(2-carboxyethyl)phosphine (TCEP);AC=PRIDE:0000609	NT=Chloroacetamide (ClAA);AC=PRIDE:0000600	not available	not available	not available	NT=collision-induced dissociation;AC=MS:1000133	not available	NT=Carbamidomethyl;AC=UNIMOD:4;MT=fixed;TA=C;PP=Anywhere	NT=Oxidation;AC=UNIMOD:35;MT=variable;TA=M;PP=Anywhere	NT=Acetyl;AC=UNIMOD:1;MT=variable;PP=Protein N-term	v3.0.0	ms-proteomics v1.1.0	human v1.1.0	Dako_pH9_Glycerol
20220224_TIMS02_ThNo_SA_18_N756_DDA_120min_Glycerol_DVP_E2_1_8970	Homo sapiens	tonsil	not available	not available	tissue	study sample	not available	not available	not available	not available	not available	not available	not available	formalin-fixed paraffin-embedded	Dako_pH9	20220224_TIMS02_ThNo_SA_18_N756_DDA_120min_Glycerol_DVP_E2_1_8970	proteomic profiling by mass spectrometry	20220224_TIMS02_ThNo_SA_18_N756_DDA_120min_Glycerol_DVP_E2_1_8970.d	ftp://ftp.pride.ebi.ac.uk/pride/data/archive/2023/10/PXD040281/Bulk.zip	NT=label free sample;AC=MS:1002038	not available	1	NT=timsTOF Pro 2;AC=MS:1003230	NT=Data-dependent acquisition;AC=PRIDE:0000627	not available	NT=Tris(2-carboxyethyl)phosphine (TCEP);AC=PRIDE:0000609	NT=Chloroacetamide (ClAA);AC=PRIDE:0000600	not available	not available	not available	NT=collision-induced dissociation;AC=MS:1000133	not available	NT=Carbamidomethyl;AC=UNIMOD:4;MT=fixed;TA=C;PP=Anywhere	NT=Oxidation;AC=UNIMOD:35;MT=variable;TA=M;PP=Anywhere	NT=Acetyl;AC=UNIMOD:1;MT=variable;PP=Protein N-term	v3.0.0	ms-proteomics v1.1.0	human v1.1.0	Dako_pH9
20220224_TIMS02_ThNo_SA_19_N756_DDA_120min_Glycerol_DVP_E3_1_8961	Homo sapiens	tonsil	not available	not available	tissue	study sample	not available	not available	not available	not available	not available	not available	not available	formalin-fixed paraffin-embedded	Dako_pH6	20220224_TIMS02_ThNo_SA_19_N756_DDA_120min_Glycerol_DVP_E3_1_8961	proteomic profiling by mass spectrometry	20220224_TIMS02_ThNo_SA_19_N756_DDA_120min_Glycerol_DVP_E3_1_8961.d	ftp://ftp.pride.ebi.ac.uk/pride/data/archive/2023/10/PXD040281/Bulk.zip	NT=label free sample;AC=MS:1002038	not available	1	NT=timsTOF Pro 2;AC=MS:1003230	NT=Data-dependent acquisition;AC=PRIDE:0000627	not available	NT=Tris(2-carboxyethyl)phosphine (TCEP);AC=PRIDE:0000609	NT=Chloroacetamide (ClAA);AC=PRIDE:0000600	not available	not available	not available	NT=collision-induced dissociation;AC=MS:1000133	not available	NT=Carbamidomethyl;AC=UNIMOD:4;MT=fixed;TA=C;PP=Anywhere	NT=Oxidation;AC=UNIMOD:35;MT=variable;TA=M;PP=Anywhere	NT=Acetyl;AC=UNIMOD:1;MT=variable;PP=Protein N-term	v3.0.0	ms-proteomics v1.1.0	human v1.1.0	Dako_pH6
20220224_TIMS02_ThNo_SA_20_N756_DDA_120min_Glycerol_DVP_E4_1_8959	Homo sapiens	tonsil	not available	not available	tissue	study sample	not available	not available	not available	not available	not available	not available	not available	formalin-fixed paraffin-embedded	Dako_pH9_Glycerol	20220224_TIMS02_ThNo_SA_20_N756_DDA_120min_Glycerol_DVP_E4_1_8959	proteomic profiling by mass spectrometry	20220224_TIMS02_ThNo_SA_20_N756_DDA_120min_Glycerol_DVP_E4_1_8959.d	ftp://ftp.pride.ebi.ac.uk/pride/data/archive/2023/10/PXD040281/Bulk.zip	NT=label free sample;AC=MS:1002038	not available	1	NT=timsTOF Pro 2;AC=MS:1003230	NT=Data-dependent acquisition;AC=PRIDE:0000627	not available	NT=Tris(2-carboxyethyl)phosphine (TCEP);AC=PRIDE:0000609	NT=Chloroacetamide (ClAA);AC=PRIDE:0000600	not available	not available	not available	NT=collision-induced dissociation;AC=MS:1000133	not available	NT=Carbamidomethyl;AC=UNIMOD:4;MT=fixed;TA=C;PP=Anywhere	NT=Oxidation;AC=UNIMOD:35;MT=variable;TA=M;PP=Anywhere	NT=Acetyl;AC=UNIMOD:1;MT=variable;PP=Protein N-term	v3.0.0	ms-proteomics v1.1.0	human v1.1.0	Dako_pH9_Glycerol
20220224_TIMS02_ThNo_SA_21_N756_DDA_120min_Glycerol_DVP_E5_1_8957	Homo sapiens	tonsil	not available	not available	tissue	study sample	not available	not available	not available	not available	not available	not available	not available	formalin-fixed paraffin-embedded	Dako_pH6_Glycerol	20220224_TIMS02_ThNo_SA_21_N756_DDA_120min_Glycerol_DVP_E5_1_8957	proteomic profiling by mass spectrometry	20220224_TIMS02_ThNo_SA_21_N756_DDA_120min_Glycerol_DVP_E5_1_8957.d	ftp://ftp.pride.ebi.ac.uk/pride/data/archive/2023/10/PXD040281/Bulk.zip	NT=label free sample;AC=MS:1002038	not available	1	NT=timsTOF Pro 2;AC=MS:1003230	NT=Data-dependent acquisition;AC=PRIDE:0000627	not available	NT=Tris(2-carboxyethyl)phosphine (TCEP);AC=PRIDE:0000609	NT=Chloroacetamide (ClAA);AC=PRIDE:0000600	not available	not available	not available	NT=collision-induced dissociation;AC=MS:1000133	not available	NT=Carbamidomethyl;AC=UNIMOD:4;MT=fixed;TA=C;PP=Anywhere	NT=Oxidation;AC=UNIMOD:35;MT=variable;TA=M;PP=Anywhere	NT=Acetyl;AC=UNIMOD:1;MT=variable;PP=Protein N-term	v3.0.0	ms-proteomics v1.1.0	human v1.1.0	Dako_pH6_Glycerol
20220224_TIMS02_ThNo_SA_22_N756_DDA_120min_Glycerol_DVP_E6_1_8979	Homo sapiens	tonsil	not available	not available	tissue	study sample	not available	not available	not available	not available	not available	not available	not available	formalin-fixed paraffin-embedded	Dako_pH9_Glycerol	20220224_TIMS02_ThNo_SA_22_N756_DDA_120min_Glycerol_DVP_E6_1_8979	proteomic profiling by mass spectrometry	20220224_TIMS02_ThNo_SA_22_N756_DDA_120min_Glycerol_DVP_E6_1_8979.d	ftp://ftp.pride.ebi.ac.uk/pride/data/archive/2023/10/PXD040281/Bulk.zip	NT=label free sample;AC=MS:1002038	not available	1	NT=timsTOF Pro 2;AC=MS:1003230	NT=Data-dependent acquisition;AC=PRIDE:0000627	not available	NT=Tris(2-carboxyethyl)phosphine (TCEP);AC=PRIDE:0000609	NT=Chloroacetamide (ClAA);AC=PRIDE:0000600	not available	not available	not available	NT=collision-induced dissociation;AC=MS:1000133	not available	NT=Carbamidomethyl;AC=UNIMOD:4;MT=fixed;TA=C;PP=Anywhere	NT=Oxidation;AC=UNIMOD:35;MT=variable;TA=M;PP=Anywhere	NT=Acetyl;AC=UNIMOD:1;MT=variable;PP=Protein N-term	v3.0.0	ms-proteomics v1.1.0	human v1.1.0	Dako_pH9_Glycerol
20220224_TIMS02_ThNo_SA_23_N756_DDA_120min_Glycerol_DVP_E7_1_8982	Homo sapiens	tonsil	not available	not available	tissue	study sample	not available	not available	not available	not available	not available	not available	not available	formalin-fixed paraffin-embedded	Dako_pH6_Glycerol	20220224_TIMS02_ThNo_SA_23_N756_DDA_120min_Glycerol_DVP_E7_1_8982	proteomic profiling by mass spectrometry	20220224_TIMS02_ThNo_SA_23_N756_DDA_120min_Glycerol_DVP_E7_1_8982.d	ftp://ftp.pride.ebi.ac.uk/pride/data/archive/2023/10/PXD040281/Bulk.zip	NT=label free sample;AC=MS:1002038	not available	1	NT=timsTOF Pro 2;AC=MS:1003230	NT=Data-dependent acquisition;AC=PRIDE:0000627	not available	NT=Tris(2-carboxyethyl)phosphine (TCEP);AC=PRIDE:0000609	NT=Chloroacetamide (ClAA);AC=PRIDE:0000600	not available	not available	not available	NT=collision-induced dissociation;AC=MS:1000133	not available	NT=Carbamidomethyl;AC=UNIMOD:4;MT=fixed;TA=C;PP=Anywhere	NT=Oxidation;AC=UNIMOD:35;MT=variable;TA=M;PP=Anywhere	NT=Acetyl;AC=UNIMOD:1;MT=variable;PP=Protein N-term	v3.0.0	ms-proteomics v1.1.0	human v1.1.0	Dako_pH6_Glycerol
20220224_TIMS02_ThNo_SA_24_N756_DDA_120min_Glycerol_DVP_E8_1_8966	Homo sapiens	tonsil	not available	not available	tissue	study sample	not available	not available	not available	not available	not available	not available	not available	formalin-fixed paraffin-embedded	Citrate_pH6	20220224_TIMS02_ThNo_SA_24_N756_DDA_120min_Glycerol_DVP_E8_1_8966	proteomic profiling by mass spectrometry	20220224_TIMS02_ThNo_SA_24_N756_DDA_120min_Glycerol_DVP_E8_1_8966.d	ftp://ftp.pride.ebi.ac.uk/pride/data/archive/2023/10/PXD040281/Bulk.zip	NT=label free sample;AC=MS:1002038	not available	1	NT=timsTOF Pro 2;AC=MS:1003230	NT=Data-dependent acquisition;AC=PRIDE:0000627	not available	NT=Tris(2-carboxyethyl)phosphine (TCEP);AC=PRIDE:0000609	NT=Chloroacetamide (ClAA);AC=PRIDE:0000600	not available	not available	not available	NT=collision-induced dissociation;AC=MS:1000133	not available	NT=Carbamidomethyl;AC=UNIMOD:4;MT=fixed;TA=C;PP=Anywhere	NT=Oxidation;AC=UNIMOD:35;MT=variable;TA=M;PP=Anywhere	NT=Acetyl;AC=UNIMOD:1;MT=variable;PP=Protein N-term	v3.0.0	ms-proteomics v1.1.0	human v1.1.0	Citrate_pH6
20220224_TIMS02_ThNo_SA_25_N756_DDA_120min_Glycerol_DVP_F1_1_8980	Homo sapiens	tonsil	not available	not available	tissue	study sample	not available	not available	not available	not available	not available	not available	not available	formalin-fixed paraffin-embedded	Dako_pH9_Glycerol	20220224_TIMS02_ThNo_SA_25_N756_DDA_120min_Glycerol_DVP_F1_1_8980	proteomic profiling by mass spectrometry	20220224_TIMS02_ThNo_SA_25_N756_DDA_120min_Glycerol_DVP_F1_1_8980.d	ftp://ftp.pride.ebi.ac.uk/pride/data/archive/2023/10/PXD040281/Bulk.zip	NT=label free sample;AC=MS:1002038	not available	1	NT=timsTOF Pro 2;AC=MS:1003230	NT=Data-dependent acquisition;AC=PRIDE:0000627	not available	NT=Tris(2-carboxyethyl)phosphine (TCEP);AC=PRIDE:0000609	NT=Chloroacetamide (ClAA);AC=PRIDE:0000600	not available	not available	not available	NT=collision-induced dissociation;AC=MS:1000133	not available	NT=Carbamidomethyl;AC=UNIMOD:4;MT=fixed;TA=C;PP=Anywhere	NT=Oxidation;AC=UNIMOD:35;MT=variable;TA=M;PP=Anywhere	NT=Acetyl;AC=UNIMOD:1;MT=variable;PP=Protein N-term	v3.0.0	ms-proteomics v1.1.0	human v1.1.0	Dako_pH9_Glycerol
20220224_TIMS02_ThNo_SA_26_N756_DDA_120min_Glycerol_DVP_F2_1_8964	Homo sapiens	tonsil	not available	not available	tissue	study sample	not available	not available	not available	not available	not available	not available	not available	formalin-fixed paraffin-embedded	Dako_pH9_Glycerol	20220224_TIMS02_ThNo_SA_26_N756_DDA_120min_Glycerol_DVP_F2_1_8964	proteomic profiling by mass spectrometry	20220224_TIMS02_ThNo_SA_26_N756_DDA_120min_Glycerol_DVP_F2_1_8964.d	ftp://ftp.pride.ebi.ac.uk/pride/data/archive/2023/10/PXD040281/Bulk.zip	NT=label free sample;AC=MS:1002038	not available	1	NT=timsTOF Pro 2;AC=MS:1003230	NT=Data-dependent acquisition;AC=PRIDE:0000627	not available	NT=Tris(2-carboxyethyl)phosphine (TCEP);AC=PRIDE:0000609	NT=Chloroacetamide (ClAA);AC=PRIDE:0000600	not available	not available	not available	NT=collision-induced dissociation;AC=MS:1000133	not available	NT=Carbamidomethyl;AC=UNIMOD:4;MT=fixed;TA=C;PP=Anywhere	NT=Oxidation;AC=UNIMOD:35;MT=variable;TA=M;PP=Anywhere	NT=Acetyl;AC=UNIMOD:1;MT=variable;PP=Protein N-term	v3.0.0	ms-proteomics v1.1.0	human v1.1.0	Dako_pH9_Glycerol
20220224_TIMS02_ThNo_SA_27_N756_DDA_120min_Glycerol_DVP_F3_1_8971	Homo sapiens	tonsil	not available	not available	tissue	study sample	not available	not available	not available	not available	not available	not available	not available	formalin-fixed paraffin-embedded	Citrate_pH6_Glycerol	20220224_TIMS02_ThNo_SA_27_N756_DDA_120min_Glycerol_DVP_F3_1_8971	proteomic profiling by mass spectrometry	20220224_TIMS02_ThNo_SA_27_N756_DDA_120min_Glycerol_DVP_F3_1_8971.d	ftp://ftp.pride.ebi.ac.uk/pride/data/archive/2023/10/PXD040281/Bulk.zip	NT=label free sample;AC=MS:1002038	not available	1	NT=timsTOF Pro 2;AC=MS:1003230	NT=Data-dependent acquisition;AC=PRIDE:0000627	not available	NT=Tris(2-carboxyethyl)phosphine (TCEP);AC=PRIDE:0000609	NT=Chloroacetamide (ClAA);AC=PRIDE:0000600	not available	not available	not available	NT=collision-induced dissociation;AC=MS:1000133	not available	NT=Carbamidomethyl;AC=UNIMOD:4;MT=fixed;TA=C;PP=Anywhere	NT=Oxidation;AC=UNIMOD:35;MT=variable;TA=M;PP=Anywhere	NT=Acetyl;AC=UNIMOD:1;MT=variable;PP=Protein N-term	v3.0.0	ms-proteomics v1.1.0	human v1.1.0	Citrate_pH6_Glycerol
20220224_TIMS02_ThNo_SA_28_N756_DDA_120min_Glycerol_DVP_F4_1_8968	Homo sapiens	tonsil	not available	not available	tissue	study sample	not available	not available	not available	not available	not available	not available	not available	formalin-fixed paraffin-embedded	Dako_pH6	20220224_TIMS02_ThNo_SA_28_N756_DDA_120min_Glycerol_DVP_F4_1_8968	proteomic profiling by mass spectrometry	20220224_TIMS02_ThNo_SA_28_N756_DDA_120min_Glycerol_DVP_F4_1_8968.d	ftp://ftp.pride.ebi.ac.uk/pride/data/archive/2023/10/PXD040281/Bulk.zip	NT=label free sample;AC=MS:1002038	not available	1	NT=timsTOF Pro 2;AC=MS:1003230	NT=Data-dependent acquisition;AC=PRIDE:0000627	not available	NT=Tris(2-carboxyethyl)phosphine (TCEP);AC=PRIDE:0000609	NT=Chloroacetamide (ClAA);AC=PRIDE:0000600	not available	not available	not available	NT=collision-induced dissociation;AC=MS:1000133	not available	NT=Carbamidomethyl;AC=UNIMOD:4;MT=fixed;TA=C;PP=Anywhere	NT=Oxidation;AC=UNIMOD:35;MT=variable;TA=M;PP=Anywhere	NT=Acetyl;AC=UNIMOD:1;MT=variable;PP=Protein N-term	v3.0.0	ms-proteomics v1.1.0	human v1.1.0	Dako_pH6
20220224_TIMS02_ThNo_SA_29_N756_DDA_120min_Glycerol_DVP_F5_1_8969	Homo sapiens	tonsil	not available	not available	tissue	study sample	not available	not available	not available	not available	not available	not available	not available	formalin-fixed paraffin-embedded	Citrate_pH6_Glycerol	20220224_TIMS02_ThNo_SA_29_N756_DDA_120min_Glycerol_DVP_F5_1_8969	proteomic profiling by mass spectrometry	20220224_TIMS02_ThNo_SA_29_N756_DDA_120min_Glycerol_DVP_F5_1_8969.d	ftp://ftp.pride.ebi.ac.uk/pride/data/archive/2023/10/PXD040281/Bulk.zip	NT=label free sample;AC=MS:1002038	not available	1	NT=timsTOF Pro 2;AC=MS:1003230	NT=Data-dependent acquisition;AC=PRIDE:0000627	not available	NT=Tris(2-carboxyethyl)phosphine (TCEP);AC=PRIDE:0000609	NT=Chloroacetamide (ClAA);AC=PRIDE:0000600	not available	not available	not available	NT=collision-induced dissociation;AC=MS:1000133	not available	NT=Carbamidomethyl;AC=UNIMOD:4;MT=fixed;TA=C;PP=Anywhere	NT=Oxidation;AC=UNIMOD:35;MT=variable;TA=M;PP=Anywhere	NT=Acetyl;AC=UNIMOD:1;MT=variable;PP=Protein N-term	v3.0.0	ms-proteomics v1.1.0	human v1.1.0	Citrate_pH6_Glycerol
20220224_TIMS02_ThNo_SA_30_N756_DDA_120min_Glycerol_DVP_4ul_F6_1_8985	Homo sapiens	tonsil	not available	not available	tissue	study sample	not available	not available	not available	not available	not available	not available	not available	formalin-fixed paraffin-embedded	Dako_pH6	20220224_TIMS02_ThNo_SA_30_N756_DDA_120min_Glycerol_DVP_4ul_F6_1_8985	proteomic profiling by mass spectrometry	20220224_TIMS02_ThNo_SA_30_N756_DDA_120min_Glycerol_DVP_4ul_F6_1_8985.d	ftp://ftp.pride.ebi.ac.uk/pride/data/archive/2023/10/PXD040281/Bulk.zip	NT=label free sample;AC=MS:1002038	not available	1	NT=timsTOF Pro 2;AC=MS:1003230	NT=Data-dependent acquisition;AC=PRIDE:0000627	not available	NT=Tris(2-carboxyethyl)phosphine (TCEP);AC=PRIDE:0000609	NT=Chloroacetamide (ClAA);AC=PRIDE:0000600	not available	not available	not available	NT=collision-induced dissociation;AC=MS:1000133	not available	NT=Carbamidomethyl;AC=UNIMOD:4;MT=fixed;TA=C;PP=Anywhere	NT=Oxidation;AC=UNIMOD:35;MT=variable;TA=M;PP=Anywhere	NT=Acetyl;AC=UNIMOD:1;MT=variable;PP=Protein N-term	v3.0.0	ms-proteomics v1.1.0	human v1.1.0	Dako_pH6
