source name	characteristics[organism]	characteristics[organism part]	characteristics[cell type]	characteristics[cell line]	characteristics[cellosaurus accession]	characteristics[material type]	characteristics[disease]	characteristics[sex]	characteristics[age]	characteristics[ancestry category]	characteristics[developmental stage]	characteristics[individual]	characteristics[pooled sample]	characteristics[sample type]	characteristics[biological replicate]	characteristics[experiment block]	characteristics[treatment]	characteristics[treatment duration]	characteristics[treatment concentration]	assay name	technology type	comment[data file]	comment[file uri]	comment[label]	comment[technical replicate]	comment[fraction identifier]	comment[instrument]	comment[proteomics data acquisition method]	comment[cleavage agent details]	comment[reduction reagent]	comment[alkylation reagent]	comment[dissociation method]	comment[collision energy]	comment[ms1 scan range]	comment[precursor mass tolerance]	comment[fragment mass tolerance]	comment[modification parameters]	comment[modification parameters]	comment[modification parameters]	comment[modification parameters]	comment[modification parameters]	comment[sdrf version]	comment[sdrf template]	comment[sdrf template]	comment[sdrf template]	factor value[experiment block]	factor value[treatment]
Inhibitors_A_DMSO_1	Homo sapiens	cervix	not available	HeLa	CVCL_0030	cell	cervical adenocarcinoma	female	30Y6M	not available	not available	CVCL_0030	not available	study sample	1	Inhibitors A	DMSO	48h	0.01% DMSO	X8504VM	proteomic profiling by mass spectrometry	X8504VM.raw	ftp://ftp.pride.ebi.ac.uk/pride/data/archive/2026/09/PXD064974/X8504VM.raw	NT=label free sample;AC=MS:1002038	1	1	NT=Orbitrap Exploris 480;AC=MS:1003028	NT=Parallel reaction monitoring;AC=PRIDE:0000629	NT=LysargiNase;AC=MS:1002708	NT=Dithiothreitol (DTT);AC=PRIDE:0000608	not available	not available	not available	not available	not available	not available	NT=Carbamidomethyl;AC=UNIMOD:4;MT=fixed;TA=C;PP=Anywhere	NT=Oxidation;AC=UNIMOD:35;MT=variable;TA=M;PP=Anywhere	NT=Methyl;AC=UNIMOD:34;MT=variable;TA=R;PP=Anywhere	NT=Dimethyl;AC=UNIMOD:36;MT=variable;TA=R;PP=Anywhere	NT=Acetyl;AC=UNIMOD:1;MT=variable;PP=Any N-term	v1.1.0	ms-proteomics v1.1.0	human v1.1.0	cell-lines v1.1.0	Inhibitors A	DMSO
Inhibitors_A_DMSO_2	Homo sapiens	cervix	not available	HeLa	CVCL_0030	cell	cervical adenocarcinoma	female	30Y6M	not available	not available	CVCL_0030	not available	study sample	2	Inhibitors A	DMSO	48h	0.01% DMSO	X8649LD	proteomic profiling by mass spectrometry	X8649LD.raw	ftp://ftp.pride.ebi.ac.uk/pride/data/archive/2026/09/PXD064974/X8649LD.raw	NT=label free sample;AC=MS:1002038	1	1	NT=Orbitrap Exploris 480;AC=MS:1003028	NT=Parallel reaction monitoring;AC=PRIDE:0000629	NT=LysargiNase;AC=MS:1002708	NT=Dithiothreitol (DTT);AC=PRIDE:0000608	not available	not available	not available	not available	not available	not available	NT=Carbamidomethyl;AC=UNIMOD:4;MT=fixed;TA=C;PP=Anywhere	NT=Oxidation;AC=UNIMOD:35;MT=variable;TA=M;PP=Anywhere	NT=Methyl;AC=UNIMOD:34;MT=variable;TA=R;PP=Anywhere	NT=Dimethyl;AC=UNIMOD:36;MT=variable;TA=R;PP=Anywhere	NT=Acetyl;AC=UNIMOD:1;MT=variable;PP=Any N-term	v1.1.0	ms-proteomics v1.1.0	human v1.1.0	cell-lines v1.1.0	Inhibitors A	DMSO
Inhibitors_A_DMSO_3	Homo sapiens	cervix	not available	HeLa	CVCL_0030	cell	cervical adenocarcinoma	female	30Y6M	not available	not available	CVCL_0030	not available	study sample	3	Inhibitors A	DMSO	48h	0.01% DMSO	X8651LD	proteomic profiling by mass spectrometry	X8651LD.raw	ftp://ftp.pride.ebi.ac.uk/pride/data/archive/2026/09/PXD064974/X8651LD.raw	NT=label free sample;AC=MS:1002038	1	1	NT=Orbitrap Exploris 480;AC=MS:1003028	NT=Parallel reaction monitoring;AC=PRIDE:0000629	NT=LysargiNase;AC=MS:1002708	NT=Dithiothreitol (DTT);AC=PRIDE:0000608	not available	not available	not available	not available	not available	not available	NT=Carbamidomethyl;AC=UNIMOD:4;MT=fixed;TA=C;PP=Anywhere	NT=Oxidation;AC=UNIMOD:35;MT=variable;TA=M;PP=Anywhere	NT=Methyl;AC=UNIMOD:34;MT=variable;TA=R;PP=Anywhere	NT=Dimethyl;AC=UNIMOD:36;MT=variable;TA=R;PP=Anywhere	NT=Acetyl;AC=UNIMOD:1;MT=variable;PP=Any N-term	v1.1.0	ms-proteomics v1.1.0	human v1.1.0	cell-lines v1.1.0	Inhibitors A	DMSO
Inhibitors_A_DMSO_4	Homo sapiens	cervix	not available	HeLa	CVCL_0030	cell	cervical adenocarcinoma	female	30Y6M	not available	not available	CVCL_0030	not available	study sample	4	Inhibitors A	DMSO	48h	0.01% DMSO	X8653LD	proteomic profiling by mass spectrometry	X8653LD.raw	ftp://ftp.pride.ebi.ac.uk/pride/data/archive/2026/09/PXD064974/X8653LD.raw	NT=label free sample;AC=MS:1002038	1	1	NT=Orbitrap Exploris 480;AC=MS:1003028	NT=Parallel reaction monitoring;AC=PRIDE:0000629	NT=LysargiNase;AC=MS:1002708	NT=Dithiothreitol (DTT);AC=PRIDE:0000608	not available	not available	not available	not available	not available	not available	NT=Carbamidomethyl;AC=UNIMOD:4;MT=fixed;TA=C;PP=Anywhere	NT=Oxidation;AC=UNIMOD:35;MT=variable;TA=M;PP=Anywhere	NT=Methyl;AC=UNIMOD:34;MT=variable;TA=R;PP=Anywhere	NT=Dimethyl;AC=UNIMOD:36;MT=variable;TA=R;PP=Anywhere	NT=Acetyl;AC=UNIMOD:1;MT=variable;PP=Any N-term	v1.1.0	ms-proteomics v1.1.0	human v1.1.0	cell-lines v1.1.0	Inhibitors A	DMSO
Inhibitors_A_DMSO_5	Homo sapiens	cervix	not available	HeLa	CVCL_0030	cell	cervical adenocarcinoma	female	30Y6M	not available	not available	CVCL_0030	not available	study sample	5	Inhibitors A	DMSO	48h	0.01% DMSO	X8655LD	proteomic profiling by mass spectrometry	X8655LD.raw	ftp://ftp.pride.ebi.ac.uk/pride/data/archive/2026/09/PXD064974/X8655LD.raw	NT=label free sample;AC=MS:1002038	1	1	NT=Orbitrap Exploris 480;AC=MS:1003028	NT=Parallel reaction monitoring;AC=PRIDE:0000629	NT=LysargiNase;AC=MS:1002708	NT=Dithiothreitol (DTT);AC=PRIDE:0000608	not available	not available	not available	not available	not available	not available	NT=Carbamidomethyl;AC=UNIMOD:4;MT=fixed;TA=C;PP=Anywhere	NT=Oxidation;AC=UNIMOD:35;MT=variable;TA=M;PP=Anywhere	NT=Methyl;AC=UNIMOD:34;MT=variable;TA=R;PP=Anywhere	NT=Dimethyl;AC=UNIMOD:36;MT=variable;TA=R;PP=Anywhere	NT=Acetyl;AC=UNIMOD:1;MT=variable;PP=Any N-term	v1.1.0	ms-proteomics v1.1.0	human v1.1.0	cell-lines v1.1.0	Inhibitors A	DMSO
Inhibitors_A_EZM2302_1	Homo sapiens	cervix	not available	HeLa	CVCL_0030	cell	cervical adenocarcinoma	female	30Y6M	not available	not available	CVCL_0030	not available	study sample	6	Inhibitors A	EZM2302	48h	1 uM EZM2302	X8603VM	proteomic profiling by mass spectrometry	X8603VM.raw	ftp://ftp.pride.ebi.ac.uk/pride/data/archive/2026/09/PXD064974/X8603VM.raw	NT=label free sample;AC=MS:1002038	1	1	NT=Orbitrap Exploris 480;AC=MS:1003028	NT=Parallel reaction monitoring;AC=PRIDE:0000629	NT=LysargiNase;AC=MS:1002708	NT=Dithiothreitol (DTT);AC=PRIDE:0000608	not available	not available	not available	not available	not available	not available	NT=Carbamidomethyl;AC=UNIMOD:4;MT=fixed;TA=C;PP=Anywhere	NT=Oxidation;AC=UNIMOD:35;MT=variable;TA=M;PP=Anywhere	NT=Methyl;AC=UNIMOD:34;MT=variable;TA=R;PP=Anywhere	NT=Dimethyl;AC=UNIMOD:36;MT=variable;TA=R;PP=Anywhere	NT=Acetyl;AC=UNIMOD:1;MT=variable;PP=Any N-term	v1.1.0	ms-proteomics v1.1.0	human v1.1.0	cell-lines v1.1.0	Inhibitors A	EZM2302
Inhibitors_A_EZM2302_2	Homo sapiens	cervix	not available	HeLa	CVCL_0030	cell	cervical adenocarcinoma	female	30Y6M	not available	not available	CVCL_0030	not available	study sample	7	Inhibitors A	EZM2302	48h	1 uM EZM2302	X8648LD	proteomic profiling by mass spectrometry	X8648LD.raw	ftp://ftp.pride.ebi.ac.uk/pride/data/archive/2026/09/PXD064974/X8648LD.raw	NT=label free sample;AC=MS:1002038	1	1	NT=Orbitrap Exploris 480;AC=MS:1003028	NT=Parallel reaction monitoring;AC=PRIDE:0000629	NT=LysargiNase;AC=MS:1002708	NT=Dithiothreitol (DTT);AC=PRIDE:0000608	not available	not available	not available	not available	not available	not available	NT=Carbamidomethyl;AC=UNIMOD:4;MT=fixed;TA=C;PP=Anywhere	NT=Oxidation;AC=UNIMOD:35;MT=variable;TA=M;PP=Anywhere	NT=Methyl;AC=UNIMOD:34;MT=variable;TA=R;PP=Anywhere	NT=Dimethyl;AC=UNIMOD:36;MT=variable;TA=R;PP=Anywhere	NT=Acetyl;AC=UNIMOD:1;MT=variable;PP=Any N-term	v1.1.0	ms-proteomics v1.1.0	human v1.1.0	cell-lines v1.1.0	Inhibitors A	EZM2302
Inhibitors_A_EZM2302_3	Homo sapiens	cervix	not available	HeLa	CVCL_0030	cell	cervical adenocarcinoma	female	30Y6M	not available	not available	CVCL_0030	not available	study sample	8	Inhibitors A	EZM2302	48h	1 uM EZM2302	X8650LD	proteomic profiling by mass spectrometry	X8650LD.raw	ftp://ftp.pride.ebi.ac.uk/pride/data/archive/2026/09/PXD064974/X8650LD.raw	NT=label free sample;AC=MS:1002038	1	1	NT=Orbitrap Exploris 480;AC=MS:1003028	NT=Parallel reaction monitoring;AC=PRIDE:0000629	NT=LysargiNase;AC=MS:1002708	NT=Dithiothreitol (DTT);AC=PRIDE:0000608	not available	not available	not available	not available	not available	not available	NT=Carbamidomethyl;AC=UNIMOD:4;MT=fixed;TA=C;PP=Anywhere	NT=Oxidation;AC=UNIMOD:35;MT=variable;TA=M;PP=Anywhere	NT=Methyl;AC=UNIMOD:34;MT=variable;TA=R;PP=Anywhere	NT=Dimethyl;AC=UNIMOD:36;MT=variable;TA=R;PP=Anywhere	NT=Acetyl;AC=UNIMOD:1;MT=variable;PP=Any N-term	v1.1.0	ms-proteomics v1.1.0	human v1.1.0	cell-lines v1.1.0	Inhibitors A	EZM2302
Inhibitors_A_EZM2302_4	Homo sapiens	cervix	not available	HeLa	CVCL_0030	cell	cervical adenocarcinoma	female	30Y6M	not available	not available	CVCL_0030	not available	study sample	9	Inhibitors A	EZM2302	48h	1 uM EZM2302	X8652LD	proteomic profiling by mass spectrometry	X8652LD.raw	ftp://ftp.pride.ebi.ac.uk/pride/data/archive/2026/09/PXD064974/X8652LD.raw	NT=label free sample;AC=MS:1002038	1	1	NT=Orbitrap Exploris 480;AC=MS:1003028	NT=Parallel reaction monitoring;AC=PRIDE:0000629	NT=LysargiNase;AC=MS:1002708	NT=Dithiothreitol (DTT);AC=PRIDE:0000608	not available	not available	not available	not available	not available	not available	NT=Carbamidomethyl;AC=UNIMOD:4;MT=fixed;TA=C;PP=Anywhere	NT=Oxidation;AC=UNIMOD:35;MT=variable;TA=M;PP=Anywhere	NT=Methyl;AC=UNIMOD:34;MT=variable;TA=R;PP=Anywhere	NT=Dimethyl;AC=UNIMOD:36;MT=variable;TA=R;PP=Anywhere	NT=Acetyl;AC=UNIMOD:1;MT=variable;PP=Any N-term	v1.1.0	ms-proteomics v1.1.0	human v1.1.0	cell-lines v1.1.0	Inhibitors A	EZM2302
Inhibitors_A_EZM2302_5	Homo sapiens	cervix	not available	HeLa	CVCL_0030	cell	cervical adenocarcinoma	female	30Y6M	not available	not available	CVCL_0030	not available	study sample	10	Inhibitors A	EZM2302	48h	1 uM EZM2302	X8654LD	proteomic profiling by mass spectrometry	X8654LD.raw	ftp://ftp.pride.ebi.ac.uk/pride/data/archive/2026/09/PXD064974/X8654LD.raw	NT=label free sample;AC=MS:1002038	1	1	NT=Orbitrap Exploris 480;AC=MS:1003028	NT=Parallel reaction monitoring;AC=PRIDE:0000629	NT=LysargiNase;AC=MS:1002708	NT=Dithiothreitol (DTT);AC=PRIDE:0000608	not available	not available	not available	not available	not available	not available	NT=Carbamidomethyl;AC=UNIMOD:4;MT=fixed;TA=C;PP=Anywhere	NT=Oxidation;AC=UNIMOD:35;MT=variable;TA=M;PP=Anywhere	NT=Methyl;AC=UNIMOD:34;MT=variable;TA=R;PP=Anywhere	NT=Dimethyl;AC=UNIMOD:36;MT=variable;TA=R;PP=Anywhere	NT=Acetyl;AC=UNIMOD:1;MT=variable;PP=Any N-term	v1.1.0	ms-proteomics v1.1.0	human v1.1.0	cell-lines v1.1.0	Inhibitors A	EZM2302
