source name	characteristics[organism]	characteristics[organism part]	characteristics[material type]	characteristics[disease]	characteristics[sex]	characteristics[age]	characteristics[developmental stage]	characteristics[individual]	characteristics[pooled sample]	characteristics[sample type]	characteristics[biological replicate]	characteristics[strain or breed]	assay name	technology type	comment[data file]	comment[file uri]	comment[label]	comment[technical replicate]	comment[fraction identifier]	comment[instrument]	comment[proteomics data acquisition method]	comment[cleavage agent details]	comment[reduction reagent]	comment[alkylation reagent]	comment[dissociation method]	comment[collision energy]	comment[ms1 scan range]	comment[isolation window width]	comment[precursor mass tolerance]	comment[fragment mass tolerance]	comment[modification parameters]	comment[sdrf version]	comment[sdrf template]	comment[sdrf template]	comment[sdrf template]	factor value[organism]
RabbitTears_01	Oryctolagus cuniculus	tear	not available	normal	not available	not available	not available	RabbitTears_01	not pooled	study sample	11	New Zealand White	RabbitTears_01	proteomic profiling by mass spectrometry	RabbitTears_01.raw	ftp://ftp.pride.ebi.ac.uk/pride/data/archive/2026/09/PXD072372/RabbitTears_01.raw	NT=label free sample;AC=MS:1002038	1	1	NT=Orbitrap Eclipse;AC=MS:1003029	NT=Data-independent acquisition;AC=PRIDE:0000450	NT=Trypsin;AC=MS:1001251	NT=Dithiothreitol (DTT);AC=PRIDE:0000608	NT=Iodoacetamide (IAA);AC=PRIDE:0000599	NT=beam-type collision-induced dissociation;AC=MS:1000422	30 NCE	400m/z-1200m/z	10	10 ppm	not available	NT=Carbamidomethyl;AC=UNIMOD:4;MT=fixed;TA=C;PP=Anywhere	v1.1.0	ms-proteomics v1.1.0	vertebrates v1.1.0	dia-acquisition v1.1.0	Oryctolagus cuniculus
RabbitTears_02	Oryctolagus cuniculus	tear	not available	normal	not available	not available	not available	RabbitTears_02	not pooled	study sample	12	New Zealand White	RabbitTears_02	proteomic profiling by mass spectrometry	RabbitTears_02.raw	ftp://ftp.pride.ebi.ac.uk/pride/data/archive/2026/09/PXD072372/RabbitTears_02.raw	NT=label free sample;AC=MS:1002038	1	1	NT=Orbitrap Eclipse;AC=MS:1003029	NT=Data-independent acquisition;AC=PRIDE:0000450	NT=Trypsin;AC=MS:1001251	NT=Dithiothreitol (DTT);AC=PRIDE:0000608	NT=Iodoacetamide (IAA);AC=PRIDE:0000599	NT=beam-type collision-induced dissociation;AC=MS:1000422	30 NCE	400m/z-1200m/z	10	10 ppm	not available	NT=Carbamidomethyl;AC=UNIMOD:4;MT=fixed;TA=C;PP=Anywhere	v1.1.0	ms-proteomics v1.1.0	vertebrates v1.1.0	dia-acquisition v1.1.0	Oryctolagus cuniculus
RabbitTears_03	Oryctolagus cuniculus	tear	not available	normal	not available	not available	not available	RabbitTears_03	not pooled	study sample	13	New Zealand White	RabbitTears_03	proteomic profiling by mass spectrometry	RabbitTears_03.raw	ftp://ftp.pride.ebi.ac.uk/pride/data/archive/2026/09/PXD072372/RabbitTears_03.raw	NT=label free sample;AC=MS:1002038	1	1	NT=Orbitrap Eclipse;AC=MS:1003029	NT=Data-independent acquisition;AC=PRIDE:0000450	NT=Trypsin;AC=MS:1001251	NT=Dithiothreitol (DTT);AC=PRIDE:0000608	NT=Iodoacetamide (IAA);AC=PRIDE:0000599	NT=beam-type collision-induced dissociation;AC=MS:1000422	30 NCE	400m/z-1200m/z	10	10 ppm	not available	NT=Carbamidomethyl;AC=UNIMOD:4;MT=fixed;TA=C;PP=Anywhere	v1.1.0	ms-proteomics v1.1.0	vertebrates v1.1.0	dia-acquisition v1.1.0	Oryctolagus cuniculus
RabbitTears_04	Oryctolagus cuniculus	tear	not available	normal	not available	not available	not available	RabbitTears_04	not pooled	study sample	14	New Zealand White	RabbitTears_04	proteomic profiling by mass spectrometry	RabbitTears_04.raw	ftp://ftp.pride.ebi.ac.uk/pride/data/archive/2026/09/PXD072372/RabbitTears_04.raw	NT=label free sample;AC=MS:1002038	1	1	NT=Orbitrap Eclipse;AC=MS:1003029	NT=Data-independent acquisition;AC=PRIDE:0000450	NT=Trypsin;AC=MS:1001251	NT=Dithiothreitol (DTT);AC=PRIDE:0000608	NT=Iodoacetamide (IAA);AC=PRIDE:0000599	NT=beam-type collision-induced dissociation;AC=MS:1000422	30 NCE	400m/z-1200m/z	10	10 ppm	not available	NT=Carbamidomethyl;AC=UNIMOD:4;MT=fixed;TA=C;PP=Anywhere	v1.1.0	ms-proteomics v1.1.0	vertebrates v1.1.0	dia-acquisition v1.1.0	Oryctolagus cuniculus
RabbitTears_05	Oryctolagus cuniculus	tear	not available	normal	not available	not available	not available	RabbitTears_05	not pooled	study sample	15	New Zealand White	RabbitTears_05	proteomic profiling by mass spectrometry	RabbitTears_05.raw	ftp://ftp.pride.ebi.ac.uk/pride/data/archive/2026/09/PXD072372/RabbitTears_05.raw	NT=label free sample;AC=MS:1002038	1	1	NT=Orbitrap Eclipse;AC=MS:1003029	NT=Data-independent acquisition;AC=PRIDE:0000450	NT=Trypsin;AC=MS:1001251	NT=Dithiothreitol (DTT);AC=PRIDE:0000608	NT=Iodoacetamide (IAA);AC=PRIDE:0000599	NT=beam-type collision-induced dissociation;AC=MS:1000422	30 NCE	400m/z-1200m/z	10	10 ppm	not available	NT=Carbamidomethyl;AC=UNIMOD:4;MT=fixed;TA=C;PP=Anywhere	v1.1.0	ms-proteomics v1.1.0	vertebrates v1.1.0	dia-acquisition v1.1.0	Oryctolagus cuniculus
RabbitTears_06	Oryctolagus cuniculus	tear	not available	normal	not available	not available	not available	RabbitTears_06	not pooled	study sample	16	New Zealand White	RabbitTears_06	proteomic profiling by mass spectrometry	RabbitTears_06.raw	ftp://ftp.pride.ebi.ac.uk/pride/data/archive/2026/09/PXD072372/RabbitTears_06.raw	NT=label free sample;AC=MS:1002038	1	1	NT=Orbitrap Eclipse;AC=MS:1003029	NT=Data-independent acquisition;AC=PRIDE:0000450	NT=Trypsin;AC=MS:1001251	NT=Dithiothreitol (DTT);AC=PRIDE:0000608	NT=Iodoacetamide (IAA);AC=PRIDE:0000599	NT=beam-type collision-induced dissociation;AC=MS:1000422	30 NCE	400m/z-1200m/z	10	10 ppm	not available	NT=Carbamidomethyl;AC=UNIMOD:4;MT=fixed;TA=C;PP=Anywhere	v1.1.0	ms-proteomics v1.1.0	vertebrates v1.1.0	dia-acquisition v1.1.0	Oryctolagus cuniculus
RabbitTears_07	Oryctolagus cuniculus	tear	not available	normal	not available	not available	not available	RabbitTears_07	not pooled	study sample	17	New Zealand White	RabbitTears_07	proteomic profiling by mass spectrometry	RabbitTears_07.raw	ftp://ftp.pride.ebi.ac.uk/pride/data/archive/2026/09/PXD072372/RabbitTears_07.raw	NT=label free sample;AC=MS:1002038	1	1	NT=Orbitrap Eclipse;AC=MS:1003029	NT=Data-independent acquisition;AC=PRIDE:0000450	NT=Trypsin;AC=MS:1001251	NT=Dithiothreitol (DTT);AC=PRIDE:0000608	NT=Iodoacetamide (IAA);AC=PRIDE:0000599	NT=beam-type collision-induced dissociation;AC=MS:1000422	30 NCE	400m/z-1200m/z	10	10 ppm	not available	NT=Carbamidomethyl;AC=UNIMOD:4;MT=fixed;TA=C;PP=Anywhere	v1.1.0	ms-proteomics v1.1.0	vertebrates v1.1.0	dia-acquisition v1.1.0	Oryctolagus cuniculus
RabbitTears_08	Oryctolagus cuniculus	tear	not available	normal	not available	not available	not available	RabbitTears_08	not pooled	study sample	18	New Zealand White	RabbitTears_08	proteomic profiling by mass spectrometry	RabbitTears_08.raw	ftp://ftp.pride.ebi.ac.uk/pride/data/archive/2026/09/PXD072372/RabbitTears_08.raw	NT=label free sample;AC=MS:1002038	1	1	NT=Orbitrap Eclipse;AC=MS:1003029	NT=Data-independent acquisition;AC=PRIDE:0000450	NT=Trypsin;AC=MS:1001251	NT=Dithiothreitol (DTT);AC=PRIDE:0000608	NT=Iodoacetamide (IAA);AC=PRIDE:0000599	NT=beam-type collision-induced dissociation;AC=MS:1000422	30 NCE	400m/z-1200m/z	10	10 ppm	not available	NT=Carbamidomethyl;AC=UNIMOD:4;MT=fixed;TA=C;PP=Anywhere	v1.1.0	ms-proteomics v1.1.0	vertebrates v1.1.0	dia-acquisition v1.1.0	Oryctolagus cuniculus
RabbitTears_09	Oryctolagus cuniculus	tear	not available	normal	not available	not available	not available	RabbitTears_09	not pooled	study sample	19	New Zealand White	RabbitTears_09	proteomic profiling by mass spectrometry	RabbitTears_09.raw	ftp://ftp.pride.ebi.ac.uk/pride/data/archive/2026/09/PXD072372/RabbitTears_09.raw	NT=label free sample;AC=MS:1002038	1	1	NT=Orbitrap Eclipse;AC=MS:1003029	NT=Data-independent acquisition;AC=PRIDE:0000450	NT=Trypsin;AC=MS:1001251	NT=Dithiothreitol (DTT);AC=PRIDE:0000608	NT=Iodoacetamide (IAA);AC=PRIDE:0000599	NT=beam-type collision-induced dissociation;AC=MS:1000422	30 NCE	400m/z-1200m/z	10	10 ppm	not available	NT=Carbamidomethyl;AC=UNIMOD:4;MT=fixed;TA=C;PP=Anywhere	v1.1.0	ms-proteomics v1.1.0	vertebrates v1.1.0	dia-acquisition v1.1.0	Oryctolagus cuniculus
RabbitTears_10	Oryctolagus cuniculus	tear	not available	normal	not available	not available	not available	RabbitTears_10	not pooled	study sample	20	New Zealand White	RabbitTears_10	proteomic profiling by mass spectrometry	RabbitTears_10.raw	ftp://ftp.pride.ebi.ac.uk/pride/data/archive/2026/09/PXD072372/RabbitTears_10.raw	NT=label free sample;AC=MS:1002038	1	1	NT=Orbitrap Eclipse;AC=MS:1003029	NT=Data-independent acquisition;AC=PRIDE:0000450	NT=Trypsin;AC=MS:1001251	NT=Dithiothreitol (DTT);AC=PRIDE:0000608	NT=Iodoacetamide (IAA);AC=PRIDE:0000599	NT=beam-type collision-induced dissociation;AC=MS:1000422	30 NCE	400m/z-1200m/z	10	10 ppm	not available	NT=Carbamidomethyl;AC=UNIMOD:4;MT=fixed;TA=C;PP=Anywhere	v1.1.0	ms-proteomics v1.1.0	vertebrates v1.1.0	dia-acquisition v1.1.0	Oryctolagus cuniculus
