source name	characteristics[organism]	characteristics[organism part]	characteristics[material type]	characteristics[disease]	characteristics[sex]	characteristics[age]	characteristics[developmental stage]	characteristics[individual]	characteristics[pooled sample]	characteristics[sample type]	characteristics[biological replicate]	characteristics[ancestry category]	assay name	technology type	comment[data file]	comment[file uri]	comment[label]	comment[technical replicate]	comment[fraction identifier]	comment[instrument]	comment[proteomics data acquisition method]	comment[cleavage agent details]	comment[reduction reagent]	comment[alkylation reagent]	comment[dissociation method]	comment[collision energy]	comment[ms1 scan range]	comment[isolation window width]	comment[precursor mass tolerance]	comment[fragment mass tolerance]	comment[modification parameters]	comment[sdrf version]	comment[sdrf template]	comment[sdrf template]	comment[sdrf template]	factor value[organism]
TP024	Homo sapiens	tear	not available	normal	not available	not available	not available	TP024	not pooled	study sample	1	not available	TP024	proteomic profiling by mass spectrometry	TP024.raw	ftp://ftp.pride.ebi.ac.uk/pride/data/archive/2026/09/PXD072372/TP024.raw	NT=label free sample;AC=MS:1002038	1	1	NT=Orbitrap Eclipse;AC=MS:1003029	NT=Data-independent acquisition;AC=PRIDE:0000450	NT=Trypsin;AC=MS:1001251	NT=Dithiothreitol (DTT);AC=PRIDE:0000608	NT=Iodoacetamide (IAA);AC=PRIDE:0000599	NT=beam-type collision-induced dissociation;AC=MS:1000422	30 NCE	375m/z-1500m/z	10	10 ppm	not available	NT=Carbamidomethyl;AC=UNIMOD:4;MT=fixed;TA=C;PP=Anywhere	v1.1.0	ms-proteomics v1.1.0	human v1.1.0	dia-acquisition v1.1.0	Homo sapiens
TP046	Homo sapiens	tear	not available	normal	not available	not available	not available	TP046	not pooled	study sample	2	not available	TP046	proteomic profiling by mass spectrometry	TP046.raw	ftp://ftp.pride.ebi.ac.uk/pride/data/archive/2026/09/PXD072372/TP046.raw	NT=label free sample;AC=MS:1002038	1	1	NT=Orbitrap Eclipse;AC=MS:1003029	NT=Data-independent acquisition;AC=PRIDE:0000450	NT=Trypsin;AC=MS:1001251	NT=Dithiothreitol (DTT);AC=PRIDE:0000608	NT=Iodoacetamide (IAA);AC=PRIDE:0000599	NT=beam-type collision-induced dissociation;AC=MS:1000422	30 NCE	375m/z-1500m/z	10	10 ppm	not available	NT=Carbamidomethyl;AC=UNIMOD:4;MT=fixed;TA=C;PP=Anywhere	v1.1.0	ms-proteomics v1.1.0	human v1.1.0	dia-acquisition v1.1.0	Homo sapiens
TP050	Homo sapiens	tear	not available	normal	not available	not available	not available	TP050	not pooled	study sample	3	not available	TP050	proteomic profiling by mass spectrometry	TP050.raw	ftp://ftp.pride.ebi.ac.uk/pride/data/archive/2026/09/PXD072372/TP050.raw	NT=label free sample;AC=MS:1002038	1	1	NT=Orbitrap Eclipse;AC=MS:1003029	NT=Data-independent acquisition;AC=PRIDE:0000450	NT=Trypsin;AC=MS:1001251	NT=Dithiothreitol (DTT);AC=PRIDE:0000608	NT=Iodoacetamide (IAA);AC=PRIDE:0000599	NT=beam-type collision-induced dissociation;AC=MS:1000422	30 NCE	375m/z-1500m/z	10	10 ppm	not available	NT=Carbamidomethyl;AC=UNIMOD:4;MT=fixed;TA=C;PP=Anywhere	v1.1.0	ms-proteomics v1.1.0	human v1.1.0	dia-acquisition v1.1.0	Homo sapiens
TP067	Homo sapiens	tear	not available	normal	not available	not available	not available	TP067	not pooled	study sample	4	not available	TP067	proteomic profiling by mass spectrometry	TP067.raw	ftp://ftp.pride.ebi.ac.uk/pride/data/archive/2026/09/PXD072372/TP067.raw	NT=label free sample;AC=MS:1002038	1	1	NT=Orbitrap Eclipse;AC=MS:1003029	NT=Data-independent acquisition;AC=PRIDE:0000450	NT=Trypsin;AC=MS:1001251	NT=Dithiothreitol (DTT);AC=PRIDE:0000608	NT=Iodoacetamide (IAA);AC=PRIDE:0000599	NT=beam-type collision-induced dissociation;AC=MS:1000422	30 NCE	375m/z-1500m/z	10	10 ppm	not available	NT=Carbamidomethyl;AC=UNIMOD:4;MT=fixed;TA=C;PP=Anywhere	v1.1.0	ms-proteomics v1.1.0	human v1.1.0	dia-acquisition v1.1.0	Homo sapiens
TP068	Homo sapiens	tear	not available	normal	not available	not available	not available	TP068	not pooled	study sample	5	not available	TP068	proteomic profiling by mass spectrometry	TP068.raw	ftp://ftp.pride.ebi.ac.uk/pride/data/archive/2026/09/PXD072372/TP068.raw	NT=label free sample;AC=MS:1002038	1	1	NT=Orbitrap Eclipse;AC=MS:1003029	NT=Data-independent acquisition;AC=PRIDE:0000450	NT=Trypsin;AC=MS:1001251	NT=Dithiothreitol (DTT);AC=PRIDE:0000608	NT=Iodoacetamide (IAA);AC=PRIDE:0000599	NT=beam-type collision-induced dissociation;AC=MS:1000422	30 NCE	375m/z-1500m/z	10	10 ppm	not available	NT=Carbamidomethyl;AC=UNIMOD:4;MT=fixed;TA=C;PP=Anywhere	v1.1.0	ms-proteomics v1.1.0	human v1.1.0	dia-acquisition v1.1.0	Homo sapiens
TP079	Homo sapiens	tear	not available	normal	not available	not available	not available	TP079	not pooled	study sample	6	not available	TP079	proteomic profiling by mass spectrometry	TP079.raw	ftp://ftp.pride.ebi.ac.uk/pride/data/archive/2026/09/PXD072372/TP079.raw	NT=label free sample;AC=MS:1002038	1	1	NT=Orbitrap Eclipse;AC=MS:1003029	NT=Data-independent acquisition;AC=PRIDE:0000450	NT=Trypsin;AC=MS:1001251	NT=Dithiothreitol (DTT);AC=PRIDE:0000608	NT=Iodoacetamide (IAA);AC=PRIDE:0000599	NT=beam-type collision-induced dissociation;AC=MS:1000422	30 NCE	375m/z-1500m/z	10	10 ppm	not available	NT=Carbamidomethyl;AC=UNIMOD:4;MT=fixed;TA=C;PP=Anywhere	v1.1.0	ms-proteomics v1.1.0	human v1.1.0	dia-acquisition v1.1.0	Homo sapiens
TP080	Homo sapiens	tear	not available	normal	not available	not available	not available	TP080	not pooled	study sample	7	not available	TP080	proteomic profiling by mass spectrometry	TP080.raw	ftp://ftp.pride.ebi.ac.uk/pride/data/archive/2026/09/PXD072372/TP080.raw	NT=label free sample;AC=MS:1002038	1	1	NT=Orbitrap Eclipse;AC=MS:1003029	NT=Data-independent acquisition;AC=PRIDE:0000450	NT=Trypsin;AC=MS:1001251	NT=Dithiothreitol (DTT);AC=PRIDE:0000608	NT=Iodoacetamide (IAA);AC=PRIDE:0000599	NT=beam-type collision-induced dissociation;AC=MS:1000422	30 NCE	375m/z-1500m/z	10	10 ppm	not available	NT=Carbamidomethyl;AC=UNIMOD:4;MT=fixed;TA=C;PP=Anywhere	v1.1.0	ms-proteomics v1.1.0	human v1.1.0	dia-acquisition v1.1.0	Homo sapiens
TP083	Homo sapiens	tear	not available	normal	not available	not available	not available	TP083	not pooled	study sample	8	not available	TP083	proteomic profiling by mass spectrometry	TP083.raw	ftp://ftp.pride.ebi.ac.uk/pride/data/archive/2026/09/PXD072372/TP083.raw	NT=label free sample;AC=MS:1002038	1	1	NT=Orbitrap Eclipse;AC=MS:1003029	NT=Data-independent acquisition;AC=PRIDE:0000450	NT=Trypsin;AC=MS:1001251	NT=Dithiothreitol (DTT);AC=PRIDE:0000608	NT=Iodoacetamide (IAA);AC=PRIDE:0000599	NT=beam-type collision-induced dissociation;AC=MS:1000422	30 NCE	375m/z-1500m/z	10	10 ppm	not available	NT=Carbamidomethyl;AC=UNIMOD:4;MT=fixed;TA=C;PP=Anywhere	v1.1.0	ms-proteomics v1.1.0	human v1.1.0	dia-acquisition v1.1.0	Homo sapiens
TP084	Homo sapiens	tear	not available	normal	not available	not available	not available	TP084	not pooled	study sample	9	not available	TP084	proteomic profiling by mass spectrometry	TP084.raw	ftp://ftp.pride.ebi.ac.uk/pride/data/archive/2026/09/PXD072372/TP084.raw	NT=label free sample;AC=MS:1002038	1	1	NT=Orbitrap Eclipse;AC=MS:1003029	NT=Data-independent acquisition;AC=PRIDE:0000450	NT=Trypsin;AC=MS:1001251	NT=Dithiothreitol (DTT);AC=PRIDE:0000608	NT=Iodoacetamide (IAA);AC=PRIDE:0000599	NT=beam-type collision-induced dissociation;AC=MS:1000422	30 NCE	375m/z-1500m/z	10	10 ppm	not available	NT=Carbamidomethyl;AC=UNIMOD:4;MT=fixed;TA=C;PP=Anywhere	v1.1.0	ms-proteomics v1.1.0	human v1.1.0	dia-acquisition v1.1.0	Homo sapiens
TP184	Homo sapiens	tear	not available	normal	not available	not available	not available	TP184	not pooled	study sample	10	not available	TP184	proteomic profiling by mass spectrometry	TP184.raw	ftp://ftp.pride.ebi.ac.uk/pride/data/archive/2026/09/PXD072372/TP184.raw	NT=label free sample;AC=MS:1002038	1	1	NT=Orbitrap Eclipse;AC=MS:1003029	NT=Data-independent acquisition;AC=PRIDE:0000450	NT=Trypsin;AC=MS:1001251	NT=Dithiothreitol (DTT);AC=PRIDE:0000608	NT=Iodoacetamide (IAA);AC=PRIDE:0000599	NT=beam-type collision-induced dissociation;AC=MS:1000422	30 NCE	375m/z-1500m/z	10	10 ppm	not available	NT=Carbamidomethyl;AC=UNIMOD:4;MT=fixed;TA=C;PP=Anywhere	v1.1.0	ms-proteomics v1.1.0	human v1.1.0	dia-acquisition v1.1.0	Homo sapiens
